Product ID,Category,Product Description,Quantity Type,Case Size,Price,Quantity,Favourite
115669521,Alcohol,Tennents Bavarian Pilsner 4x440ml (4.7%),CS,6,28.86,,
114600215,Sugar & Baking,Tate & Lyle Granulated Sugar 1kg,CS,15,13.5,,
113341477,Protein & Functional Drinks,Grenade Protein Shake Fudge Brownie 330ml,CS,8,12,,
115334908,Soft Drinks & Juice,M Cherry Cola 2l,CS,8,4.8,,
114761035,Protein & Functional Drinks,Lipton Kombucha Mango & Passionfruit 4x250ml,CS,6,12.57,,
114745035,Laundry & Fabric Care,M Summer Burst Fabric Conditioner 40W 1000ml,CS,8,9.92,,
115254932,"Condiments, Sauces & Chutneys",(B) Rollover Mustard 10x1l,CS,10,43.1,,
114714562,Protein & Functional Drinks,Rubicon Spring Still Vitamin Mango Passion 500ml,CS,12,9.47,,
106239458,Ready Meals & Prepared Food,M Sausage Casserole 500g,CS,6,6.6,,
114117805,Soft Drinks & Juice,Bigga Black Grape 600ml,CS,12,11.04,,
112710947,"Condiments, Sauces & Chutneys",M Best Jalapeno Chilli Jam Chutney 215g,CS,6,7.2,,
110462062,Alcohol,M Dishwasher Cleaner Original 250ml,CS,7,7,,
106368014,Cleaning Tools & Accessories,M Savers Sponge Scourers 10pk,CS,10,3.2,,
115338440,Alcohol,Shades The Originals 150g,CS,24,25.2,,
113823038,"Tea, Coffee & Sweeteners",Splenda Sweet Mini 100pk,CS,12,12.6,,
108407241,"Condiments, Sauces & Chutneys",M Best Strawberry Conserve 340g,CS,6,8.4,,
112453856,"Condiments, Sauces & Chutneys",M Green Pesto Microwave Pasta 200g,CS,9,8.55,,
115629001,Protein & Functional Drinks,Water Junkie Reishi Rhubarb Rose & Vanilla 250ml,CS,12,13.2,,
114714538,Soft Drinks & Juice,Rubicon Spring Vits Black Cherry Pomegranate 500ml,CS,12,9.47,,
114117928,Soft Drinks & Juice,Bigga Pineapple 600ml,CS,12,11.04,,
114116685,Soft Drinks & Juice,Bigga Fruit Punch 600ml,CS,12,11.04,,
113771397,"Rice, Pasta & Noodles",M Savers Instant Curry Noodles 65g,CS,18,4.68,,
114624719,Soft Drinks & Juice,Pepsi Cherry 330ml,CS,24,12,,
106396525,Alcohol,M Washing Up Liquid Original 450ml,CS,12,5.76,,
115165075,Energy Drinks,Oxyshred Energy Passionfruit 355ml,CS,12,10.5,,
104582391,Breakfast Cereals & Muesli,M Savers Muesli 1kg,CS,6,10.5,,
114774223,Alcohol,Boost Energy Original 4x250ml,CS,6,8.7,,
104006757,Soft Drinks & Juice,Lipton Ice Tea Lemon 500ml,CS,12,10.05,,
112710971,"Condiments, Sauces & Chutneys",M Best Caramelised Balsamic Onion Chutney 205g,CS,6,7.2,,
115310623,Protein & Functional Drinks,Purdeys Orange & Mango 4x250ml,CS,6,13,,
115629124,Protein & Functional Drinks,Water Junkie Lions Mane Tangerine & Citrus 250ml,CS,12,13.2,,
113759945,Snacks & Crisps,M Giant Cheese Puffs 125g,CS,12,8.4,,
113582191,Protein & Functional Drinks,Fix8 Sicilian Citrus Kombucha 250ml,CS,12,9.4,,
115255986,"Condiments, Sauces & Chutneys",(B) Rollover Tomato Ketchup 10x1l,CS,10,43.1,,
113404423,Soft Drinks & Juice,Diet Coke 18x330ml,CS,1,5.2,,
113404431,Soft Drinks & Juice,Coca Cola Zero 18x330ml,CS,1,5.2,,
113355211,Protein & Functional Drinks,Grenade Protein Shakes White Chocolate 330ml,CS,8,12,,
115467647,Protein & Functional Drinks,Huel Daily Pineapple & Mango Multi-Vit Drink 330ml,CS,12,13.92,,
111117818,Energy Drinks,Carabao Energy Drink Mixed Berry 330ml,CS,12,6.6,,
115329447,Soft Drinks & Juice,Pepsi Max Caffeine Free 500ml,CS,12,9.48,,
115363442,Soft Drinks & Juice,M Pink Lemonade 2l,CS,8,5.2,,
115338001,Energy Drinks,Monster Rossi Zero Sugar 500ml,CS,12,15.6,,
115467671,Protein & Functional Drinks,Huel Daily Cherry & R/berry Multi-Vit Drink 330ml,CS,12,13.92,,
105761148,"Rice, Pasta & Noodles",M Straight to Wok Medium Noodles 2x150g,CS,6,4.2,,
113685430,"Rice, Pasta & Noodles",M Long Grain Boil in The Bag Rice 4x125g,CS,12,9,,
111181166,Pet Food,M Dog Food in Gravy 12x100g,CS,4,9.32,,
115396877,Alcohol,Sierra Tequila Blanco 50cl (35%),CS,6,78,,
115197237,Soft Drinks & Juice,Capri-Sun Cherry 330ml,CS,15,11.55,,
113072385,Energy Drinks,Red Bull Sugar Free 12x250ml,CS,2,22.36,,
115165112,Energy Drinks,Oxyshred Energy Kiwi Strawberry 355ml,CS,12,10.5,,
113582254,Alcohol,Fix8 Ginger Turmeric Kombucha 250ml,CS,12,9.4,,
104558623,"Condiments, Sauces & Chutneys",M Honey & Mustard 495g,CS,6,6.6,,
115397001,Alcohol,Sierra Tequila Reposado 50cl (35%),CS,6,78,,
105517858,Other Grocery,M Lime Scale Prevent Tablets 15pk,CS,5,5,,
115484156,Soft Drinks & Juice,Mogu Mogu Nata De Coco Drink Mango Flavour 320ml,CS,12,8.65,,
105661841,Other Grocery,M Cous Cous 500g,CS,5,3.9,,
105515238,Other Grocery,M Macaroni Cheese 395g,CS,24,19.2,,
115485386,Soft Drinks & Juice,Mogu Mogu Nata De Coco Drink Lychee Flavour 320ml,CS,12,8.65,,
115410595,"Rice, Pasta & Noodles",Itsu Chickn Ramen Instant Noodles & Broth Pot 64g,CS,6,8.4,,
115280364,Soft Drinks & Juice,Dr. Oetker Chocolatey Sprinkles Mix 4 Cell 103g,CS,4,6.8,,
115209111,Alcohol,Nescafe Original Instant Coffee 190g,CS,10,48.2,,
112639773,Soft Drinks & Juice,Mars Triple Treat Fruit Nut & Chocolate 40g,CS,18,12.6,,
113346753,Other Grocery,Urban Fruit Magnificent Mango 100g,CS,6,11.7,,
113724486,Household Cleaning,Persil Bio Liquid Detergent 35W 945ml,CS,6,31.5,,
113709358,Household Cleaning,Persil Non Bio Liquid Detergent 35 Washes 945ml,CS,6,31.5,,
109311419,Other Grocery,Milka Bubbly White 95g,CS,15,17.4,,
114404020,Other Grocery,M Red Food Colouring 38ml,CS,8,8.8,,
113456047,Other Grocery,Bear Fruit Splits Strawberry & Apple 5x20g,CS,8,14,,
112639837,Soft Drinks & Juice,Snickers Triple Treat Fruit Nut & Chocolate 40g,CS,18,10.8,,
105208158,"Condiments, Sauces & Chutneys",Crucials Garlic Mayo 500g,CS,12,14.76,,
110507697,Alcohol,Merrydown Original Medium Cider 750ml (6.8%),CS,6,12,,
115346503,Other Grocery,Webbox Tasty Sticks With Chicken & Liver 7pk,CS,20,19.2,,
115118324,Sugar & Baking,Tate And Lyle White Granulated Sugar 5kg,CS,1,4.4,,
113045125,Other Grocery,Spontex Microfibre Cloth 4pk,CS,8,11,,
113480506,Other Grocery,M Sweetcorn in Water 326g,CS,12,7.2,,
115578347,Other Grocery,Tate & Lyle Fairtrade Demerara Cubes 500g,CS,10,13.7,,
111697437,Cleaning Tools & Accessories,Spontex Tough Scourer 4pk,CS,12,9,,
115578793,Sugar & Baking,Tate & Lyle Fairtrade Golden Caster Sugar 1kg,CS,10,16,,
114428937,Other Grocery,C4 Millions Strawberry 500ml,CS,12,7.5,,
114197921,Alcohol,Sellotape Original Golden each,CS,12,10.8,,
114813501,Sugar & Baking,Tate & Lyle Jam Sugar 1kg,CS,10,19,,
114757124,"Condiments, Sauces & Chutneys",Seabrook Cheddar & Chutney 125g,CS,8,8.8,,
115595551,Snacks & Crisps,Space Raiders Beef Crisps 70g £1.35 PMP,CS,20,13.5,,
115578603,Sugar & Baking,Tate & Lyle Fairtrade White Sugar Cubes 500g,CS,10,10.3,,
115578081,Sugar & Baking,Tate & Lyle Caster Sugar 500g,CS,10,7.5,,
115577993,Sugar & Baking,Tate & Lyle Caster Sugar 2kg,CS,6,15.78,,
113303913,Cleaning Tools & Accessories,Spontex Mosaik Non Scratch Scourers 2pk,CS,10,4.5,,
115578451,Other Grocery,Tate & Lyle Sucralose 300 Tablets,CS,12,11.4,,
115352111,Soft Drinks & Juice,Diet Coke Caffeine Free 500ml,CS,12,10.44,,
111505651,Other Grocery,M Pink & White Mini Mallows,CS,7,7,,
107020618,"Condiments, Sauces & Chutneys",Heinz Tartare Sauce 200x10ml,CS,200,16,,
113046531,Other Grocery,Spontex Mosaik Washups 2pk,CS,10,4.5,,
115646080,Sugar & Baking,Tate & Lyle Granulated Sugar 500g,CS,10,5,,
115578283,Other Grocery,Tate & Lyle Fairtrade Demerara 1kg,CS,10,18.6,,
114428865,Other Grocery,C4 Millions Bubblegum 500ml,CS,12,7.5,,
115578232,Sugar & Baking,Tate & Lyle Icing Sugar 1kg,CS,10,16,,
111947301,Other Grocery,Pip & Nut Smooth Peanut Butter 300g,CS,6,16.08,,
115456577,Other Grocery,Beatbox Fruit Punch 330ml,CS,15,32.25,,
115456454,Other Grocery,Beatbox Juicy Mango 330ml,CS,15,32.25,,
115456104,Other Grocery,Beatbox Blue Razz 330ml,CS,15,32.25,,
115578646,Other Grocery,Tate & Lyle Fairtrade Demerara 500g,CS,10,10,,
114908404,Alcohol,Moth Mojito 200ml (10%),CS,12,36,,
115386521,Other Grocery,Schwartz Rosas Thai Chicken Satay Recipe Mix 30g,CS,12,7.65,,
115368008,Other Grocery,Schwartz X Las Iguanas Chilli Honey Chicken 35g,CS,12,7.65,,
113182795,Alcohol,Moth Pina Colada 200ml (10%),CS,12,36,,
100513049,"Condiments, Sauces & Chutneys",Sharwoods Tikka Masala Sauce 420g,CS,6,10.8,,
111730161,Soft Drinks & Juice,Pepsi Max Caffeine Free 8x330ml,CS,3,8.5,,
114831283,Soft Drinks & Juice,R Whites Lemonade Regular 2l,CS,8,8.48,,
113873300,Other Grocery,M Apple Juice From Concentrate 1l,CS,12,9,,
115045671,Other Grocery,Oasis Summer Fruit 1.5l,CS,12,14,,
115369107,Other Grocery,Schwartz X Las Iguanas Bahian Coconut Curry 25g,CS,12,7.65,,
105609998,Other Grocery,Sharwoods Butter Chicken 420g,CS,6,10.8,,
113182752,Alcohol,Moth Margarita 125ml (14.9%),CS,12,36,,
115367970,Other Grocery,Schwartz X The Real Greek Chicken Gyros Wrap 20g,CS,12,7.65,,
114086640,Other Grocery,Boost Sport Mixed Berry 500ml,CS,12,5.5,,
115367793,"Condiments, Sauces & Chutneys",Schwartz Cheddar Cheese Sauce Mix 38g,CS,12,7.2,,
115045735,Other Grocery,Oasis Citrus Punch 1.5l,CS,12,14,,
113047631,Sugar & Baking,Allinsons Strong White Bread Flour 1kg,CS,10,11,,
114902977,Alcohol,Moth Passion Fruit Martini 125ml (14.9%),CS,12,36,,
105714616,Other Grocery,M Olive Oil & Seasalt Croutons 95g,CS,8,4.4,,
115367734,"Condiments, Sauces & Chutneys",Schwartz Creamy Pepper Sauce 25g,CS,12,7.2,,
109277169,"Rice, Pasta & Noodles",Ambrosia Rice Pudding 150g,CS,6,4.68,,
109715641,Soft Drinks & Juice,Diet Coke No Caffeine 2l,CS,6,9.72,,
114810757,Protein & Functional Drinks,Huel Choc Fudge Brownie Complete Nutrition Bar 55g,CS,12,13.5,,
109282419,Other Grocery,Ambrosia Devon Custard 150g,CS,12,9.36,,
114732701,"Rice, Pasta & Noodles",Bens Street Food Chinese Chow Mein Noodles 250g,CS,6,13.5,,
114813392,Protein & Functional Drinks,Huel Choc Caramel Complete Nutrition Bar 55g,CS,12,13.5,,
115074317,Soft Drinks & Juice,M Free From Chocolate Digestives 166g,CS,8,11.28,,
115372251,"Rice, Pasta & Noodles",Pizza Express Garlic And Herb Pasta Bake 35g,CS,12,7.65,,
115367890,Other Grocery,Schwartz Authentic Mix Chilli Con Carne 41g,CS,12,7.2,,
111637371,Other Grocery,The Spicy Tailor Keralan Coconut Curry 225g,CS,5,14.75,,
115189173,Snacks & Crisps,Thats Nuts Wotsits Really Cheesy 160g,CS,8,9.3,,
105149637,Other Grocery,M Indian Tonic Water & Lemon 1l,CS,12,6.72,,
115454871,"Rice, Pasta & Noodles",M Micro Rice Basmati 250g,CS,18,10.08,,
111730090,Soft Drinks & Juice,Pepsi Max Caffeine Free 2l,CS,8,9.9,,
109616749,Other Grocery,Vimto 500ml,CS,12,6.5,,
115285173,Other Grocery,Allinsons Easy Bake Yeast Sachets 6 Pack 42g,CS,12,12.6,,
115399242,Energy Drinks,Red Bull Energy Drink 2x250ml,CS,12,23.92,,
111777285,Soft Drinks & Juice,Lucozade Energy Zero Pink Lemonade 900ml,CS,12,14.64,,
115232899,Alcohol,Estrella 4x440ml (0%),CS,6,20.4,,
115410624,"Rice, Pasta & Noodles",Itsu Satay Style Instant Noodles & Broth Pot 66g,CS,6,8.4,,
115410536,"Rice, Pasta & Noodles",Itsu Katsu Curry Instant Noodles & Broth Pot 63g,CS,6,8.4,,
115410683,"Rice, Pasta & Noodles",Itsu Chilli Miso Instant Noodles & Broth Pot 65g,CS,6,8.4,,
114200490,Household Cleaning,Astonish Kitchen Cleaner Zesty Lemon 750ml,CS,12,9.36,,
100216159,"Tea, Coffee & Sweeteners",Splenda Sugar Alternative Granulated 125g,CS,6,13.2,,
107233541,Other Grocery,Pataks Pappadums 8pk,CS,8,7,,
115578179,Sugar & Baking,Tate & Lyle Fairtrade Golden Granulated Sugar 1kg,CS,10,18,,
115423601,Other Grocery,Ipro Hydrate Berry 500ml,CS,12,10.32,,
114871322,Snacks & Crisps,Sephra Luxury Toffee Popcorn 200g,CS,12,14.28,,
115418458,Other Grocery,Dettol Anti-Bacterial Surface Wipes Large 72pk,CS,6,12,,
115273771,Other Grocery,Dr. Oetker Rainbow Birthday Candles 12pk,CS,10,11,,
115319505,Alcohol,Red Bull Winter 2025 Fuji Apple & Ginger 250ml,CS,12,12.38,,
115053954,Other Grocery,Nutmeg Home Essentials Food Storage Set 3x1l,CS,10,7,,
104567132,Household Cleaning,M Dishwasher Salt 2kg,CS,6,6,,
115455101,"Rice, Pasta & Noodles",M Pilau Micro Rice 250g,CS,18,10.08,,
115367769,Ready Meals & Prepared Food,Schwartz Authentic Mix Chicken Casserole 36g,CS,12,7.2,,
111697867,Alcohol,Ritter Sport Rum Raisins & Hazelnuts 100g,CS,12,14.4,,
111697808,Other Grocery,Ritter Sport Marzipan 100g,CS,12,14.4,,
113371297,Other Grocery,Bud Light 18x440ml,CS,1,10.9,,
115206480,Other Grocery,Pritt Stick 43g,CS,15,25.8,,
115175994,Other Grocery,Ritter Sport Pistachio 100g,CS,12,16.08,,
115231749,Other Grocery,Febreze Fabric Refresher Spray Cotton Fresh 385ml,CS,12,23.64,,
113930909,Other Grocery,Ritter Sport Praline 100g,CS,13,15.6,,
112610022,Snacks & Crisps,Ritter Sport Dark Whole Hazelnuts 100g,CS,10,13.4,,
115410763,Other Grocery,Pampers Pants Nappies Pull-On Size 8 Extra 14pk,CS,4,17,,
113074364,Energy Drinks,Red Bull Energy Drink 12x250ml,CS,2,24,,
115411758,Other Grocery,Hi-Chew Mango 50g,CS,15,8.85,,
115411897,Other Grocery,Hi-Chew Blue Raspberry 50g,CS,15,8.85,,
115409084,Other Grocery,Pampers Pants Nappies Pull-On Size7 Plus 16pk,CS,4,17,,
115181884,Other Grocery,Cadbury Dairy Milk Biscoff 95g £1.95 PMP,CS,21,25.62,,
115335151,Other Grocery,Sure Invisible Ice Fresh 300ml,CS,6,11.52,,
115456391,Snacks & Crisps,Nik Naks Nice N Spicy Crisps 75g £1.35 PMP,CS,20,16.4,,
115173796,Snacks & Crisps,M Best Spicy Prawn Cocktail Cut Crisps 125g,CS,12,11.04,,
115524517,Other Grocery,Heinz Cream of Chicken Soup 400g,CS,12,12.7,,
104928031,Other Grocery,Carrs Selection Carton 200g,CS,6,15.66,,
114142971,Other Grocery,Nairns Mini Oatcakes 150g,CS,8,8.4,,
115267151,Alcohol,Gordons Pink Gin 35cl,CS,6,52.2,,
112802163,Other Grocery,McVities Digestives Milk Choc Twin Pack 2x266g,CS,6,15.3,,
109333651,Other Grocery,Jacobs Biscuits for Cheese 300g,CS,10,31.5,,
115524381,Other Grocery,Heinz Cream of Tomato Soup 400g,CS,12,12.7,,
115524445,Other Grocery,Heinz Classic Vegetable Soup 400g,CS,12,12.7,,
112802180,Other Grocery,Mcvities Digestives Dark Choc Twin Pack 2x266g,CS,6,15.3,,
115531590,Other Grocery,Heinz Lentil Soup 400g,CS,12,12.7,,
108384000,Other Grocery,M Best Cheeseboard Cracker Selection 250g,CS,6,18.84,,
115383507,Alcohol,Pub Originals Pork Crunch 30g,CS,24,15.6,,
115524541,Other Grocery,Heinz Cream of Mushroom Soup 400g,CS,12,12.7,,
115313429,Other Grocery,Palmolive Papaya & Peach BodyShower Gel 450ml,CS,12,17.4,,
114787008,Other Grocery,Nutmeg Home Grey Coupe Stoneware Dinner Plate,CS,4,4.8,,
115434669,Other Grocery,Walkers Smoky Bacon Nhfss 45g,CS,32,16.6,,
114782442,Breakfast Cereals & Muesli,Nutmeg Home Grey Stoneware Cereal Bowl,CS,4,5,,
115242958,Other Grocery,McVities Hobnobs Milk Choc Biscuits 262g,CS,15,15,,
114853589,Other Grocery,LOrealElvive ColourProtect Travel Conditioner90ml,CS,12,19.2,,
115077972,Cleaning Tools & Accessories,Colgate Portable Travel Soft Toothbrush,CS,12,12,,
104458083,Alcohol,Original Source Mint & Tea Tree Shower Gel 50ml,CS,16,6.88,,
112365952,Other Grocery,Nivea Men Cool Kick Anti-Perspirant Spray 35ml,CS,8,8,,
105399151,Other Grocery,M Pure Linen Air Freshener 240ml,CS,12,6.24,,
110584836,Alcohol,Colgate Total Original Travel Size Toothpaste 20ml,CS,48,33.6,,
110381932,Other Grocery,Lynx Bodyspray Excite 250ml,CS,6,23.1,,
110381879,Other Grocery,Lynx Bodyspray Gold   250ml,CS,6,23.1,,
110381781,Other Grocery,Lynx Bodyspray Black 250ml,CS,6,23.1,,
110964943,Other Grocery,Lynx Black Shower Gel 500ml,CS,6,16.5,,
110381908,Other Grocery,Lynx Bodyspray Ice Chill 250ml,CS,6,23.1,,
114853482,Other Grocery,LOrealElvive ColourProtect Travel Shampoo90ml,CS,12,19.2,,
112609371,Other Grocery,Sensodyne Rapid Relief Toothpaste 15ml,CS,24,16.8,,
109688241,Other Grocery,Lynx Gold Bodyspray Deodorant 150ml,CS,6,17.46,,
112672531,Soft Drinks & Juice,Ambrosia Deluxe Belgian Chocolate Twinpots 120g,CS,8,11.04,,
114791007,Alcohol,Bens Original St Food Thai Stir Fry Noodles 250g,CS,6,14.4,,
114735591,"Rice, Pasta & Noodles",Dolmio Feasts Cheesy Mac & Cheese Pasta 250g,CS,6,14.4,,
108364931,Other Grocery,Trek Cocoa Coconut Protein Flap Jack 50g,CS,16,12,,
114732736,Alcohol,Bens Original Street Food Teriyaki Noodles 250g,CS,6,15.12,,
114735654,"Rice, Pasta & Noodles",Dolmio Classics Rigatoni Bolognese Pasta 250g,CS,6,14.4,,
100493308,Other Grocery,Mug Shot Tomato & Herb 64g,CS,10,5,,
100494618,Other Grocery,Pot Noodle Sticky Rib 90g,CS,12,8.1,,
114060909,Alcohol,Bens Original Favourites Chorizo Veg Paella 250g,CS,6,12.06,,
114060933,Alcohol,Bens Original Favourites Chilli Con Carne 250g,CS,6,12.06,,
113118890,Alcohol,Bens Original Spicy Sweet Chilli Micro Rice 220g,CS,6,6.9,,
113425540,Soft Drinks & Juice,Cadbury Chocolate Jar Break 300g,CS,6,17.7,,
114527311,Snacks & Crisps,Reeses Popped Snack Mix 113g,CS,12,30,,
115367742,Ready Meals & Prepared Food,Schwartz Sausage Casserole 35g,CS,12,7.2,,
114842695,Other Grocery,Haribo Harry Potter Sweets Share Bag 175g,CS,18,15.66,,
115210673,Alcohol,Absolut Vodka 35cl,CS,6,45.5,,
115232881,Other Grocery,Three Barrels Brandy 35cl,CS,6,47.16,,
115211861,Other Grocery,Shaken Udder Chocolush Milkshake 330ml,CS,8,10.4,,
115211932,Other Grocery,Shaken Udder Vanillalicious 330ml,CS,8,10.4,,
115183370,Other Grocery,Cadbury Dairy Milk Caramel 120g PM£1.95,CS,16,19.52,,
113355166,Other Grocery,Barebells Cookies And Cream 55g,CS,12,18.12,,
115288972,Other Grocery,OTL Refillable Elec Bendy Lighter,CS,10,10,,
115232784,Alcohol,Jameson Whiskey 35cl,CS,6,65.7,,
115266255,Alcohol,Smirnoff Red Vodka 20cl 37.5% £6.49 PMP,CS,48,216,,
115274888,Alcohol,Smirnoff Red Vodka 20cl 37.5% £6.49 PMP,CS,6,27,,
111152921,"Condiments, Sauces & Chutneys",Thai Dragon Sriracha Sauce 455ml,CS,6,14.4,,
115200521,Other Grocery,Cadbury Family Treatsize 223g,CS,14,42,,
115200951,Other Grocery,Celebrations Tub 500g,CS,1,6.2,,
111607251,Other Grocery,Haribo Share The Happy 11 Mini Bags Approx. 176g,CS,10,9.5,,
115434941,Other Grocery,Walkers Roast Chicken Crsisps 45g,CS,32,18.8,,
115361092,Other Grocery,Huggies Pure Wipes 48pk,CS,10,6.3,,
112634307,Other Grocery,Maltesers Funsize 214.5g,CS,9,34.2,,
115118228,Other Grocery,Kitkat Chunky Funky 4x32g,CS,15,17.4,,
115335273,Other Grocery,Sure Active Dry 300ml,CS,6,11.52,,
114758493,Laundry & Fabric Care,M Non Bio Laundry Pods 21pk,CS,8,15.52,,
115423468,Other Grocery,Ipro Hydrate Mango 500ml,CS,12,10.32,,
115109348,Other Grocery,Fruit-Tella Berries & Cherries 135g,CS,10,7.9,,
115165278,Energy Drinks,Monster Full Throttle Zero 500ml,CS,12,15.6,,
114018188,Alcohol,Smirnoff Premium Vodka 5cl (37.5%),CS,12,19.2,,
114019931,Other Grocery,Fireball 5cl,CS,10,14.4,,
115165981,Soft Drinks & Juice,(B) M Hot Chocolate Powder Cafe 10x1kg,CS,10,72.3,,
114018090,Alcohol,Captain Morgan Spiced Rum 5cl,CS,12,19.2,,
114018153,Alcohol,Gordons Premium Pink Distilled Gin 5c,CS,12,19.2,,
115439195,Other Grocery,Walkers Salt & Vinegar Nhfss 45g,CS,32,16.6,,
115329631,Other Grocery,Walkers Prawn Cocktail Nhfss 6x25g,CS,18,23.55,,
115434802,Other Grocery,Walkers Prawn Cocktail Nhfss 45g,CS,32,16.6,,
114137494,Alcohol,Jack Daniels Tennessee Whiskey 5cl (40%),CS,10,19.8,,
114019965,Other Grocery,Southern Comfort 5cl,CS,12,18,,
115435047,Other Grocery,Walkers Bbq Nhfss 45g,CS,32,16.6,,
115329965,Other Grocery,Walkers Salt & Vinegar Nhfss 6x25g,CS,18,23.5,,
114018129,Alcohol,Gordons Dry Gin 5cl,CS,12,19.2,,
114018065,Alcohol,Bells Original Blended Scotch Whisky 5cl,CS,12,19.2,,
115034075,"Condiments, Sauces & Chutneys",Heera Extra Hot Chilli Sauce 500ml,CS,12,11.16,,
114999490,Other Grocery,Bounty Crispy Rolls 117g,CS,14,14.08,,
115198248,Other Grocery,Mdx Sip On The Beach 440ml,CS,12,26.4,,
115235141,Other Grocery,Maryland SWich 150g,CS,20,30,,
115277261,Other Grocery,Walkers Sensations Chicken & Thyme 150g,CS,12,13,,
113951030,Other Grocery,Chupa Chups Playlist XXL 30g,CS,25,6.75,,
113456186,Other Grocery,M Biscuit Assortment 550g,CS,12,14.4,,
115486354,Snacks & Crisps,Wheat Crunchies Bacon Crisps 70g £1.35 PMP,CS,16,13.5,,
115103085,Other Grocery,Myprotein Filled Wafer Hazelnut 24g,CS,12,8.4,,
115062252,Other Grocery,Thorntons Toffee Bag 85g,CS,9,10.89,,
114055472,Household Cleaning,Surf Detergent Capsules Tropical Lily 15 Washes,CS,4,8.5,,
114717528,Household Cleaning,M All In One Lemon Dishwasher Tablets 40pk,CS,6,13.5,,
115352524,Other Grocery,Tampax Regular Applicator 20pk,CS,6,11.1,,
108473432,Other Grocery,Nestle Lion Bar 4pk,CS,10,11.6,,
114531862,Other Grocery,M Adult Dog Tasty Chunks In Gravy Chicken 400g,CS,12,6.6,,
115239193,Alcohol,Gordons Dry Gin 70cl £17.59 PMP,CS,6,72,,
114704313,Other Grocery,Love Corn Sea Salt 45g,CS,10,7.2,,
114134816,Other Grocery,M Still Raspberry & Blackberry Flavoured Water 1l,CS,12,3.72,,
100206831,"Condiments, Sauces & Chutneys",Burtons Wagon Wheels Jammie 6pk,CS,16,18.08,,
115039520,Other Grocery,Lucozade Sport Raspberry 900ml,CS,12,18.6,,
100200421,Other Grocery,Foxs Party Rings 125g,CS,16,9,,
115039458,Other Grocery,Lucozade Sport Orange 900ml,CS,12,18.6,,
115238721,Other Grocery,M Nice Biscuits 200g,CS,18,8.1,,
115238730,Other Grocery,M Malted Milk Biscuits 200g,CS,18,8.82,,
114845845,Other Grocery,Duracell Optimum AA Batteries 12pk,CS,12,87.96,,
115239134,Alcohol,Smirnoff Red Vodka 70cl £17.59 PMP,CS,6,68,,
113952876,Soft Drinks & Juice,Delamere Dairy Chocolate Flavour Milk 500ml,CS,12,12,,
115067272,Alcohol,Whitley Neill Yuzu & Strawberry Gin 70cl,CS,6,111.48,,
115093411,Other Grocery,Ainsley Harriot New England VegChowder Cup Soup80g,CS,8,8.8,,
115254051,Alcohol,Bells Original 70cl £18.59 PMP,CS,6,75,,
113952841,Other Grocery,Delamere Dairy Banana Flavour Milk 500ml,CS,12,12,,
113950168,Other Grocery,Delamere Dairy Strawberry Flavour Milk 500ml,CS,12,12,,
115126519,Breakfast Cereals & Muesli,Kelloggs Coco Pops Choc Cereal Bars 4x20g,CS,10,8,,
115128311,"Rice, Pasta & Noodles",Kelloggs Rice Krispies Cereal Bars 4x20g,CS,10,8,,
115039562,Other Grocery,Swizzels Squashies Love Hearts 140g,CS,12,8.52,,
114744569,Protein & Functional Drinks,Vitamin Well Recover 500ml,CS,12,12,,
115192591,Energy Drinks,Red Bull Lilac Sugar Free 250ml,CS,12,11.56,,
105580321,Other Grocery,M Alkaline Battery C 2pk,CS,10,10,,
105580081,Other Grocery,M Rechargeable Battery AAA 4pk,CS,12,30,,
115066940,Energy Drinks,Monster Ultra Ruby Red 500ml,CS,12,13.2,,
106837802,Other Grocery,M AA Battery 12pk,CS,10,16,,
105580056,Other Grocery,M Alkaline Battery D 2pk,CS,10,10,,
104418209,Other Grocery,M Tomato Juice 1l,CS,12,9.6,,
112026791,Other Grocery,Love Corn Salt & Vinegar 45g,CS,10,7.2,,
113383896,Alcohol,Peroni Nastro Azzurro 4x440ml (5.0%),CS,6,30.75,,
115237139,Other Grocery,Reeses Overload King Size 63g,CS,18,18,,
115030664,Other Grocery,Kronenbourg 1664 Blanc 600ml,CS,8,13.92,,
115262941,Other Grocery,Pringles Hot Sweet Chilli 160g,CS,19,21.95,,
115211983,Other Grocery,Kettle Cheese & Onion 130g,CS,16,26.4,,
113168061,Other Grocery,Asahi Super Dry Bottle 620ml,CS,12,20.88,,
115239054,Other Grocery,Captain Morgans Spiced Gold 70cl £17.59 PMP,CS,6,72,,
115121056,Other Grocery,Toblerone Fruit & Nut 360g,CS,10,46,,
114604081,Other Grocery,Nakd Protein Cocoa Hazelnut 45g,CS,16,12,,
114884086,Other Grocery,Lindt Lindor Pistachio 200g,CS,8,38.2,,
114636074,Other Grocery,Eat Natural Cashew Blueberry & Yoghurt 40g,CS,12,6.25,,
100252871,Other Grocery,Roses Lime Juice Cordial 1l,CS,12,26.16,,
109833268,Other Grocery,Grenade Carb Killa High Protein Jaffa Quake 60g,CS,12,15,,
114001124,Other Grocery,Snickers Protein Bar 47g,CS,18,26.1,,
112938001,Other Grocery,Toffifee 15x125g,CS,40,52.5,,
114154577,Other Grocery,Warrior Crunch Choc Chip Cookie Dough Bar 64g,CS,12,13.99,,
114154631,Other Grocery,Warrior Crunch Salted Caramel Bar 64g,CS,12,13.8,,
114154665,Other Grocery,Warrior Crunch White Choc Crisp Bar 64g,CS,12,13.99,,
100248812,Other Grocery,Bottle Green Elderflower Cordial 500ml,CS,6,15,,
114884431,Other Grocery,Cadbury Milk Tray 312g,CS,6,28.86,,
115232987,Other Grocery,Kirin Ichiban 4x440ml,CS,6,23.8,,
115202104,Other Grocery,Jakemans Honey And Lemon Stick Pack 41g,CS,20,10.6,,
113918723,Other Grocery,Eat Natural Energy Peanut Almond and Cocoa 40g,CS,12,6.25,,
115128071,Alcohol,Kelloggs All-Bran Original Breakfast Cereal 500g,CS,4,8.52,,
115238035,Alcohol,Jacobs Bites Franks Redhot Original Crackers 125g,CS,10,16.2,,
112430283,Other Grocery,M Pistachios 175g,CS,6,12.36,,
115144101,Other Grocery,Fruit-Tella Juicy Chews 135g,CS,10,8,,
114255263,Alcohol,M Best Cotes De Gascogne White Wine 75cl,CS,6,30.9,,
114847138,Other Grocery,Duracell Optimum AAA Batteries 12pk,CS,12,87.96,,
114897178,"Condiments, Sauces & Chutneys",Homepride Spanish Chicken Sauce 485g,CS,6,11.4,,
115166107,Snacks & Crisps,McCoys Blazin Buffalo Chicken Wings Crisps 6pk,CS,20,31.8,,
114246261,Other Grocery,Hot Colour Light Up Bounce Ball,CS,12,9.12,,
115124450,Breakfast Cereals & Muesli,Cadbury Brunch Light Oat & Honey Cereal Bars 104g,CS,8,5.33,,
114574416,Soft Drinks & Juice,Belvita Soft Bake Bar Chocolate Chip 50g,CS,20,9.75,,
112067787,Protein & Functional Drinks,Fulfil Choc Peanut/Caramel Vitamin/Protein Bar 40g,CS,15,17.5,,
115380963,Alcohol,Shades The Originals £1.70 PMP,CS,18,19.8,,
115240741,Other Grocery,Namdong Kimchi Noodle Pot 83g,CS,8,7.5,,
109709398,Other Grocery,Kinder Happy Hippo Cocoa Cream Biscuits 5x20.7g,CS,10,14.7,,
114857272,Other Grocery,Bluey Multigrain Shapes 350g,CS,4,9.6,,
115181008,Other Grocery,Cadbury Curly Wurly Squirly 85g £1.85 PMP,CS,10,11.5,,
115124433,Soft Drinks & Juice,Cadbury Brunch Chocolate Chip Cereal Bars 4x112g,CS,8,5.33,,
115240776,Other Grocery,Namdong Beef Noodle Pot 83g,CS,8,7.5,,
115150383,Other Grocery,King Tango Spray 60ml,CS,12,6.72,,
100254059,Soft Drinks & Juice,Kinder Chocolate Snack Bars 6x21g,CS,20,26.6,,
115181382,Other Grocery,Cadbury Orange Buttons 85g £1.85 PMP,CS,10,11.5,,
115367865,Household Paper & Disposables,Shades Straight Up Strawberry 150g £1.70 PMP,CS,20,22,,
115240805,Other Grocery,Namdong Chicken Noodle Pot 84g,CS,8,7.5,,
114765626,Other Grocery,Tic Tac Two Strawberry Lime 38.5g,CS,16,16.96,,
115124476,Breakfast Cereals & Muesli,Cadbury Brunch Peanut Cereal Bars 4x112g,CS,8,5.33,,
115124599,Breakfast Cereals & Muesli,Cadbury Brunch Raisin Cereal Bars 4x112g,CS,8,5.33,,
114576438,Other Grocery,Belvita Honey & Nut Bar 50g,CS,20,9.75,,
115183556,Other Grocery,McVities Pink Raspberry & Cream Digestives 232g,CS,12,25.32,,
115022437,Other Grocery,Peroni Nastro Azzurro 10x330ml,CS,2,16.25,,
115122091,Breakfast Cereals & Muesli,Cadbury Brunch Light Orange Cereal Bar 4x104g,CS,8,8.4,,
100496947,Other Grocery,Saxa Coarse Sea Salt 350g,CS,6,7.5,,
100144212,Other Grocery,Barrs Irn Bru 24x330ml,CS,1,7.71,,
115043289,Other Grocery,Swizzels Squashies Tropical 100g,CS,12,8.52,,
115000801,Other Grocery,Mentos Berry Pouch 140g,CS,7,6.51,,
115067011,Soft Drinks & Juice,Schweppes Raspberry Lemonade 2l,CS,6,6.6,,
111740394,Alcohol,Inchs Medium Apple Cider 500ml,CS,12,18,,
113933211,Other Grocery,Mentos Fruit Bags 140g,CS,7,6.51,,
100249268,Other Grocery,Fruit Shoot Blackcurrant & Apple NAS 8x200ml,CS,3,7.5,,
108321033,Other Grocery,Barrs Irn Bru Xtra 24x330ml (Scotland Only),CS,1,7.71,,
114928229,Other Grocery,Milky Way Crispy Rolls 112.5g,CS,14,14.08,,
114925941,Other Grocery,Kinder Bueno Classic 3x129g,CS,11,19.25,,
114924084,Other Grocery,Twix Crispy Rolls 112.5g,CS,14,14.08,,
115097640,Other Grocery,Poco Vino Pinot Grigio 187ml,CS,12,20.88,,
115106227,Other Grocery,Poco Vino Chardonnay 187ml,CS,12,20.88,,
115228988,Alcohol,Rollover Original Sausage 90g,CS,80,97.6,,
115101645,Other Grocery,Poco Vino Malbec 187ml,CS,12,20.88,,
115228953,Other Grocery,Rollover Chilli Cheese Sausage 90g,CS,80,101.6,,
109551543,Other Grocery,M Cool Tortillas 180g,CS,10,7,,
114529172,Snacks & Crisps,M Free From Lightly Salted Tortilla Chips 180g,CS,8,6.4,,
111331911,Protein & Functional Drinks,Oshee Vitamin Water Vitamins And Minerals 555ml,CS,6,4.38,,
106477510,Other Grocery,Tamtad Stuffed Vine Leaves 400g,CS,6,10.8,,
113152019,Other Grocery,Ashoka Bombay Biryani 280g,CS,10,14.9,,
108600614,Alcohol,Grace Mighty Malt Orginal 330ml,CS,24,14.16,,
111819705,Snacks & Crisps,Grace Sweet Plantain Chips Unsalted 85g,CS,9,7.47,,
114523002,Other Grocery,Sweetzone Blue Raspberry Bottles 170g,CS,24,21.84,,
108303302,Energy Drinks,Oshee Vitamins & Minerals Energy Drink 250ml,CS,6,2.88,,
114494281,Soft Drinks & Juice,X Energy Classic Drink 250ml,CS,24,6.96,,
109231347,"Rice, Pasta & Noodles",Maggi 2 Minute Masala Spicy Noodles 70g,CS,20,11.4,,
114492402,"Condiments, Sauces & Chutneys",Kewpie Mayonnaise 355ml,CS,6,21.6,,
112800205,Snacks & Crisps,Strawberry Puffs Tubs 170g,CS,24,18.48,,
112553312,Other Grocery,Indus Biryani Masala 50g,CS,6,3,,
114759331,Other Grocery,Lajkonik Salty Sticks 70g,CS,22,9.24,,
105212798,Snacks & Crisps,Shrimp Crackers Snack Hot 75g,CS,12,12.6,,
110056443,Protein & Functional Drinks,Oshee Vitamin Recovery 250ml,CS,6,2.88,,
113409849,Other Grocery,Lu Le Petit Beurre 167g,CS,7,12.6,,
112540992,Energy Drinks,Hell Energy Drink Classic 250ml,CS,24,11.52,,
107810222,Other Grocery,Lee Kum Kee Chiu Chow Chilli Oil 170g,CS,6,15,,
108662911,Other Grocery,Polish Specialities Sauerkraut With Carrot 820g,CS,6,7.2,,
111332315,Protein & Functional Drinks,Oshee Vitamin Water Magnesium + B6 555ml,CS,6,4.38,,
114914003,Soft Drinks & Juice,Super Stix Biscuit Stick Chocolate Flavour 330g,CS,8,16.24,,
114842847,"Condiments, Sauces & Chutneys",Encona Scotch Bonnet Sauce 220ml,CS,6,8.4,,
107806231,"Condiments, Sauces & Chutneys",Lee Kum Kee Premium Dark Soy Sauce 150ml,CS,12,13.56,,
114624410,"Condiments, Sauces & Chutneys",Lee Kum Kee Kung Pao Chicken Stir Fry Sauce 60g,CS,12,7.92,,
113199394,Other Grocery,Cypressa Tahini 300g,CS,12,30,,
113153231,Soft Drinks & Juice,Tymbark Apple Cherry Drink 250ml,CS,15,6.9,,
114705703,Other Grocery,Samyang Carbonara Buldak Hot Chicken Cup 70g,CS,6,7.2,,
114151827,Other Grocery,Korea Foods Shin Ramyun Stir Fry 5x600g,CS,8,32.8,,
114764957,Soft Drinks & Juice,Terrys Orange Milk Chocolate Ball 145g,CS,12,21.6,,
114928253,Other Grocery,Maltesers White 74g,CS,8,9.9,,
114774792,Other Grocery,Lucozade Sport Lemon & Lime Jude Bellingham 500ml,CS,12,11.16,,
113447520,Alcohol,Penderyn Legend Single Malt Welsh Whisky 70cl,CS,6,123,,
112607093,Snacks & Crisps,Tyrrells Lightly Sea Salted Crisps 40g,CS,24,16.8,,
115154106,Other Grocery,Beavertown Neck Oil 440ml,CS,12,20.88,,
115252136,Alcohol,Hawkstone Premium Lager 4x330ml (4.8%),CS,6,36.6,,
102864037,Alcohol,Ryvita Original 250g,CS,16,24.8,,
115242982,Soft Drinks & Juice,McVities Dark Chocolate Digestive 266g £2.25 PMP,CS,15,15,,
115242923,Other Grocery,McVities Caramel Digestives 250g £2.25 PMP,CS,15,15.9,,
114160408,"Tea, Coffee & Sweeteners",McVities Tasties Rich Tea Finger 250g,CS,12,12.12,,
115242894,Other Grocery,Mcvities White Digestive Biscuits 232g £2.25 PMP,CS,12,12,,
113119761,Other Grocery,Kallo Lightly Salted Corn Cakes 130g,CS,12,10,,
115242860,Other Grocery,McVities Gold Digestives 232g £2.25 PMP,CS,12,16,,
108071417,"Rice, Pasta & Noodles",Kallo Organic Lightly Salted Rice Cakes 130g,CS,12,10,,
115243011,Soft Drinks & Juice,McVities Milk Chocolate Digestive 266g £2.25 PMP,CS,15,15,,
106968423,Soft Drinks & Juice,Foxs Viennese Chocolate Sandwich 120g,CS,12,16.2,,
115173438,Other Grocery,Nivea Sensitive Shower Gel 500ml,CS,6,8.88,,
114957943,Other Grocery,Yorkshire Vale Still Water With Sportscap x6,CS,1,1.13,,
115114868,Other Grocery,Milkybar Buttons Cookie Crisp Pouch 86g,CS,11,9.15,,
115178010,Snacks & Crisps,Butterkist Cookies & Cream Toffee Popcorn 155g,CS,16,20,,
115114964,Other Grocery,Kitkat Chunky Duo Salted Caramel 68g,CS,24,19.2,,
115062236,Other Grocery,Eezy Toppings Strawberry Sherbet Shaker 56g,CS,6,5.1,,
107797814,"Tea, Coffee & Sweeteners",Murroughs Welsh Brew Gold Tea Bags 80x250g,CS,6,20.4,,
100427917,Other Grocery,Catsan Hygiene Cat Litter 10l,CS,1,5.74,,
100831303,Other Grocery,DryNites Bed Mats Size 4 7pk,CS,4,21.16,,
113449525,Other Grocery,Tiny Rebel CLWB Tropica 4x330ml,CS,6,29.7,,
114570765,Other Grocery,M Savers Aluminium Wrapping Foil 20m x 290mm,CS,40,31.6,,
110558048,Snacks & Crisps,KP Honey Roast Peanuts 225g,CS,8,12.25,,
109830518,Other Grocery,Cadbury Crunchy 4x104.4g,CS,10,17.2,,
113818845,Other Grocery,Hazlemere Distilled White Vinegar 1l,CS,6,5.1,,
100487856,Other Grocery,Sarsons Distilled Malt Vinegar 568ml,CS,12,16.8,,
114894954,Other Grocery,M Free From Cookies & Cream Cookies 160g,CS,5,7.75,,
114482108,Other Grocery,Haribo Funtasia Sweets Share Bag 150g,CS,11,9.02,,
114495478,Sugar & Baking,M Non Stick Baking Greaseproof Paper 380mm x 10m,CS,24,15.84,,
115097703,Other Grocery,Poco Vino Rose 187ml,CS,12,20.88,,
115097762,Other Grocery,Poco Vino Sauvignon Blanc 187ml,CS,12,20.88,,
115188091,Other Grocery,Bloo Power Active Rimblock Lemon 50g,CS,6,6.54,,
114866110,"Tea, Coffee & Sweeteners",Nescafe Iced Caramel Latte Coffee RTD 750ml,CS,6,12,,
114576999,Other Grocery,Rowntrees Jelly Tots Softs 120g,CS,9,5.94,,
115201890,Energy Drinks,Monster Lando Norris Zero Sugar 500ml,CS,12,13.2,,
114576930,Other Grocery,Rowntrees Fruit Pastilles Softs 120g,CS,9,5.94,,
113845456,Other Grocery,Kopparberg Variety 10x330ml,CS,1,7.25,,
114867454,"Tea, Coffee & Sweeteners",Nescafe Caramel Espresso Coffee Concentrate 500ml,CS,6,18,,
114866259,Soft Drinks & Juice,Nescafe Iced Latte Coffee Ready To Drink 750ml,CS,6,12,,
114868051,"Tea, Coffee & Sweeteners",Nescafe Vanilla Espresso Coffee Concentrate 500ml,CS,6,18,,
114868140,"Tea, Coffee & Sweeteners",Nescafe Classic Unsweetened Espresso Coffee 500ml,CS,6,22.2,,
114716111,Alcohol,M All In One Original Dishwasher Tablets 40pk,CS,6,13.5,,
115214172,Soft Drinks & Juice,(B) Coca Cola Artd Fixturisation Unit 1x250ml,CS,1,0.1,,
101729976,Other Grocery,Lanson Black Label 75cl,CS,6,206.16,,
106373892,Alcohol,Veuve Devanlay Champagne Brut Rose 75cl,CS,6,114,,
105317936,Alcohol,M Champagne Brut 75cl,CS,6,105.3,,
114885118,Other Grocery,Toblerone Gold 360g,CS,10,46,,
113995690,Soft Drinks & Juice,Snack a Jacks Jumbo Chocolate Chip 180g,CS,8,10.5,,
112942043,Snacks & Crisps,Go Ahead Yoghurt Breaks Strawberry Snack Bars 3pk,CS,9,15.48,,
114879560,Other Grocery,Toblerone White 340g,CS,10,46,,
112818106,Other Grocery,Jacobs Mini Cheddars Red Leicester 6x23g,CS,12,19.2,,
113995665,Snacks & Crisps,Snack a Jacks Jumbo Caramel 159g,CS,8,10.5,,
108988452,Other Grocery,Hula Hoops Family 6x24g,CS,30,37,,
115199030,Other Grocery,Mxd Tropical Margarita 440ml,CS,12,26.4,,
115162641,Other Grocery,Cadbury Dairy Milk Little Bar 4x72g,CS,25,22,,
115098837,Other Grocery,Four Loko Pink Melon 440ml,CS,12,26.52,,
114439652,Other Grocery,Nozeco Still Rose 75cl,CS,6,16.08,,
115108290,Other Grocery,Brain Blasterz Sour Apple Raspb & Strawb 10g,CS,30,6,,
113293760,Other Grocery,Nivea Sun Lip Balm SPF30 4.8g,CS,12,18,,
111048728,Other Grocery,Elastoplast Water Resistant 40pk,CS,10,16,,
111421289,Other Grocery,Fine Sparkling Nozeco Rose Alcohol Free 75cl,CS,6,15.24,,
115108513,Other Grocery,Brain Blasterz Sour Apple Raspb Lemon & Strawb 45g,CS,16,3.2,,
100859921,Other Grocery,Nivea Pearl & Beauty Anti-Perspirant 250ml,CS,6,10,,
114436486,Other Grocery,Nozeco Still Merlot 75cl,CS,6,15.6,,
115108388,Other Grocery,Brain Blasterz Sour Strawb Apple Lemon & Blueb 60g,CS,12,2.4,,
114883796,Other Grocery,Toblerone Milk 340g,CS,10,35.5,,
114784966,Other Grocery,Lynx Body Spray Sunset Fresh 150ml,CS,6,11.25,,
115144629,Other Grocery,Schweppes Mix Paloma Bliss 250ml,CS,12,18.6,,
112089062,Soft Drinks & Juice,Myprotein Oat Bakes Chocolate Chip 75g,CS,12,13.32,,
115154667,Soft Drinks & Juice,Four Loko Strawberry Lemonade 440ml,CS,12,26.52,,
110824810,Other Grocery,Flipz Salted Caramel Pretzels 90g,CS,6,6.06,,
115145200,Alcohol,Schweppes Mix Gin Twist 250ml,CS,12,18.6,,
114825035,Snacks & Crisps,Skips Prawn Cocktail Crisps 35g,CS,26,22.1,,
115194984,Other Grocery,Lugg Muse 4 Piece Suitcase Set - Black,CS,1,50,,
115055941,Soft Drinks & Juice,Myprotein Brownie White Chocolate Brownie 12x75g,CS,12,13.32,,
113311411,Other Grocery,Fulfil Choc Pnut Butter 40g,CS,15,17.5,,
114578572,Laundry & Fabric Care,Fairy Non Bio Laundry Liquid 1.550l,CS,4,25.28,,
114774531,Energy Drinks,Monster Rio Punch 4x500ml,CS,6,22.32,,
114894137,Other Grocery,M Free From Choc Chip Cookies 145g,CS,5,7.15,,
114793740,Other Grocery,Cadbury Dairy Milk Freddo Caramel Choc Bar 5pk,CS,30,30,,
114846733,Other Grocery,Duracell Optimum AA Batteries 8pk,CS,12,59.4,,
114883331,Other Grocery,Duracell Optimum AAA Batteries 8pk,CS,10,49.5,,
101714395,Alcohol,Absolut Vodka 1l (Abv 40%),CS,6,135,,
114899966,Other Grocery,Vithit Perform 500ml,CS,12,9.84,,
114934080,Soft Drinks & Juice,Tassimo Cadbury Hot Chocolate 10 Pods 241g,CS,5,20.15,,
115023544,Other Grocery,Altos Strawberry Margarita 75cl,CS,6,63.84,,
113435140,Other Grocery,Beavertown Gamma Ray 4x330ml,CS,6,29,,
112372896,Energy Drinks,Monster Ultra Fiesta Mango Zero Sugar 4x500ml,CS,6,20.1,,
115062341,Soft Drinks & Juice,Biscolata Chocolate Cups 100g £1.25 PMP,CS,24,18.24,,
114650992,Other Grocery,KitKat Salted Caramel 99g,CS,15,12.5,,
100854290,Other Grocery,Nivea Sun Lotion Factor 30 200ml,CS,6,23.75,,
114809924,Other Grocery,The Wanderer Chardonnay 75cl,CS,6,45.9,,
115075096,Other Grocery,Reeses Peanut Butter Bar 90g,CS,16,14.34,,
113959488,Other Grocery,Celebrations 300g,CS,9,28.56,,
114860501,Other Grocery,Kopparberg Apple Vintage 500ml,CS,8,11.68,,
115015747,Other Grocery,Estrella Damm 10x440ml,CS,1,10.25,,
114826812,Other Grocery,Cadbury Bournville Buttons 100g,CS,10,10.55,,
113704291,Other Grocery,Comfort Scent Booster Elixir First Blooms 460ml,CS,8,35.04,,
113223770,Other Grocery,Vimto Fruit Squash Orange & Pineapple 1l,CS,12,8.65,,
114477384,Other Grocery,Carlsberg Special Brew 500ml,CS,24,39.6,,
113706501,Other Grocery,Comfort Booster Heavenly Fresh,CS,8,35.04,,
109449151,Sugar & Baking,Volvic Touch of Fruit Sugar Free Watermelon 1.5l,CS,6,5,,
113837958,Other Grocery,Nescafe Gold Espresso 190g,CS,6,33,,
114754311,Alcohol,Squashies Drumstick Cherry Cola 140g,CS,12,9,,
104371244,Other Grocery,Volvic Touch of Fruit Summer Fruits 1.5l,CS,6,5,,
115001011,Soft Drinks & Juice,Lu Le Petit Chocolate Biscuits 100g,CS,20,36,,
113223745,Other Grocery,Vimto Fruit Squash Mango & Passionfruit 1l,CS,12,8.65,,
114010899,Other Grocery,Nutmeg Newborn Nappies Size 1,CS,6,10.86,,
113960331,Alcohol,Kronenbourg 1664 Blanc Premium Beer 4x330ml,CS,6,27.72,,
114038980,Other Grocery,Nutmeg Ultra Dry Size 6 Nappies 30pk,CS,4,16.52,,
114807662,Other Grocery,KitKat 2 Finger Orange 8x20.7g,CS,20,23.2,,
114807540,Other Grocery,KitKat 2 Finger Dark 8x20.7g,CS,20,23.2,,
112936962,Other Grocery,Kylie Minogue Alcohol Free Sparkling Rose 75cl,CS,6,21,,
110687114,Other Grocery,Squealing Pig Sauvignon Blanc 75cl,CS,6,40.14,,
115103069,Other Grocery,Harviestoun Bitter & Twisted Amber Ale 500ml,CS,8,12.16,,
113779524,Other Grocery,Kronenbourg 1664 660ml,CS,8,12.16,,
114736008,Other Grocery,San Miguel 620ml,CS,12,20.88,,
115076881,"Tea, Coffee & Sweeteners",KitKat 2 Finger Nescafe Mocha Coffee 9x20.7g,CS,20,23.2,,
114924113,Other Grocery,Maltesers White 30g,CS,25,18.5,,
115079353,Other Grocery,Maryland Cookies Minis Choc Chip 6pk 118.8g,CS,10,12.3,,
114857045,Other Grocery,M Best Rioja 75cl,CS,6,34.8,,
115031827,Alcohol,Wkd Blue 700ml (Abv 3.4%),CS,6,13.62,,
114827188,Snacks & Crisps,Reeses Dipped Peanuts Pouch 90g,CS,10,12.5,,
111936830,Other Grocery,Mr Sheen Multi Surface Polish Spring Fresh 250ml,CS,6,7.5,,
114431301,Other Grocery,Reeses Pretzels 113g,CS,24,47.52,,
113187300,Other Grocery,Auto Extras Fresh N Fruity Car Air Fresheners,CS,12,6,,
113187422,Other Grocery,Red Deer Toys Stretch It Lizard Toy( Clipstrip),CS,12,10.8,,
114719814,Soft Drinks & Juice,M Milk Chocolate Chunk Cookies 180g,CS,12,12.72,,
114223798,Other Grocery,151 Products Super Glue 5pk,CS,12,6.72,,
115022517,Other Grocery,Four Loko Dark Berry Burst 440ml,CS,12,26.52,,
113749501,Other Grocery,Exfoliating Mitts,CS,12,5.76,,
114464276,Other Grocery,151 Productsliquid Car Air Freshener,CS,12,6.96,,
114704049,Other Grocery,White Claw Variety Pack Version 2 (8X330Ml),CS,2,19.4,,
115143968,Snacks & Crisps,Reeses Dipped Peanuts 90g,CS,24,22.44,,
113188978,Cleaning Tools & Accessories,Lisseau Nail Brushes 2pk (Clipstrip),CS,12,5.52,,
114462781,Other Grocery,Real Pork Company Mr Pork Crunch 25g,CS,24,20.16,,
114848499,"Tea, Coffee & Sweeteners",Nescafe Mocha Double Choc Instant Coffee 7pk,CS,6,8.25,,
114878621,Other Grocery,Comfort Sunshiny Days Conditioner 31 Washes 930ml,CS,8,12.08,,
113187060,Cleaning Tools & Accessories,Buzz Dish Brush 1pk (Clipstrip),CS,12,8.4,,
115031886,Alcohol,Wkd Iron Brew 700ml (Abv 3.4%),CS,6,13.26,,
113187246,Cleaning Tools & Accessories,Buzz Stainless Steel Scourers 6pk (Clipstrip),CS,12,8.4,,
114224846,Other Grocery,Elbow Grease Scrubbing Pad,CS,12,7.2,,
114822977,Other Grocery,M Digestives 400g,CS,17,10.03,,
113251295,Snacks & Crisps,Lisseau Assorted Body Puffs Neutral 3pk,CS,12,8.4,,
114156302,Alcohol,Pub Originals Scampi Bites 40g,CS,24,18,,
114878591,Other Grocery,Comfort Pure Sensitive Conditioner 31 Washes 930ml,CS,8,12.08,,
107550651,Other Grocery,Oreo Golden 154g,CS,16,12.5,,
115034286,Other Grocery,I Heart Bubbly 75cl,CS,6,27.72,,
108870446,Breakfast Cereals & Muesli,M Golden Syrup Porridge 55g,CS,8,3.6,,
114783402,Other Grocery,Dragon Soop Peach & Raspberry 500ml £3.49 PMP,CS,8,18.88,,
114703290,Other Grocery,White Claw Green Apple 330ml,CS,12,16.8,,
114783007,Other Grocery,Dragon Soop Strawberry & Lime 500ml £3.49 PMP,CS,8,18.88,,
113450235,Other Grocery,Hobgoblin Ruby 4x440ml,CS,6,21,,
114807494,Other Grocery,KitKat 2 Finger Milk 8x20.7g,CS,20,23.2,,
111508763,Other Grocery,Nandos Peri Peri Rub Medium 25g,CS,12,10.68,,
114807638,Other Grocery,KitKat 2 Finger White 8x20.7g,CS,20,23.2,,
113095886,Alcohol,Jack Daniels & Coca-Cola Zero Sugar 330ml (5%),CS,12,18.6,,
114837669,Soft Drinks & Juice,Bacardi & Coca-Cola 250ml,CS,12,18,,
114961192,Alcohol,Jack Daniels & Coca-Cola Cherry 330ml (5%),CS,12,18.6,,
114848253,"Tea, Coffee & Sweeteners",Nescafe Latte Instant Coffee 7pk 126g,CS,6,8.25,,
114848309,"Tea, Coffee & Sweeteners",Nescafe Latte Caramel Instant Coffee 7pk 119g,CS,6,8.25,,
114848456,"Tea, Coffee & Sweeteners",Nescafe Latte Vanilla Instant Coffee 7pk 129.5g,CS,6,8.25,,
114848085,"Tea, Coffee & Sweeteners",Nescafe Cappuccino Unsweetened Coffee 7x99.4g,CS,6,8.25,,
114849029,"Tea, Coffee & Sweeteners",Nescafe Cappuccino Instant Coffee 7pk 108.5g,CS,6,8.25,,
114847980,"Tea, Coffee & Sweeteners",Nescafe Cappuccino Decaf Unsweet Coffee 7pk 105g,CS,6,8.25,,
114515782,Other Grocery,M Light Salad Cream 420g,CS,12,12.48,,
114491750,"Condiments, Sauces & Chutneys",M BBQ Sauce 450g,CS,12,12,,
114800621,Energy Drinks,Boost Energy Sugar Free 250ml,CS,24,8.22,,
114801228,Energy Drinks,Boost Energy Red Berry 250ml,CS,24,8.44,,
114799973,Alcohol,Boost Energy Original 250ml,CS,24,8.22,,
115023413,Alcohol,Absolut Vodka & Sprite Watermelon 250ml,CS,12,18,,
114750379,Other Grocery,M Best All Butter Fruit & Oat Cookies 200g,CS,6,11.46,,
114973556,Other Grocery,Nescafe Gold Blend Signature Jar 190g,CS,6,47.52,,
114492488,"Condiments, Sauces & Chutneys",M Brown Sauce 440g,CS,12,11.76,,
114489932,Other Grocery,M Salad Cream 420g,CS,12,12.84,,
114489941,"Condiments, Sauces & Chutneys",M Savers Brown Sauce 450g,CS,12,11.16,,
114924148,Other Grocery,Skittles Citrus 136g,CS,15,10.3,,
114492007,Other Grocery,M Savers Salad Cream 420g,CS,12,12.12,,
114827217,Other Grocery,Reeses Peanut Butter Bar White 90g,CS,16,14,,
115070375,Other Grocery,Chewits Xtreme Sour Apple Juicy Bites 115g,CS,10,7.1,,
114952131,Other Grocery,Kopparberg Strawberry & Lime 500ml,CS,8,13.44,,
109306927,Other Grocery,Nescafe Dolce Gusto Choccohino 16 Pods 160g,CS,3,10.15,,
115085163,Alcohol,Coors 10x440ml (3.4%),CS,1,5.5,,
114775841,"Condiments, Sauces & Chutneys",Hellmanns Spcy Mexican Sauce 250ml,CS,8,17.04,,
112889967,Other Grocery,Nescafe Dolce Gusto Americano Decaff 16 Pods 128g,CS,3,10.15,,
115085139,Alcohol,Coors 4x440ml (3.4%),CS,6,16,,
109306847,Other Grocery,Nescafe Dolce Gusto au Lait Intenso 16 Pods 160g,CS,3,10.15,,
113894944,Other Grocery,Nescafe Dolce Gusto Espresso Roma 16 Pods,CS,3,10.15,,
114952405,Other Grocery,Kopparberg Mixed Fruit 500ml,CS,8,13.44,,
113369550,Other Grocery,Nescafe Dolce Gusto Americano Intenso 16 Pods,CS,3,10.15,,
113864956,Other Grocery,M Olive Oil 1l,CS,8,35.92,,
107285157,Other Grocery,Daim 3x28g,CS,24,27.6,,
112374023,Other Grocery,Frys Peppermint Cream 3pk,CS,16,18.4,,
112374795,Soft Drinks & Juice,Frys Chocolate Cream 3pk,CS,16,18.4,,
110425325,Other Grocery,M Chip Shop Mushy Peas 400g,CS,24,12,,
100465180,Other Grocery,Heinz Beanz Snap Pots 4x200g,CS,6,15,,
113656330,Other Grocery,Frys Turkish Delight 3pk,CS,24,27.6,,
115016889,Alcohol,Cushelle Original 6 = 9 Regular Rolls,CS,5,19.05,,
114589386,Other Grocery,Yorkie Raisin & Biscuit 132g,CS,14,16.24,,
107925661,Other Grocery,Dove Men Clean Comfort Body & Face Wash 400ml,CS,6,16.5,,
113800021,Alcohol,Bankhall Single Malt Whisky 70cl,CS,6,74.2,,
113994751,Other Grocery,LOreal Men Expert Total Clean Shower Gel 400ml,CS,6,20.4,,
114894225,Soft Drinks & Juice,Smirnoff Miami Peach & Lemonade 250ml,CS,12,15.6,,
114838830,Other Grocery,Costa Latte Sachets 6x17g,CS,5,7.3,,
114973222,Alcohol,Staropramen Pilsner Lager Beer Cans 10x440ml,CS,1,10.1,,
107290116,Snacks & Crisps,Walkers Cheese & Onion Crisps 6x25g,CS,18,23.55,,
111151531,Ready Meals & Prepared Food,Walkers Ready Salted Crisps 6x25g,CS,18,23.55,,
112126476,Other Grocery,Mud House Chile Sauvignon Blanc 75cl,CS,6,35.1,,
115015991,Household Paper & Disposables,Nicky Elite 9-Roll 3-Ply White Toilet Tissue,CS,5,12,,
114003226,Other Grocery,M LED Candle 470 Lum SES 4.2W Dimmable 2700K 2pk,CS,4,8.48,,
114841916,Other Grocery,Duracell Optimum AA Batteries 4pk,CS,20,55.4,,
114843090,Other Grocery,Duracell Optimum AAA Batteries 4pk,CS,10,27.7,,
114735961,Other Grocery,Barebells Protein Bar Rocky Road 55g,CS,12,18.12,,
114834097,Other Grocery,Smirnoff Miami Peach 700ml,CS,6,80,,
111204997,Other Grocery,Minky Sure Grip Pegs 24pk,CS,20,47.8,,
114928421,Energy Drinks,Red Bull Summer Editions White Peach 2025 250ml,CS,12,12.38,,
114925976,Other Grocery,Kinder Bueno Classic 5x215g,CS,8,18.64,,
114589917,Laundry & Fabric Care,Fairy Non Bio The Big One Laundry Pods 29 Washes,CS,3,20,,
114590141,Laundry & Fabric Care,Ariel Colour The Big One Laundry Pods 29 Washes,CS,3,31.8,,
110659156,Other Grocery,Bar-Be-Quick Charcoal Briquettes 4.5kg,CS,1,4,,
110413009,Other Grocery,Bar-Be-Quick Instant Barbecue,CS,12,16.25,,
111345271,Other Grocery,Nutmeg Cottage Pie 10m+ 190g,CS,5,6.1,,
112971661,Other Grocery,Radox Feel Moisturised Shower Gel 225ml,CS,6,4.86,,
100871786,Other Grocery,Nivea Black & White Invisible Deodorant 250ml,CS,6,11.88,,
105555512,Other Grocery,M Normal Panty Liners 30pk,CS,6,3.78,,
111352720,Other Grocery,Nivea Sun Protect & Moisture 50+ Sun Spray 200ml,CS,6,26,,
100783866,Other Grocery,VO5 Extreme Style Matt Clay 75ml,CS,6,19.8,,
112966598,Other Grocery,Radox Feel Uplifted Mood Boosting Shower Gel 225ml,CS,6,4.86,,
113735708,Other Grocery,Enliven Essentials Pink Nail Polish Remover 250ml,CS,12,9.24,,
114601445,Other Grocery,LOreal Elvive Dream Lengths Shampoo 250ml,CS,6,11.46,,
105614359,Other Grocery,Nivea for Men Black & White Power Roll On 50ml,CS,6,6.54,,
113672727,Other Grocery,Dove Silky Velvet Body Wash Shower Gel 225ml,CS,6,6.9,,
108580246,Other Grocery,Nutmeg Baby Shampoo 500ml,CS,6,4.74,,
114601171,Other Grocery,LOreal Elvive Dream Lengths Conditioner 200ml,CS,6,11.46,,
111973964,Alcohol,M Best Prosecco 20cl,CS,12,24,,
113865191,Other Grocery,Oxford Landing Pinot Grigio 75cl,CS,6,29.52,,
114959965,Other Grocery,Lucozade Sport Lemon & Lime 4x500ml,CS,6,14,,
109370646,Other Grocery,M Best Chardonnay 75cl,CS,6,31.8,,
114792085,Other Grocery,Cadbury Dairy Milk Buttons Twisted 100g,CS,10,10.55,,
114153822,Other Grocery,Warrior Protein Flapjack WhiteChoc & Cranberry 75g,CS,12,9.6,,
114830926,Soft Drinks & Juice,Pepsi Treats Strawberry and Cream 500ml,CS,12,9,,
114791103,Other Grocery,Cadbury Dairy Milk Orange Giant Buttons 100g,CS,10,17,,
114791517,Other Grocery,Cadbury Curlywurly Squirlies 100g,CS,10,10.55,,
114719048,"Rice, Pasta & Noodles",Kelloggs Rice Krispies Multi-Grain Shapes 350g,CS,8,18.25,,
114719021,Other Grocery,Kelloggs Fruit N Fibre 375g,CS,12,23.04,,
114589474,Other Grocery,Yorkie Brownie Duo 66g,CS,24,16.56,,
100219077,Other Grocery,Paynes Poppets Mint Creams 40g,CS,36,17.28,,
113373962,Energy Drinks,Monster Ultra Peechy Keen 500ml,CS,12,11.88,,
105515641,Other Grocery,M Lime Scale Prevent Gel 1l,CS,5,7.95,,
114791867,Other Grocery,Cadbury Dairy Milk Giant Buttons 100g,CS,10,10.55,,
100507423,"Rice, Pasta & Noodles",Blue Dragon White Rice Vinegar 150ml,CS,12,16.32,,
114903152,Other Grocery,Brewdog Pinball Dipa 440ml,CS,12,27.72,,
114830686,Soft Drinks & Juice,Pepsi Treats Cream Soda 8x330ml,CS,3,11.07,,
114710991,Other Grocery,Loctite Control Super Glue 4g,CS,6,13.68,,
114523985,Other Grocery,La Vieille Ferme Rose 200ml,CS,12,20.88,,
114920016,Soft Drinks & Juice,Robinsons Orange & Mango Ready To Drink 500ml,CS,12,9.6,,
114830854,Soft Drinks & Juice,Pepsi Treats Cream Soda 500ml,CS,12,9,,
114831187,Soft Drinks & Juice,Pepsi Treats Strawberry & Cream 8x330ml,CS,3,11.07,,
114590264,Other Grocery,Villa Maria Sauvignon Blanc 200ml,CS,12,20.88,,
114574467,Soft Drinks & Juice,KitKat Double Chocolate 99g,CS,15,12.5,,
114866312,Other Grocery,Imperial IPA Ale 500ml,CS,8,13.76,,
114765562,Other Grocery,Tic Tac Two Raspberry Lemon 38.5g,CS,16,16.96,,
114765597,Other Grocery,Tic Tac Two Spearmint 38.5g,CS,16,16.88,,
114810407,Other Grocery,Cadbury Bitsa Wispa 100g,CS,10,10.55,,
114791120,Other Grocery,Cadbury Dairy Milk Oreo Bites 100g,CS,10,10.55,,
114874161,Other Grocery,Doritos Dip or Load Pinch of Paprika 230g,CS,9,19.08,,
114865651,Other Grocery,Bazooka Sour Cherry Chew Bar 14g 15p PMP,CS,60,5.4,,
114859606,Other Grocery,Chewits Xtreme Cherry Stick 34g,CS,24,6,,
114792253,Other Grocery,Cadbury Twirl Bites 100g,CS,10,10.55,,
114791066,Other Grocery,Cadbury White Giant Buttons 100g,CS,10,10.55,,
102899213,Other Grocery,Chewits Extremely Sour Apple,CS,24,6,,
114791710,Other Grocery,Cadbury Dark Milk Giant Buttons 100g,CS,10,17,,
114865598,Other Grocery,Candy Castle Crew Candy Toilet 15g,CS,24,14.16,,
114859981,Other Grocery,Toxic Waste Yellow 42g,CS,12,11.04,,
114808809,Other Grocery,Cadbury Dairy Milk Caramel Nibbles 100g,CS,10,10.55,,
114791795,Other Grocery,Cadbury Fudge Minis 100g,CS,10,10.55,,
114808041,Other Grocery,Cadbury Crunchie Rocks 100g,CS,10,10.55,,
113726422,Other Grocery,WD-40 Multi-Use 250ml,CS,6,20.88,,
114600004,Other Grocery,Kind Protein Caramel Nut 50g,CS,12,17.28,,
112367561,Other Grocery,Nivea Biodegradable Wipes Normal Skin 25pk,CS,6,8.5,,
113731037,Other Grocery,M Best New Zealand Sauvignon Blanc Blush 75cl,CS,6,38.34,,
113723352,Soft Drinks & Juice,Lucozade Energy Cherry Drink 500ml,CS,12,11.49,,
114711281,Ready Meals & Prepared Food,Slimfast Meal Replacement Bar Salted Caramel 60g,CS,4,22,,
113728604,Other Grocery,Nivea Sun Kids Cold Spray Spf 50+ 200ml,CS,6,26,,
112367763,Other Grocery,Nivea Biodegradable Wipes Dry Skin 25pk,CS,6,10.38,,
114841166,Other Grocery,Jagermeister 50cl £17.29 PMP,CS,6,71.58,,
110688029,Protein & Functional Drinks,Fulfil Choc Salted Caramel Vitamin Protein Bar 40g,CS,15,17.5,,
114709851,Other Grocery,Eat Natural Cranberries & Macadamias 40g,CS,12,7.68,,
114576841,Other Grocery,Wrigley Extra Refresher Watermelon Berry 7pc 15.6g,CS,16,6.72,,
114351466,Other Grocery,Nutmeg Home Stainless Steel Bottle With Handle,CS,4,12.56,,
114574598,Other Grocery,KitKat Hazelnut 99g,CS,15,12.5,,
114435213,Other Grocery,Birrificio Angelo Poretti 10x440ml,CS,2,15.5,,
114719751,Other Grocery,Henry Westons 1880 Vintage 500ml,CS,8,11.36,,
114535581,Other Grocery,Jonas Plastic Straws 4pk,CS,144,95.04,,
114031745,Other Grocery,Pez Candy Dispenser 17g,CS,12,13.8,,
112429477,Snacks & Crisps,M Mixed Nuts 180g,CS,12,26.16,,
114506587,Other Grocery,Astonish Specialist Mould & Mildew Blast 750ml,CS,12,16.68,,
114296583,Other Grocery,Aunt Bessies Sage & Onion Yorkshire Pud Mix 120g,CS,12,12.72,,
114296655,Other Grocery,Aunt Bessies Black Pepper Dumpling Mix 140g,CS,12,12.72,,
114504688,Soft Drinks & Juice,Reeses Milk Chocolate & Peanut Butter Bar 208g,CS,12,25,,
114474247,Alcohol,Mike And Ike Original Fruits 120g,CS,12,14.4,,
114809879,Other Grocery,Maltesers 93g,CS,12,14.87,,
114225574,Snacks & Crisps,Reeses Peanut Butter Cups Snack Size 297g,CS,8,23.4,,
114439556,Other Grocery,Rocky Mountain Reg White 150g,CS,24,17,,
114574037,Other Grocery,Mike And Ike Mega Mix 141g,CS,12,16.8,,
114545181,Other Grocery,Hi Chew Grape 50g,CS,15,5.6,,
114439521,Other Grocery,Rocky Mountain Mini Fruity 150g,CS,24,17,,
114473471,Other Grocery,Mike And Ike Berry Blast 120g,CS,12,14.4,,
114491881,Other Grocery,Warheads Super Sour Twist Egg 18g,CS,18,14.76,,
114773351,Other Grocery,Volvic Touch of Fruit Cherry 1.5l,CS,6,5,,
114811506,Other Grocery,Cofresh Vibrant Balti Mix 325g,CS,6,7.62,,
114860244,Other Grocery,Pez Refill Fruit 51g,CS,18,10.62,,
114590361,Other Grocery,Fixodent Complete Fresh 47g,CS,12,29.52,,
114577060,Other Grocery,Wrigleys Extra Refreshers Watermelon 30 Pieces 67g,CS,6,11.1,,
109614911,Household Cleaning,Astonish Oven & Grill Cleaner & Sponge 250g,CS,6,10.5,,
100535441,Other Grocery,Harpic Active Gel Mountain Pine 750ml,CS,12,9.6,,
114543311,Other Grocery,Fairy Hand Wash Spray Lemon 500ml,CS,10,23,,
114535142,Energy Drinks,Red Bull Zero 4x250ml,CS,6,18.9,,
114535089,Energy Drinks,Red Bull Zero 355ml,CS,12,15,,
110357588,Other Grocery,Butchers Tripe Loaf Recipes 6x400g,CS,4,17.24,,
111855538,"Tea, Coffee & Sweeteners",Clipper Organic Fairtrade 80 Tea Bags 232g,CS,4,10.2,,
100521137,Ready Meals & Prepared Food,Pedigree Jelly Meaty Meals 6x400g,CS,4,20,,
112393662,Other Grocery,Mutti Finely Chopped Tomatoes 400g,CS,12,14.4,,
113352088,Alcohol,Tropicana Long Life Original Orange Juice 850ml,CS,6,10.32,,
114826548,Snacks & Crisps,Cofresh Green Peas Spicy With Peanuts 325g,CS,6,7.62,,
114117864,Other Grocery,Mentos 35 Gum Pure Fresh Fresh Mint 70g,CS,6,6.88,,
113226461,Other Grocery,Plenty Max Extra Large Kitchen Towel 2 Rolls,CS,10,31,,
112369427,Other Grocery,Cadbury Marvellous Creations Popping Candy 160g,CS,19,37.62,,
112433177,Other Grocery,Kelloggs Bran Flakes 500g,CS,6,14.52,,
114801455,Other Grocery,Minstrels Standard Pouch 118g,CS,15,18.58,,
114800567,Other Grocery,M&Ms Choco Pouch 112g,CS,13,13.78,,
114800436,Other Grocery,M&Ms Peanut More To Share 200g,CS,12,30,,
114800591,Other Grocery,M&Ms Peanut Pouch 112g,CS,13,13.78,,
114801463,Other Grocery,Maltesers More to Share Pouch 158g,CS,10,25,,
114578513,Alcohol,Ariel Original Laundry Liquid 36W 1.116l,CS,4,17,,
114578433,Laundry & Fabric Care,Fairy Non Bio Laundry Liquid 1.116l,CS,4,17,,
114562247,Other Grocery,Fairy Fabric Enhancer Almond Milk & Honey 155g,CS,6,12,,
114736260,Alcohol,San Miguel 12x330ml (5%),CS,1,11.78,,
114527100,Other Grocery,Kelloggs Coco Pops Chocos Caramel 430g,CS,10,28.1,,
113966928,Other Grocery,M Best Thai Sweet Chilli 125g,CS,12,11.04,,
114773992,Other Grocery,Cheez-It SnapD Double Cheese 40g,CS,20,15,,
114774590,Energy Drinks,Monster Rio Punch 500ml,CS,12,13.32,,
114736323,Other Grocery,San Miguel 10x440ml,CS,1,9,,
114600021,Other Grocery,Alberto Balsam Raspberry Hair Shampoo 300ml,CS,6,4.68,,
114599787,Other Grocery,Alberto Balsam Raspberry Hair Conditioner 300ml,CS,6,4.68,,
114862178,"Condiments, Sauces & Chutneys",Heera Kebab House Chilli Sauce 500ml,CS,12,11.04,,
114176194,Other Grocery,Cofresh Cornflake Mix 325g,CS,6,7.62,,
114576905,Other Grocery,Haribo Nostalgix Sweets 175g,CS,11,9.57,,
114176696,Other Grocery,Cofresh London Mix 325g,CS,6,7.62,,
114117952,Other Grocery,Mentos Pure Fresh Cherry 68g,CS,6,6.88,,
114176160,Other Grocery,Cofresh Bombay Mix Hot 325g,CS,6,7.62,,
114176101,Other Grocery,Cofresh Bombay Mix 325g,CS,6,7.62,,
114576964,Other Grocery,Rowntrees Jelly Tots Tangy 140g,CS,10,6.6,,
114116773,Other Grocery,Mentos Pure Fresh Tropical 70g,CS,6,7.33,,
114176135,Other Grocery,Cofresh Chilli & Lemon Mix 325g,CS,6,7.62,,
114175423,Other Grocery,Cofresh Gujarati Mix 325g,CS,6,7.62,,
114116749,Other Grocery,Mentos Pure Fresh Spearmint 70g,CS,6,6.88,,
114862143,Other Grocery,Heera Garlic & Herb 500ml,CS,12,11.04,,
113762271,Other Grocery,Rowntrees Fruit Pastilles Vegan Friendly 48g,CS,32,12.8,,
114809393,Other Grocery,Galaxy Minstrels 195g,CS,14,35,,
114603192,Other Grocery,LOreal Elvive Colour Protect Conditioner 200ml,CS,6,15.54,,
114801535,Other Grocery,M&Ms Crispy 107g,CS,13,13.78,,
110583948,Other Grocery,Little Rolo 103g,CS,8,6.65,,
114844041,"Tea, Coffee & Sweeteners",Douwe Egberts Pure Gold Coffee 95g,CS,6,27.6,,
114281605,Other Grocery,M Reusable Scottish Paper Bag Brown,CS,150,36,,
114603310,Other Grocery,LOreal Elvive Colour Protect Shampoo 250ml,CS,6,15.54,,
114733245,Other Grocery,Haribo Mega Roulette Sweets 45g,CS,40,16.8,,
114800508,Other Grocery,M&Ms Crispy More To Share Pouch 187g,CS,12,30,,
114773642,Soft Drinks & Juice,Coca Cola Lime Zero 500ml,CS,12,10.44,,
114783111,Other Grocery,Highland Spring S/Free Apple & Blackcurrant 750ml,CS,12,8.88,,
114773394,Other Grocery,Highland Spring S/Free Strawberry Still 1.25l,CS,6,4.44,,
114801501,Other Grocery,Galaxy Counters 112g,CS,15,26.85,,
114800284,Other Grocery,Revels Standard Pouch 101g,CS,15,18.58,,
114801498,Other Grocery,Revels More to Share Pouch 185g,CS,14,35,,
114773280,Other Grocery,Highland Spring Apple & Blackcurrant Still 1.25l,CS,6,4.44,,
114809078,Soft Drinks & Juice,M&Ms Chocolate 200g,CS,12,30,,
111491914,Other Grocery,Tango Orange 24x330ml,CS,1,7,,
113105853,Other Grocery,7UP Zero 24x330ml,CS,1,7,,
114786671,Other Grocery,Milky Way Crispy Roll Twin 22.5g,CS,24,7.2,,
114786700,Other Grocery,Twix Caramel Crispy Rolls Single,CS,24,7.2,,
114724058,Other Grocery,Andrew Peace White Label Chardonnay 75cl,CS,6,29.16,,
114723135,Other Grocery,Diablo Volcanic Cabernet Sauvignon 75cl,CS,6,41,,
114719005,Other Grocery,Kelloggs Coco Pops Chocos 430g,CS,10,28.5,,
111791474,Other Grocery,M Best Barossa Valley Shiraz 75cl,CS,6,40.2,,
109282443,Other Grocery,Ambrosia Devon Custard 6x120g,CS,1,3.67,,
114703943,Alcohol,Whitley Neill Distillers Cut Gin 70cl,CS,6,92,,
114754943,Other Grocery,Havana Especial 70cl 37.5%,CS,6,100.8,,
114482095,Other Grocery,Haribo Zingfest Sweets Share Bag 150g,CS,12,10.44,,
114774725,Other Grocery,Dr Pepper Zero Cherry 2l,CS,6,10.5,,
114723961,Other Grocery,Andrew Peace White Label Shiraz 75cl,CS,6,28.8,,
114709747,Other Grocery,Nescafe Gold Blend 95g,CS,6,21,,
114035631,Alcohol,Glengoyne 10Year Old Single Malt Scotch Whisky70cl,CS,6,177.9,,
114560583,Other Grocery,Lenor Fabric Enhancer Beads Fresh 155g,CS,6,12,,
103951861,"Tea, Coffee & Sweeteners",Douwe Egberts Pure Indulgence Coffee 190g,CS,6,43.2,,
109407066,Other Grocery,Birds Custard Powder 350g,CS,12,27,,
114705691,Other Grocery,Pantene Repair & Protect Conditioner 230ml,CS,6,9.9,,
106225662,Other Grocery,M Mandarins in Juice 298g,CS,24,16.8,,
105396081,Soft Drinks & Juice,M Dark Chocolate Chips 100g,CS,9,8.82,,
111217253,Other Grocery,M Bright Sprinkles 80g,CS,6,4,,
108319945,"Tea, Coffee & Sweeteners",Taylors of Harrogate Rich Italian Coffee Bags 75g,CS,3,7.8,,
106323422,Other Grocery,Aunt Bessies Shortcrust Pastry Mix 500g,CS,6,5.94,,
107765775,Soft Drinks & Juice,M Chocolate Hazelnut Spread 400g,CS,6,11.1,,
109837550,Other Grocery,Dr. Oetker Unicorn Confetti 110g,CS,6,11.46,,
114601541,Other Grocery,LOreal Elvive Dream Lengths Shampoo 400ml,CS,6,28.86,,
114601357,Other Grocery,LOreal Elvive Dream Lengths Conditioner 300ml,CS,6,28.86,,
108242183,Other Grocery,Natural Selection Whole Chia Seeds 200g,CS,6,7.98,,
103933516,Soft Drinks & Juice,Galaxy Frothy Hot Chocolate 275g,CS,6,15.9,,
110749741,Soft Drinks & Juice,Drink Me Chai Spiced Chai Latte 250g,CS,6,15,,
113305695,"Tea, Coffee & Sweeteners",Twinings English Breakfast Tea 40pk 100g,CS,4,9.2,,
110955369,"Tea, Coffee & Sweeteners",Kenco Rich Coffee 100g,CS,6,23.94,,
106846493,Soft Drinks & Juice,Cadbury Milk Chocolate Sticky Puds 2x95g,CS,4,7,,
114551505,Alcohol,Fairy Max Power Original 660ml,CS,8,18.4,,
100218040,Other Grocery,Hartleys Strawberry Jelly 135g,CS,12,11.04,,
114705973,Other Grocery,Pantene Repair & Protect Shampoo 325ml,CS,6,9.9,,
114580795,Other Grocery,Bazooka Flip Push Pop,CS,12,11.04,,
113312537,Soft Drinks & Juice,Horlicks Instant Malted Food Drink 400g,CS,6,18.9,,
111089765,Soft Drinks & Juice,M Dark Cooking Chocolate 150g,CS,18,25.2,,
114016941,Other Grocery,M LED GLS Filament 470 Lumens 4W BC 2pk,CS,4,5.44,,
104012031,Other Grocery,Fanta Orange 330ml,CS,24,15.6,,
109279383,Alcohol,Carabao Energy Drink Original 330ml,CS,12,6.6,,
113837181,Other Grocery,Heinz Beanz Cheezy 390g,CS,12,16.5,,
111669920,Other Grocery,M Best French Dressing 250ml,CS,6,7.92,,
113887189,Other Grocery,John West Tuna Chunks in Sunflower Oil 4x125g,CS,12,42.6,,
113109707,Other Grocery,M Sunflower Oil 1l,CS,12,21.12,,
105024800,Other Grocery,John West Pink Salmon 213g,CS,12,31.8,,
114807267,Soft Drinks & Juice,Galaxy Classic Vegan Chocolate Dairy Free 100g,CS,9,18.54,,
113610606,Other Grocery,Aero Peppermint More To Share Bar 145g,CS,12,20.04,,
114532769,Other Grocery,Convenience Store Carrier Bag,CS,500,50,,
109819141,Other Grocery,Aunt Bessies American Pancake & Waffle Mix 200g,CS,12,7.92,,
114456866,Other Grocery,Barebells Protein Milkshake Vanilla,CS,8,13.6,,
114700283,Ready Meals & Prepared Food,Wagamama Katsu Meal Kit 240g,CS,6,16.02,,
105725681,Other Grocery,Baxters Favourites French Onion Soup 400g,CS,12,16.8,,
112453792,"Rice, Pasta & Noodles",M Tomato & Mascarpone Microwave Pasta 200g,CS,9,9,,
109745532,Soft Drinks & Juice,Coca Cola Zero Sugar 2l,CS,6,9.72,,
113887091,Other Grocery,John West Tuna Chunks in Springwater 4x125g,CS,12,42.6,,
114736091,Other Grocery,San Miguel 4x568ml,CS,6,31.02,,
114736032,Other Grocery,San Miguel 4x440ml,CS,6,25,,
106284478,Soft Drinks & Juice,Coca Cola Zero Cherry 8x330ml,CS,3,7.5,,
113708582,Alcohol,Blue Dragon Original Thai Sweet Chilli Sauce 315g,CS,8,12.5,,
107818259,"Rice, Pasta & Noodles",Merchant Gourmet Grains Rice & Quinoa 250g,CS,6,10.62,,
113345603,Other Grocery,Askeys Treat Salted Caramel 325g,CS,6,7.2,,
107865848,Other Grocery,Frylight Butter Flavour Cooking Spray 190ml,CS,6,13.5,,
114703505,Other Grocery,Nescafe Gold Blend Decaf 95g,CS,6,21,,
113888456,Other Grocery,John West Tuna Chunks in Brine 4x125g,CS,12,42.6,,
114387637,Other Grocery,Princes Round Ham 200g,CS,12,16.68,,
110572860,Other Grocery,Askeys Treat Maple Syrup 325g,CS,6,6.3,,
113391415,Other Grocery,M Black Ballpoint Pens 20pk,CS,12,10.2,,
111728184,Other Grocery,Quaker Oat So Simple Golden Syrup 20x720g,CS,8,30,,
114531619,Other Grocery,NU Multipurpose Paper 500 Sheets,CS,5,16.15,,
114774602,Other Grocery,Dr Pepper Zero Cherry 500ml,CS,12,10.39,,
113688075,Soft Drinks & Juice,Blue Riband Dark Chocolate 6x17.5g,CS,26,18.1,,
100799711,Other Grocery,Gillette Fusion Blades 4pk,CS,10,92.9,,
113930917,Snacks & Crisps,Wheat Crunchies Bacon Crisps 45g,CS,32,25.6,,
113930589,Snacks & Crisps,Discos Cheese & Onion Crisps 50g,CS,28,22.96,,
113156440,Other Grocery,Roodeberg Black 75cl,CS,6,44.1,,
102482717,Other Grocery,Lights By Tena Liners 24pk,CS,6,10.86,,
113930802,"Tea, Coffee & Sweeteners",Roysters T-Bone Steak Crisps 50g,CS,28,17.5,,
108088059,Other Grocery,Knorr Lamb Stock Pot 4x112g,CS,8,13.12,,
111265271,Alcohol,Quaker Oats So Simple Protein Original 8x37.75g,CS,6,18.3,,
104633443,Other Grocery,Gillette Mach 3 Blades 4pk,CS,10,66.3,,
113788017,Other Grocery,Kettle Sour Cream & Chive 130g,CS,16,16,,
107504217,Other Grocery,M Jumbo Kitchen Towel 2pk,CS,6,9.6,,
113930968,Snacks & Crisps,Wheat Crunchies Spicy Tomato Crisps 45g,CS,32,25.6,,
111837575,Other Grocery,LOr Espresso Ristretto Decaffeinato x10 Capsules,CS,7,23.73,,
114740322,Other Grocery,Johny Bee Spinner Fidget Sweetie 15g,CS,16,13.92,,
114740381,Other Grocery,Johny Bee Squeezy Fruit Gel Lollipop 32g,CS,18,15.66,,
114736358,Other Grocery,Johny Bee Turbo Fan Sweetie 5g,CS,12,10.44,,
114471169,Other Grocery,Dr Pepper 330ml,CS,24,14.16,,
108833514,Other Grocery,Viakal Fresh Limescale Remover 500ml,CS,10,17.5,,
114245604,Other Grocery,Flash Lemon Liquid 2l,CS,8,19,,
114599040,Other Grocery,Felix as Good as it Looks Meaty Ham in Jelly 12pk,CS,4,12.5,,
114560081,Other Grocery,Pringles Hot Blazin Fried Chicken 160g,CS,19,21.95,,
112918609,Other Grocery,Blue Dragon Thai Green Curry Paste 170g,CS,6,11.49,,
114509219,Other Grocery,Capsicana Mexican Chilli & Honey Fajita Kit 335g,CS,6,14.88,,
111452405,Other Grocery,Old El Paso 8 Tortilla Pockets 223g,CS,4,7.76,,
113780023,Other Grocery,Capsicana Hot Chipotle & Habanero Salsa 285g,CS,6,12.84,,
112747791,Other Grocery,Al Fez Harissa Paste 180g,CS,6,13.44,,
114567574,Pet Food,Felix Doubly Delicious Selection Wet Cat Food 12pk,CS,4,12.5,,
114568067,Other Grocery,Felix as Good as it Looks Favourites Selection12pk,CS,4,12.5,,
109120014,Soft Drinks & Juice,Fuel 10K Chunky Granola Chocolate Loaded 400g,CS,6,16.62,,
113566730,Other Grocery,Served Mojito 250ml,CS,12,20.4,,
111637397,Other Grocery,The Spicy Tailor Fiery Goan Curry 300g,CS,5,10.5,,
112079841,Other Grocery,Barilla Tortiglioni 500g,CS,12,12,,
113118988,"Rice, Pasta & Noodles",Bens Spicy Mexican Flavoured Microwave Rice 220g,CS,6,6.9,,
113726019,Other Grocery,M Best South African Pale Rose 75cl,CS,6,30.9,,
112983531,Breakfast Cereals & Muesli,Nestle KitKat Cereal 330g,CS,7,18.55,,
113412431,Other Grocery,M Raita 170g,CS,6,5.94,,
104558324,Alcohol,M White Wine Sauce 480g,CS,6,7.2,,
114263386,Alcohol,Knorr Red Wine Stock Pot 4x26g,CS,8,11.2,,
114569158,Other Grocery,Felix as Good as it Looks Ocean Feasts 12pk,CS,4,12.5,,
113778425,Other Grocery,Pataks Creations Dry Korma Kit 160g,CS,6,18.24,,
113471538,"Rice, Pasta & Noodles",Blue Dragon Medium Egg Noodles 250g,CS,8,7.68,,
113122573,Other Grocery,Pataks Lime Pickle 170g,CS,6,7,,
103967484,Other Grocery,Weetabix 12pk,CS,18,28.62,,
112897414,Alcohol,Bens Original Long Grain Rice 220g,CS,6,4.8,,
111635164,Other Grocery,The Spice Tailor Classic Butter Chicken 300g,CS,5,10.5,,
107203668,Other Grocery,Old El Paso Taco Kit 308g,CS,8,14.75,,
114154041,Other Grocery,Warrior Protein Flapjack-Choc Peanut Butter 75g,CS,12,8.5,,
114153911,Soft Drinks & Juice,Warrior Raw Protein Flapjack Chocolate Brownie 75g,CS,12,8.5,,
114701930,Breakfast Cereals & Muesli,Nestle Curiously Cinnamon Cereal 375g £3.25 PMP,CS,6,14.4,,
114570440,Other Grocery,19 Crimes Malbec 75cl,CS,6,36,,
113334550,Other Grocery,Barebells Soft Bar Caramel Choco 55g,CS,12,18.12,,
114137793,Other Grocery,Barebells Protein Bar Banana Dream 55g,CS,12,18.12,,
113334331,Other Grocery,Barebells Soft Bar Peanut Caramel 55g,CS,12,18.12,,
111345212,Ready Meals & Prepared Food,Nutmeg Vegetable & Chicken Casserole 7m+ 130g,CS,6,5.76,,
114117223,Soft Drinks & Juice,Mcvities Signature Caramel Chocolate Rounds 142g,CS,15,15,,
114556576,Snacks & Crisps,Sephra Sweet Popcorn 70g,CS,12,11.4,,
114556541,Snacks & Crisps,Sephra Sweet & Salty Popcorn 70g,CS,12,11.4,,
112441863,Household Paper & Disposables,Cushelle Quilted Tubeless 6=9 Toilet Tissue Rolls,CS,4,18.52,,
112606517,Protein & Functional Drinks,Nutmeg Home Protein Shaker,CS,4,7.12,,
101709297,Alcohol,Bells Whisky Original 1l,CS,6,96.75,,
114303190,Other Grocery,Huaso Red Blend 75cl,CS,6,28.5,,
112428044,Other Grocery,Cherry Blossom Sports Whitener 85ml,CS,6,10.98,,
114479697,Other Grocery,Baker Street White Blend 75cl,CS,6,31.8,,
113577615,Ready Meals & Prepared Food,Cherry Blossom Ready Wax Black 85ml,CS,6,10.98,,
110813475,Other Grocery,Barebells Caramel Cashew Protein Bar 55g,CS,12,18.12,,
113338585,Other Grocery,Grenade Protein Bars Oreo 4pk,CS,6,31,,
110960328,Other Grocery,Cawston Press Apple & Mango 3x200ml,CS,6,9.9,,
114479232,Other Grocery,Baker Street Rose 75cl,CS,6,31.8,,
114465404,Other Grocery,Baker Street Red Blend 75cl,CS,6,31.8,,
114156409,Other Grocery,19 Crimes Red 187ml,CS,12,20.4,,
113810405,Other Grocery,Grenade Protein Bars Oreo White 4x240g,CS,6,31,,
114209232,Energy Drinks,Monster Munch Roast Beef 40g,CS,35,18.2,,
114151413,Snacks & Crisps,Pringles Sour Cream & Onion Crisps 165g,CS,19,25.6,,
114147351,Other Grocery,Smiths Bacon Flavour Fries 24g,CS,24,13.92,,
114147369,Other Grocery,Smiths Scampi Flavour Fries 27g,CS,24,13.92,,
114156020,"Condiments, Sauces & Chutneys",Heinz Seriously Good Light Mayonnaise 420g,CS,10,20,,
104506604,Alcohol,Felix Goody Bag Original Mix 60g,CS,8,4.5,,
112561558,Other Grocery,Doritos Cool Sour Cream & Chives Sharing Dip 280g,CS,6,9.4,,
114484200,Other Grocery,Cave De Lugny Macon-Villages Chardonnay 75cl,CS,6,46.5,,
109920943,Other Grocery,Graze Protein Bites Cocoa Vanilla Oat Squares 4pk,CS,7,13.51,,
114086017,"Condiments, Sauces & Chutneys",Jam Shed Malbec 1.5l,CS,4,42.8,,
113843573,Other Grocery,M Best Fairtrade Espresso Pods 10x52g,CS,8,14.8,,
109693200,Household Cleaning,Dettol Washing Machine Cleaner Lemon Breeze 250ml,CS,6,16.08,,
112706500,"Tea, Coffee & Sweeteners",Tetley Herbal Sleep Chamomile & Vanilla Tea Bag,CS,4,7.8,,
113311382,Other Grocery,Fulfil Milk Hazelnut Whip 40g,CS,15,17.5,,
113643467,Other Grocery,Sure Men Antiperspirant Deo Roll On Sensitive 50ml,CS,6,5.58,,
112479941,Other Grocery,Nescafe Gold Blend Roastery Light Roast 95g,CS,6,32.58,,
113725201,Household Cleaning,Method Clementine Daily Kitchen Cleaner 828ml,CS,6,15,,
113973036,Alcohol,Quaker Oat So Simple Protein Original Porridge Pot,CS,6,6.66,,
105327131,Other Grocery,M Pineapple Slices in Juice 227g,CS,12,8.52,,
111261502,Other Grocery,Listerine Coolmint Zero 500ml,CS,6,16.68,,
114539469,Energy Drinks,Monster Energy Monarch 500ml,CS,12,10.56,,
113892957,Other Grocery,M Medium Dental Sticks 180g,CS,12,4.56,,
113834677,Other Grocery,Quaker Oat So Simple Peanut Butter Protein 58.2g,CS,6,6.84,,
114581430,Other Grocery,M&Ms Peanut 45g,CS,24,18.48,,
113894397,Other Grocery,Funkin Nitro Cocktails Mixed Party Pack 8x200ml,CS,3,27.6,,
112321571,Other Grocery,Robinsons Mini Summer Fruits On-The-Go Squash 66ml,CS,6,9.78,,
114140845,Energy Drinks,Monster Munch Sweet & Spicy Flamin Hot 40g,CS,35,18.2,,
114018962,Other Grocery,M LED Mini Globe 470 Lumens SES 4W Dimmable 2pk,CS,4,11,,
106938662,Other Grocery,M Soft Apricots 250g,CS,5,12,,
114247511,Other Grocery,Smirnoff Red 50cl,CS,6,66,,
114534799,Other Grocery,Milky Way Magic Stars 100g,CS,12,14.85,,
114083684,Other Grocery,Jacobs Bites Smoked Paprika Crackers 125g,CS,10,16.5,,
114083772,Other Grocery,Jacobs Bites Mature Cheddar & Onion Crackers 125g,CS,10,10.5,,
114019236,Other Grocery,M Led Filament Candle 250 Lumens Sbc 2w 2pk,CS,4,5.84,,
113278797,Alcohol,Hobgoblin Gold 500ml (4.2%),CS,8,11.68,,
114004376,Other Grocery,M LED Candle 26W 260 Lumens 2.3W BC 2pk,CS,4,7.56,,
114016887,Other Grocery,M LED Filament GLS 1521 Lumens BC 11W Dimmable 2pk,CS,4,14,,
114003402,Other Grocery,M LED Globe 470 Lumens 4.2W SES Dimmable 2700K 2pk,CS,4,6.96,,
114033046,Other Grocery,Milkybar 90g,CS,20,20,,
108225341,Alcohol,Jack Daniels Tennessee Fire 70cl (35%),CS,6,121.2,,
113729092,Other Grocery,Bryant & May Extra Long Matches,CS,120,51.6,,
114481199,Other Grocery,Sensations Thai Sweet Chilli 40g,CS,32,17.7,,
114352442,"Tea, Coffee & Sweeteners",Chateauneuf Du Pape Les Cles De La Tour 75cl,CS,6,87.9,,
109150571,"Condiments, Sauces & Chutneys",Batchelors Pasta N Sauce Chicken & Mushroom 65g,CS,6,9.6,,
114432961,Snacks & Crisps,Properchips Barbeque Lentil Chips 31g,CS,30,19.2,,
112037852,Soft Drinks & Juice,Robinsons Ready To Drink Raspberry & Apple 500ml,CS,12,9,,
114345509,Other Grocery,Tallon 5000 No 26/6 Staples,CS,12,9.48,,
109150539,"Condiments, Sauces & Chutneys",Batchelors Pasta N Sauce Mac N Cheese Pot 65g,CS,6,9.6,,
111688098,Alcohol,Nescafe Gold Origins Alta Rica 190g,CS,6,57.6,,
109150651,"Rice, Pasta & Noodles",Batchelors Super Noodles BBQ Beef Pot 75g,CS,8,12.8,,
109948891,"Rice, Pasta & Noodles",Homepride Pasta Bake Cheese & Bacon 485g,CS,6,11.4,,
114197227,Other Grocery,Domestos Power 5 Ocean Duo Toilet Rim Block 2,CS,7,10.92,,
114231085,Other Grocery,Rodet Grande Selection Pinot Noir 75cl,CS,6,35.1,,
114267379,Sugar & Baking,Tango Cherry Sugar Free 8x330ml,CS,3,7,,
113934029,Other Grocery,Debat Royal Cotes Du Rhone 75cl,CS,6,29.7,,
105624311,Breakfast Cereals & Muesli,Quaker Oats Oats So Simple Banana & Strawb Pot 58g,CS,8,6.3,,
114174076,Other Grocery,Doritos Chilli Heatwave 180g,CS,12,16,,
114074260,Soft Drinks & Juice,Quaker Oat So Simple Chocolate Hazelnut Pot 58g,CS,8,6.3,,
113393461,Breakfast Cereals & Muesli,Quaker Oat So Simple Biscuit Porridge 10x33.4g,CS,6,11.4,,
114174181,Alcohol,Doritos Cool Original 180g,CS,12,16,,
114175618,Other Grocery,Doritos Tangy Cheese 180g,CS,12,16,,
114507230,Alcohol,Felix Original Salmon in Jelly Cat Food Pouch 85g,CS,24,8.16,,
114229735,Other Grocery,Ambrosia Light Custard Pot 4pk 480g,CS,4,9.52,,
114529746,Soft Drinks & Juice,Kind Caramel Chocolate Peanut 40g,CS,12,11,,
113108296,Energy Drinks,Monster Energy Aussie Style Lemonade 4x500ml,CS,6,23.16,,
114065427,Snacks & Crisps,M Cheese & Onion Crisps 6pk,CS,16,13.44,,
114065822,Ready Meals & Prepared Food,M Ready Salted Crisps 6pk,CS,16,13.44,,
109727414,Other Grocery,J2O Orange & Passion Fruit Cans 4x250ml,CS,6,9,,
113110337,Energy Drinks,Monster Lewis Hamilton Zero 4x500ml,CS,6,27,,
113107787,Energy Drinks,Monster Ultra Rosa 4x500ml,CS,6,26.34,,
112803107,Energy Drinks,Monster Monarch Juiced Energy Juice 4x500ml,CS,6,23.16,,
114496391,Soft Drinks & Juice,Pepsi Max 4x330ml,CS,6,14.16,,
107370124,Other Grocery,Sprite Zero 500ml,CS,12,10.44,,
108206369,"Tea, Coffee & Sweeteners",Walkers Max Flame Grilled Steak Crisps 50g,CS,24,11.5,,
114041804,Other Grocery,Myprotein Clear Whey Watermelon 251g,CS,4,37.16,,
114065734,Snacks & Crisps,M Prawn Cocktail Crisps 6x25g,CS,16,13.44,,
111013066,Other Grocery,Tastes Of The Usa Pick N Mix Cup 200g,CS,6,12.06,,
114478310,Other Grocery,Twix Salted Caramel Xtra Twin 75g,CS,24,19.09,,
112683387,Other Grocery,J2O Apple & Raspberry Cans 4x250ml,CS,6,9,,
114064740,Other Grocery,Extra Blueberry Bottle 46 Pieces,CS,6,9,,
111781209,Other Grocery,Fever Tree Light Rhubarb & Raspberry Tonic 500ml,CS,8,10,,
113373604,Other Grocery,Oasis Zero Exotic Fruit 500ml,CS,12,15,,
113762191,Other Grocery,Rowntrees Fruit Pastilles 4x41g,CS,20,22,,
114033071,Other Grocery,Nestle Milkybar 6pk,CS,20,23.2,,
114447257,Alcohol,Wkd Blue Raspberry 500ml (7%),CS,12,26.04,,
114173436,Snacks & Crisps,Sensations Thai Sweet Chilli Crisps 150g,CS,12,13,,
114429024,Other Grocery,C4 Pineapple Head 500ml,CS,12,7.5,,
114460777,Alcohol,Suntory -196 Lemon 330ml (6%),CS,12,18.6,,
114428700,Other Grocery,C4 Cosmic Rainbow 500ml,CS,12,7.5,,
114271183,Soft Drinks & Juice,Pepsi Regular 2l,CS,8,9.9,,
114504629,Other Grocery,Reeses King Size Caramel Big Cup 79g,CS,16,17.5,,
114460662,Alcohol,Suntory -196 Grapefruit 330ml (6%),CS,12,18.6,,
114474896,Alcohol,Buzzballz Tequila Rita 200ml,CS,12,27.6,,
113911281,Other Grocery,Nutmeg Baby Oil 500ml,CS,6,10.2,,
114474950,Other Grocery,Buzzballz Strawberry Rita 200ml,CS,12,27.6,,
114346106,Energy Drinks,Red Bull Winter Ice Vanilla Berry 250ml,CS,12,12.38,,
113012294,Soft Drinks & Juice,Nairns Dark Chocolate Chip 200g,CS,8,10,,
107478733,Other Grocery,Nairns Superseed Organic Oatcakes 200g,CS,8,10,,
110374231,Alcohol,Mrs Tillys Malt Whisky Scottish Fudge 150g,CS,6,10.86,,
114496462,Other Grocery,Sneak Purple Storm 500ml,CS,12,9.5,,
109285951,Other Grocery,Ribena Strawberry 500ml,CS,12,9.99,,
111993949,Other Grocery,Nairns Cheese Oatcakes 200g,CS,8,10,,
108384368,Other Grocery,Mrs Tillys Delicious Tablet 150g,CS,6,10.86,,
113765253,Other Grocery,Nocco Ramonade 330ml,CS,12,12.72,,
107636236,Other Grocery,Nairns Fruit & Seed Oatcakes 225g,CS,8,10.56,,
111993990,Other Grocery,Nairns Fine Mulled Oatcakes 218g,CS,8,5.28,,
110374193,Other Grocery,Mrs Tillys Sea Salt Fudge Scottish Fudge 150g,CS,6,10.86,,
108384405,Other Grocery,Mrs Tillys Delicious Fudge 150g,CS,6,10.86,,
114507213,Other Grocery,Ice Breakers Sours Strawberry & Mixed Berry 42g,CS,8,9,,
114505795,Other Grocery,Ice Breakers Sours Watermelon & Green Apple 42g,CS,8,9,,
113485198,Other Grocery,Nairns Marmite & Cheese Oatcakes 200g,CS,8,11.2,,
114496526,Soft Drinks & Juice,Sneak Raspberry Lemonade 500ml,CS,12,9.5,,
100204107,Other Grocery,Simmers Butter Biscuits 250g,CS,18,14.76,,
114491944,Protein & Functional Drinks,Vitamin Well Hydrate 500ml,CS,12,12,,
111833689,"Tea, Coffee & Sweeteners",Costa Instant Smooth Medium Roast Coffee 100g,CS,6,19.5,,
113695873,Other Grocery,Mentos Discovery 5x37.5g,CS,18,23.22,,
114175896,"Tea, Coffee & Sweeteners",Thompsons Decaf Tea Bags 80x250g,CS,16,43.04,,
113057214,"Tea, Coffee & Sweeteners",Costa Creamy Cappuccino Coffee Sachets 6x17g,CS,5,7.3,,
113057062,"Tea, Coffee & Sweeteners",Costa Coffee Salted Caramel Latte Sachets 6x17g,CS,5,7.3,,
107600639,Alcohol,Innis & Gun Original 660ml (6.6%),CS,8,18.4,,
114171051,"Tea, Coffee & Sweeteners",Thompsons ScottishBlend TeaBags 80x250g (ScotOnly),CS,16,32,,
114236839,Snacks & Crisps,Mr Porky Crisps Chrispy Strips 35g,CS,24,22.32,,
113334912,Protein & Functional Drinks,Optimum Nutrition Protein Shake Strawberry 330ml,CS,12,20.88,,
109784101,Alcohol,Innis & Gunn Lager Beer 660ml (4.6%),CS,8,16.16,,
101708825,Alcohol,Innis & Gunn Original 330ml (6.6%),CS,12,19.8,,
114443571,Energy Drinks,Monster Strawberry Dreams 4x500ml,CS,6,20.1,,
114486230,Other Grocery,Hersheys Cookies N Creme Dipped Pretzels 120g,CS,12,23.8,,
114197121,Other Grocery,Domestos Power 5 Ocean Toilet Rim Block 50g,CS,9,7.92,,
114189139,Other Grocery,Domestos Power 5 Lime Toilet Rim Block 50g,CS,9,8.46,,
114486272,Other Grocery,Reeses Dipped Pretzels 120g,CS,12,23.8,,
111616941,"Tea, Coffee & Sweeteners",Home Additions Tea Towels 2pk,CS,16,11.68,,
114134744,Other Grocery,M Sparkling Passion Fruit & Mango Spring Water 1l,CS,12,3.84,,
114217128,Alcohol,Funkin Irn Bru Vodka Martini 200ml,CS,12,16.44,,
111871087,Other Grocery,Harringtons Cat Meaty Selection In Gravy 12x85g,CS,6,21.24,,
107695771,Pet Food,Harringtons Premium Wet Dog Food Chicken 400g,CS,8,8.4,,
114218155,Soft Drinks & Juice,Gordons Premium Pink Spirit Drink 70cl,CS,6,74,,
114033038,Soft Drinks & Juice,Lion White Chocolate Duo Bar 60g,CS,30,24.6,,
110233577,Other Grocery,Barebells Milkshake Strawberry 330ml,CS,8,13.84,,
110233606,Soft Drinks & Juice,Barebells Milkshake Chocolate 330ml,CS,8,13.84,,
100888027,"Rice, Pasta & Noodles",Nissin Beef Noodles 100g,CS,10,6.7,,
114304011,Sugar & Baking,Tango Cherry Sugar Free 500ml,CS,12,9.48,,
114267328,Sugar & Baking,Tango Cherry Sugar Free 2l,CS,8,8.8,,
114461251,Alcohol,Crumpton Oaks Cider 568ml,CS,12,9.96,,
114145814,Other Grocery,Sun Hee Teriyaki Udon Bowl 240g,CS,6,9.06,,
113822457,Other Grocery,Sun Hee Sweet & Sour Udon Bowl 240g,CS,6,9.42,,
113822203,Other Grocery,Sun Hee Gochujang Udon Bowl 240g,CS,6,9.66,,
114143448,Other Grocery,Sun Hee Kung Pao Udon Bowl 240g,CS,6,9.3,,
109019080,Snacks & Crisps,Kind Nuts & Spices Peanut Butter & Dark Choc 40g,CS,12,11,,
114175221,Other Grocery,Haribo Milkshakes Sweets 160g,CS,24,19.92,,
114054699,Laundry & Fabric Care,Surf Laundry Wash Capsules Tropical Lily 26W,CS,3,11,,
114464663,Alcohol,Captain Morgan Original Spiced & Pepsi Max 250ml,CS,12,15,,
114211033,Other Grocery,Nerds Gummy Clusters Fruit-Flavour Candy 113g,CS,10,11.8,,
114297383,Sugar & Baking,(B) M Billingtons Brown Sugar Sachets 1000xEach,CS,1000,10,,
110340823,Other Grocery,Goodness Me Fruit Sticks 102g,CS,18,21.6,,
100482369,Soft Drinks & Juice,Osem Chocolate Flavour Wafers 250g,CS,12,17.16,,
114057558,Soft Drinks & Juice,Myprotein Protein Brownie Chocolate Chunk 75g,CS,12,16.8,,
114017601,Other Grocery,SIS Go Hydro Berry Hydration Tablets 20s,CS,8,32.24,,
100798187,Other Grocery,Clear Blue Digtal Pregnancy Test,CS,6,38.34,,
114004683,Alcohol,KP Original Salted Peanuts 90g,CS,18,18.43,,
114034276,Other Grocery,Myprotein Clear Whey Vimto 261g,CS,4,37.16,,
113915688,Alcohol,Squashies Drumstick Strawberry & Cream 100g,CS,24,18,,
114017273,Other Grocery,PhD Smart Bar Cookies & Cream 64g,CS,12,16.68,,
114077946,Other Grocery,Optimum Nutrition Pre Workout Mixed Berry 60ml,CS,24,29.52,,
114153890,Soft Drinks & Juice,Nestle Crunch Bar Milk Chocolate 100g,CS,20,16.65,,
107199021,Other Grocery,Trek Cocoa Oat Flapjack 50g,CS,16,10.5,,
114243086,Alcohol,J.J. Whitley Artisanal Vodka 35cl,CS,12,78,,
114243115,Alcohol,J.J. Whitley Vodka Mix 70cl,CS,6,50.4,,
114241267,"Rice, Pasta & Noodles",Kelloggs Rice Krispie Squares ChocCaramel Bar 36g,CS,30,14.4,,
114244610,Alcohol,J.J. Whitley Gin Juniper Mix 70cl,CS,6,52.2,,
114291096,Soft Drinks & Juice,Rice Krispies Squares Delightfully Chocolatey 36g,CS,30,14.4,,
113951152,Alcohol,Nutmeg Home Clear Wine Glass,CS,6,4.5,,
113951128,Other Grocery,Nutmeg Home Clear Tumbler,CS,6,3.9,,
112906712,Alcohol,Glaswegin Raspberry & Rhubarb Gin 70cl,CS,6,166.08,,
113906757,Other Grocery,Golden Wonder Chippies Curry 100g,CS,12,8.64,,
100910343,Other Grocery,Ko Lee Chicken Cup 65g,CS,6,4.92,,
100472283,"Rice, Pasta & Noodles",Nissin Chicken Noodles 100g,CS,10,5.2,,
110972214,"Rice, Pasta & Noodles",Nongshim Red Super Spicy Cup Noodles 68g,CS,12,11.4,,
112550736,Other Grocery,Shalimar Mini Poppadoms Plain 75g,CS,6,6.18,,
101738733,Alcohol,Bacardi White Rum 35cl,CS,6,45.72,,
113307578,Household Paper & Disposables,Nutmeg Home Celebrate Napkins 16pk,CS,12,12.12,,
113307480,Other Grocery,Nutmeg Home Celebrate Cups 8pk,CS,12,11.88,,
104045318,"Condiments, Sauces & Chutneys",Maggi Tamarind Sauce 425g,CS,6,10.5,,
113176408,Other Grocery,Ashoka Mixed Pickle 500g,CS,6,9.6,,
113414656,Snacks & Crisps,Taylors Sweet Chilli Ridge Crisps 150g (Scot Only),CS,8,9.6,,
113894063,Other Grocery,Golden Cross PartyWheels CheeseOnion 90g £1.45 PMP,CS,12,8.76,,
113307607,Other Grocery,Nutmeg Home Celebrate Plates,CS,12,11.88,,
113336678,Other Grocery,Buchanans Iron Brew Pastilles 145g,CS,12,10.56,,
113893714,Other Grocery,Golden Cross Spicy Rings 150g,CS,12,10.68,,
113017941,Snacks & Crisps,Indus Deluxe Nuts Selection 500g,CS,8,43.76,,
111230191,Sugar & Baking,KTC Gram Flour 2kg,CS,6,13.8,,
114002768,Other Grocery,Nutmeg Essentials White Plate 50pk,CS,7,7.21,,
114015091,Other Grocery,M Savers White Paper Bowl 25pk,CS,8,5.71,,
114079116,Other Grocery,Poppell Electronic Lighter 3pk,CS,20,10.2,,
114233435,Other Grocery,Belvita Filled Choc Hazelnut Bars Multipack 6pk,CS,6,8,,
114339483,Other Grocery,Haribo Goldbears 175g,CS,12,10.44,,
104832012,Alcohol,Bells Original Whisky 35cl (40%),CS,12,102,,
105450534,Ready Meals & Prepared Food,Aptamil First Infant Ready to Feed 200ml,CS,12,13.44,,
113879883,Other Grocery,Haribo Tangfastics 175g,CS,11,9.57,,
105971321,Other Grocery,M Prunes in Juice 410g,CS,12,13.2,,
105450497,Ready Meals & Prepared Food,Aptamil Follow On Ready To Feed 200ml,CS,12,13.44,,
114339512,Other Grocery,Haribo Supermix 175g,CS,11,10.12,,
114070074,Laundry & Fabric Care,Surf Laundry Liquid Tropical Lily 24W 648ml,CS,8,18.4,,
110720244,Other Grocery,Pampers Sensitive Baby Wipes 52pk,CS,12,8.5,,
114156556,Energy Drinks,Monster Ultra Strawberry Dreams 500ml,CS,12,12.36,,
105450657,Ready Meals & Prepared Food,Cow & Gate First Infant Ready to Feed 200ml,CS,12,11.4,,
112518592,Alcohol,The Wanderer Malbec 75cl (13%),CS,6,44.5,,
114339475,Other Grocery,Haribo Giant Strawbs 175g,CS,12,10.44,,
113879867,Other Grocery,Haribo Starmix 175g,CS,11,9.57,,
105450681,Ready Meals & Prepared Food,Cow & Gate Follow On Ready to Feed 200ml,CS,12,11.4,,
100848308,Alcohol,Farleys Original Rusks 9pk,CS,6,8.94,,
113144262,Alcohol,Most Wanted Pinot Grigio Pink Fizz Can 200ml (11%),CS,12,19.56,,
114206904,Other Grocery,Cristal Blue Bic Pens 4pk,CS,10,11.4,,
114120772,Other Grocery,Kukure Masala Munch 100g,CS,15,16.35,,
112321511,Other Grocery,Robinsons Mini Orange On-The-Go Squash 66ml,CS,6,9.9,,
114026313,Household Cleaning,Nutmeg Washing Up Bowl Cool Grey,CS,6,4.56,,
114116714,Other Grocery,Kukure Chilli Chatka 100g,CS,15,16.35,,
100806191,Other Grocery,Pro Plus Caffeine 48pk,CS,8,21.36,,
114000308,Other Grocery,Hi Chew Strawberry 50g,CS,15,5.6,,
114062576,Other Grocery,Good Boy Threads Figure of 8 Tuggy Dog Toy,CS,8,13.04,,
114064029,Other Grocery,Good Boy Fetch Tennis Ball 3pk,CS,12,11.4,,
114064686,Other Grocery,Good Boy Faceball Dog Toy,CS,24,13.68,,
114227924,Other Grocery,Hi Chew 100g Exotic Mix,CS,6,7.44,,
114064715,Other Grocery,Good Boy Fluffy Bone Dog Toy,CS,12,10.44,,
114000332,Other Grocery,Hi Chew Watermelon 50g,CS,15,5.6,,
114062509,Other Grocery,Good Boy Squeaky Fruit Dog Toy,CS,18,29.34,,
114040941,Other Grocery,Good Boy Dog Soft Toy,CS,9,20.79,,
114227959,Alcohol,Hi Chew 100g Original Mix,CS,6,7.44,,
114038496,Other Grocery,Good Boy Squeaky Toy,CS,18,15.66,,
112144041,Other Grocery,Nutmeg Home Super Soft Slate Grey Bath Mat,CS,2,6.3,,
111062263,Other Grocery,Nutmeg Home Easy Care Grey Fitted Sheet Double,CS,6,18.6,,
113930634,Snacks & Crisps,Discos Salt & Vinegar Crisps 50g,CS,28,20.5,,
113805315,Other Grocery,Eat Real Mixed Multipack,CS,4,7.24,,
113518543,"Rice, Pasta & Noodles",Amoy Udon Noodles 300g,CS,6,9.84,,
113516433,"Rice, Pasta & Noodles",Amoy Medium Noodles 300g,CS,6,9.24,,
113999287,"Tea, Coffee & Sweeteners",The Candle Factory Tealight Candles 20pk,CS,18,11.28,,
113717657,Alcohol,Mahou 4x440ml (4.8%),CS,6,27,,
111066184,Snacks & Crisps,Propercorn Lightly Sea Salted Popcorn 6x10g,CS,6,9.48,,
114140888,Alcohol,Thatchers Juicy Apple Cider 4x440ml,CS,6,19.75,,
113845368,Other Grocery,Flash Handy Pack Kitchen Towel 2 Rolls,CS,6,13.02,,
114109792,Other Grocery,Cheez-It SnapD Double Cheese 150g,CS,12,15,,
114109881,Other Grocery,Cheez-It SnapD Cheese & Chilli 150g,CS,12,15,,
113114979,Other Grocery,Numteg Home Grey Pedal Bin 3l,CS,3,10.8,,
112344027,Other Grocery,Starbucks By Nespresso Blonde Espresso Roast 10pk,CS,12,42.48,,
114110101,Other Grocery,Cheez-It SnapD Cheese & Sour Cream & Onion 150g,CS,12,15,,
111874595,Other Grocery,Always Ultra Secure Night Extra Size 5 Pads 8 pk,CS,8,11.2,,
113918504,Alcohol,Swizzels Drumstick Squashies Mini Bags 20pk,CS,10,17.1,,
113779719,Other Grocery,Kronenbourg 1664 4x568ml,CS,6,27.5,,
112316157,Other Grocery,Always Ultra Day Night With Wings Size 3 9pk,CS,16,23.4,,
111729435,Alcohol,M London Dry Gin 70cl (37.5%),CS,12,126.6,,
101729036,Alcohol,Carling Lager 4x568ml (4%),CS,6,25.5,,
114027914,Household Cleaning,M Ocean Toilet Cleaner 750ml,CS,8,4.16,,
110666399,Other Grocery,Budweiser 4x568ml,CS,6,29.7,,
100218111,Sugar & Baking,Hartleys Low Sugar Raspberry Jelly 115g,CS,12,7.8,,
111096236,"Rice, Pasta & Noodles",M Rice Crackles 375g,CS,7,7,,
111401309,Other Grocery,M Reusable Plastic Dessert Spoon 25pk,CS,12,4.68,,
111401261,Other Grocery,M Reusable Plastic Fork 25pk,CS,12,4.68,,
112413141,Alcohol,Jack Daniels Gluten Free Original BBQ Sauce 553g,CS,6,19.14,,
112618711,Alcohol,OXO Stock Pots Red Wine 4x20g,CS,10,14.1,,
112317011,Energy Drinks,Monster Munch Roast Beef 6x20g,CS,18,22.2,,
109907116,Other Grocery,M Sage & Onion Stuffing 85g,CS,12,4.68,,
113265785,Other Grocery,Reeses Peanut Butter Pieces Pouch 90g,CS,10,11.5,,
108806401,Other Grocery,Pampers Baby-Dry Nappy Pants 4 23 Pants,CS,4,17,,
108868995,Other Grocery,Pampers Baby Dry Pants Size 6 Nappies 19pk,CS,4,17,,
106624276,Other Grocery,M Ground White Pepper 25g,CS,12,6.72,,
106626511,Other Grocery,M Ground Black Pepper 25g,CS,12,6.48,,
112192959,Other Grocery,M Cinnamon Sticks 13g,CS,6,5.46,,
106629780,Other Grocery,M Whole Cumin Seeds 37g,CS,6,3.84,,
114125477,Other Grocery,Oreo Vanilla Latte Cookie Biscuit 157g,CS,16,13.25,,
113122952,"Rice, Pasta & Noodles",Maggi 2-Minute Noodles Masala 280g,CS,8,14.4,,
105493999,Other Grocery,M Salmon Paste 75g,CS,12,6.48,,
105492304,Other Grocery,M Chicken Paste 75g,CS,12,6.6,,
112674413,Other Grocery,Marigold Engevita B12 Nutritional Yeast 100g,CS,6,19.02,,
112820855,Other Grocery,Nutmeg Home Multicoloured Cups 8oz 8pk,CS,12,6.72,,
111405158,Alcohol,M Reusable Champagne Flutes 10pk,CS,12,11.16,,
100502569,Other Grocery,Meridian Natural Light Tahini 270g,CS,6,13.44,,
112820901,Other Grocery,Nutmeg Home Insulated Cups 6pk,CS,12,12.12,,
113308263,Other Grocery,Nutmeg Home White Tabl,CS,12,10.56,,
111487536,Other Grocery,M Savers Chilli Con Carne 392g,CS,6,8.7,,
111427437,Other Grocery,M Reusable Plastic Knives 25pk,CS,12,4.68,,
104151217,Other Grocery,Oxo Reduced Salt Beef Stock Cubes 12pk,CS,24,50.64,,
113336555,Other Grocery,Nutmeg Home Oval Silver Foil Tray,CS,12,12,,
109695942,Other Grocery,M Mild Curry Powder 90g,CS,5,5.05,,
113261338,Other Grocery,M Ground Nutmeg 42g,CS,6,5.82,,
105700556,Other Grocery,M Vegetable Gravy Granules 200g,CS,12,8.76,,
113374906,Other Grocery,Nutmeg Home Pint Recyclable Plastic Tumbler 15pk,CS,10,14.7,,
109682682,Other Grocery,M Hot Curry Powder 100g,CS,5,5.25,,
111401392,Alcohol,M Reusable Wine Glass 10pk,CS,10,8.8,,
102307361,Ready Meals & Prepared Food,Merchant Gourmet Ready To Eat Puy Lentils 250g,CS,6,10.8,,
104886336,Other Grocery,Sarsons Gravy Browning 150g,CS,12,12.84,,
100499646,Other Grocery,Knorr Fish Stock Cubes 8pk,CS,12,18,,
112215145,Other Grocery,M Tamarind Paste 110g,CS,5,6.65,,
108806428,Other Grocery,Pampers Baby-Dry Nappy Pants 5 21 Pants,CS,4,17,,
113049003,Other Grocery,Comptons Gravy Salt 128g,CS,9,5.04,,
113798291,"Condiments, Sauces & Chutneys",M Savers Sweet & Sour Sauce 440g,CS,12,9.6,,
113950395,Other Grocery,Pampers Baby Dry Nappies Full Taped Size 3 30pk,CS,4,17,,
114051703,Other Grocery,Extra Strawberry 46 Pieces,CS,6,10.56,,
114064774,Other Grocery,Extra Peppermint Bottles 46 Pieces,CS,6,10.56,,
114064803,Other Grocery,Extra Spearmint Bottle 46 Pieces,CS,6,10.56,,
114120932,Other Grocery,Wrigleys Extra Cool Breeze 64g,CS,6,10.56,,
113780744,Other Grocery,Regal Balti Mix 300g,CS,8,8.88,,
108128807,Other Grocery,M Bran Flakes 625g,CS,8,9.44,,
113886696,Other Grocery,Lee Kum Kee Pure Sesame Oil 207ml,CS,6,14.64,,
111648897,Other Grocery,Radnor Splash Apple & Raspberry Still Water 500ml,CS,4,6.12,,
113924787,Other Grocery,Reeses Fastbreak 51g,CS,18,9.6,,
113895226,"Rice, Pasta & Noodles",Maggi Noodles Curry 5x370g,CS,6,15,,
113900822,"Condiments, Sauces & Chutneys",Dolmio Lasagne Red Tomato Pasta Sauce 450g,CS,6,10.5,,
114064838,Other Grocery,Extra Watermelon Bottle 46 Pieces,CS,6,10.56,,
113920129,Soft Drinks & Juice,Dairy Box Milk Chocolate Boxed 160g,CS,8,22.4,,
112156430,Other Grocery,Nestle Black Magic 348g,CS,4,19.8,,
113938812,Other Grocery,Smiths Frazzles Crispy Bacon Flavour 6x20g,CS,18,19.44,,
113938556,Snacks & Crisps,Smiths Chipsticks Salt & Vinegar Flavour 6x17g,CS,18,18,,
114146198,Energy Drinks,Red Bull Pink Edition Sugarfree 250ml,CS,12,11.56,,
110723525,"Condiments, Sauces & Chutneys",Lee Kum Kee Hoisin Sauce 210g,CS,6,9.66,,
111607577,Other Grocery,Minor Figures Oat M*lk Barista Standard 1l,CS,6,9.3,,
113941641,Other Grocery,McVities Gold Digestives 232g,CS,12,22.8,,
112379633,Other Grocery,Toblerone Orange Twist 360g,CS,10,46,,
113887040,"Condiments, Sauces & Chutneys",Lee Kum Kee Satay Sauce 190g,CS,6,9.66,,
110723550,"Condiments, Sauces & Chutneys",Lee Kum Kee Teriyaki Sauce 200g,CS,6,9.66,,
110579535,Snacks & Crisps,M Dry Roasted Peanuts 200g,CS,10,9.8,,
114029426,Soft Drinks & Juice,M&Ms Minis Milk Chocolate Bites Pouch Bag 115g,CS,12,12.72,,
110579754,Snacks & Crisps,M Salted Peanuts 200g,CS,10,10,,
110289301,Other Grocery,M Oat UHT 1l,CS,8,8.32,,
113853464,Other Grocery,Skittles Giants Gooey Pouch 125g,CS,15,10.3,,
113938821,Energy Drinks,Monster Munch Pickled Onion Grab Bag 40g,CS,35,18.2,,
113760111,Other Grocery,Bazooka Candy Brands Juicy Drop Blasts 140g,CS,12,8,,
113950627,Alcohol,Swizzles Drumstick Squashies 60g,CS,30,13.8,,
113950563,Other Grocery,Fruit-Tella Berries & Cherries Stick 41g,CS,40,16,,
113911927,Other Grocery,Aussie Repair SOS Shampoo 300ml,CS,6,31.2,,
113991306,Protein & Functional Drinks,Get More Vitamin D Still Mango &Passionfruit 500ml,CS,12,8,,
113780613,Other Grocery,Regal Hot Bombay Mix 300g,CS,8,9.04,,
113851434,Other Grocery,Voss Water 500ml,CS,12,6.84,,
114159861,Alcohol,Fris Vodka 1l,CS,6,91.8,,
113735564,Other Grocery,Regal Bombay Mix 300g,CS,8,8.4,,
113743716,Other Grocery,Haribo Soda Twist Zing 175g,CS,11,9.46,,
114164863,Other Grocery,Powerade Stack Box Golden Mango 500ml,CS,12,10.97,,
113694723,Other Grocery,Cadbury Mini Fingers Biscuits 96.5g,CS,8,8.96,,
113981175,Alcohol,Jimmys Iced Coffee Original 380ml,CS,12,25.8,,
113981141,"Tea, Coffee & Sweeteners",Jimmys Iced Coffee Caramel 380ml,CS,12,25.8,,
112278488,Other Grocery,M 5w-40 A3/B4 Fully Synthetic Oil 2l,CS,4,46,,
112278517,Other Grocery,M 5w-30 C3 Fully Synthetic Vw Oil 2l,CS,4,49.4,,
112145597,Household Cleaning,Redex Diesel Particulate Filter Cleaner 250ml,CS,5,24.65,,
111678543,Other Grocery,Prestone Dot4 Brake Fluid 355ml,CS,6,14.4,,
106631628,Other Grocery,Jelly Belly Blueberry Air Freshener,CS,6,13.14,,
114033265,Other Grocery,Homefire Ecoal50 Smokeless Fuel 10kg,CS,1,5.7,,
101766831,Other Grocery,Triple R 5W40 Fully Synthetic Oil 1l,CS,6,47.1,,
110364155,Soft Drinks & Juice,Little Trees Air Freshener Pina Colada,CS,24,16.08,,
101761343,Other Grocery,Triple R 15W40 High Mileage Oil 1l,CS,6,33,,
107735904,Other Grocery,Carlube Triple R 5W30 Fully Synthetic Ford 1l,CS,6,48,,
110364180,Other Grocery,Little Trees Air Freshener Daisy Chain,CS,24,16.08,,
101715291,Other Grocery,Flash Dash Shine Pad,CS,6,5.7,,
110364112,Other Grocery,Little Trees Air Freshener Bubble Gum,CS,24,16.08,,
106896757,Other Grocery,Captain Morgans Spiced Gold 35cl,CS,6,48.36,,
107735867,Other Grocery,Carlube Triple R 5W30 Fully Synthetic BMW 1l,CS,6,48.6,,
113247827,Other Grocery,Jelly Belly Tutti Fruitti 3D Gel Car Air Freshener,CS,6,13.14,,
113683805,Other Grocery,Triplewax Waterless Wash & Shine 1l,CS,6,17.4,,
109106394,Other Grocery,T Cut Perfect Paint 500ml,CS,4,18.24,,
110379488,Other Grocery,Status Universal Car Bulb Kit,CS,6,10.86,,
110779422,Other Grocery,Carplan Magnetic L Plates,CS,10,11.5,,
110408550,Other Grocery,Car Plan Jump Leads,CS,3,21.6,,
101736164,Other Grocery,JP Chenet Cabernet Syrah 75cl,CS,6,31.5,,
101719655,Other Grocery,Lindemans Bin 65 Chardonnay 75cl,CS,6,33.9,,
101731751,Other Grocery,Carplan De-Ionised Water 2.5 litre,CS,6,6.72,,
110952571,Other Grocery,Homefire Supapak Kindling,CS,1,3.06,,
108856302,Other Grocery,Carlube 2 Stroke Oil 500ml,CS,4,11.08,,
102454388,Other Grocery,Mighty Oak New Car Air Freshener,CS,12,6.84,,
101765969,Other Grocery,Triple R 5W30 Fully Synthetic Oil 1l,CS,6,48,,
112919020,Other Grocery,Add It Tyre Seal For Large Tyres 500ml,CS,6,28.98,,
112505708,Household Paper & Disposables,M Toilet Tissue White 9pk,CS,5,8.65,,
101749715,Other Grocery,Triple R 10W40 Semi Synthetic Oil 1l,CS,6,32.58,,
107735939,Other Grocery,Carlube Triple R 5W30 Fully Synthetic VW 1l,CS,6,61.5,,
109745073,Other Grocery,Jelly Belly Very Cherry Air Freshener,CS,6,13.14,,
112139402,Household Cleaning,Redex Petrol System Cleaner 250ml,CS,5,11.6,,
109974773,Other Grocery,Little Trees Air Freshener Cotton Candy,CS,24,16.08,,
112139349,Household Cleaning,Redex Diesel System Cleaner 250ml,CS,5,11.75,,
112282372,Other Grocery,M 5w-30 C2 Fully Synthetic Psa Oil 2l,CS,4,48.4,,
102454329,Other Grocery,Mighty Oak Black Ice Air Freshener,CS,12,6.84,,
111650903,Ready Meals & Prepared Food,Prestone Ready To Use Coolant Antifreeze 1l,CS,4,12.6,,
112278541,Other Grocery,M 10w-40 A3/B4 Semi Synthetic Oil 2l,CS,4,45.4,,
101719938,Household Cleaning,M Glass Cleaner 500ml,CS,6,8.64,,
110846306,Other Grocery,CarPlan Petrol Can Unleaded 5l,CS,2,8.04,,
104710699,Other Grocery,Triplewax Genuine Chamois Medium,CS,12,28.8,,
110845320,Other Grocery,Carplan Diesel 5l Fuel Can,CS,2,8.04,,
113967031,Other Grocery,Reign Storm Kiwi Blend 355ml,CS,12,10.1,,
112655511,Other Grocery,Maltesers Truffles 200g,CS,6,21,,
113967091,Other Grocery,Reign Storm Valencia Orange 355ml,CS,12,10.1,,
113931821,Energy Drinks,Red Bull Tropical Edition 250ml,CS,12,12.38,,
105187094,Other Grocery,Yutaka Sushi Nori 5 pack,CS,20,28.2,,
113967066,Other Grocery,Reign Storm Peach Nectarine 355ml,CS,12,10.1,,
113895285,Other Grocery,Maggi Hotcup Chicken 59.2g,CS,8,8,,
109863387,Other Grocery,Galaxy Smooth Milk XL 360g,CS,17,58,,
113941747,Soft Drinks & Juice,McVities Seriously Chocolate Digestives 232g,CS,12,13.4,,
110738938,Soft Drinks & Juice,M Fizzy Cola Straws 65g,CS,32,10.56,,
113349049,Alcohol,Regina Soft Bamboo Toilet Tissue Roll 9pk,CS,5,19.4,,
112712889,Other Grocery,Flash Cleaning Spray Bathroom 800ml,CS,10,18,,
110308815,Other Grocery,Winalot Sunday Dinner 12x100g,CS,4,14.24,,
114057654,Other Grocery,Johnsons Baby Natural Powder 200g,CS,6,8.94,,
110402684,Other Grocery,M Dolly Mix 75g,CS,20,6.6,,
114143915,Alcohol,Relentless Energy Drink Original 500ml £1 PMP,CS,12,7.32,,
112445629,Ready Meals & Prepared Food,Bakers Meaty Meals Small Dog Beef 1kg,CS,5,13.5,,
100849052,Alcohol,Vaseline Petroleum Jelly Original 50ml,CS,12,11.64,,
108888742,Breakfast Cereals & Muesli,Fuel 10k High Protein Porridge Golden Syrup 70g,CS,8,8,,
113390121,Other Grocery,M Adult Dog Grain Free Recipe Pate 50 Chicken 400g,CS,24,17.04,,
112910383,"Tea, Coffee & Sweeteners",Nutmeg Home Softgrip Coffee Cup,CS,4,13.64,,
110739359,Other Grocery,M Rainbow Belts 65g,CS,36,14.04,,
112274292,Energy Drinks,Relentless Cherry 500ml,CS,12,6.5,,
108149886,Sugar & Baking,Polo Sugar Free Tube 4pk,CS,24,26.64,,
108149923,Other Grocery,Polo Spearmint 4x136g,CS,24,26.64,,
113832111,Alcohol,Tick Tock Original Rooibos Tea 180g,CS,4,11.4,,
113948261,Alcohol,Nescafe Original 3 In 1 8x16g,CS,8,8.8,,
113948210,Alcohol,Nescafe Original 2 In 1 8x16g,CS,8,8.8,,
108867837,"Rice, Pasta & Noodles",Yutaka Sushi Rice 500g,CS,6,10.56,,
113664591,Other Grocery,DeliciouslyElla Hazelnut & Pecan Oat Bar Multipack,CS,12,28.32,,
113273347,Other Grocery,Nutmeg Reporters Spiral Notebook 60GSM 80 Sheets,CS,12,4.8,,
113272483,Other Grocery,Nutmeg A4 Wiro Paperback Notebook 60gsm 70 Sheets,CS,12,10.44,,
112929455,Other Grocery,Nutmeg Home Essentials Bag Clips 12pk,CS,10,7,,
113913990,Other Grocery,Herbal Essence Dazzling Shine Conditioner 275ml,CS,6,8.5,,
111042529,Other Grocery,NU Mail String Ball 40m,CS,6,4.38,,
109054571,Other Grocery,Cesar Tray Classics Selection 8x150g,CS,3,16.8,,
113451385,Breakfast Cereals & Muesli,M Essentials Glass Cereal Bowl,CS,12,7.2,,
112446470,Other Grocery,Bakers Small Dog Chicken Veg & Wholegrain 1.1kg,CS,5,10.9,,
114104810,Other Grocery,Schwartz Sachet Strip S-Hook/Sucker Cup Clipstrip,CS,1,0.01,,
113683522,Other Grocery,Head & Shoulders 2 in 1 Total Care Shampoo 250ml,CS,6,11,,
112612731,Other Grocery,Wagg Tasty Bones 125g,CS,7,6.23,,
113452450,"Tea, Coffee & Sweeteners",Nutmeg Grey Cotton Rich Terry Tea Towel 5pk,CS,12,31.68,,
113512820,Other Grocery,Febreze Air Mist Blossom & Breeze 185ml,CS,8,11.6,,
114074497,Other Grocery,Kelloggs Crunchy Nut 460g,CS,18,45.5,,
109691546,Other Grocery,Butchers Succulent Meat Selection 4x150g,CS,6,11.28,,
113374885,Other Grocery,Nutmeg Home Wooden Cutlery Set 18pk,CS,10,4,,
114074294,Soft Drinks & Juice,Quaker Oat So Simple Chocolate Hazelnut 10x36.5g,CS,6,11.4,,
100541138,Other Grocery,Raid Ant Killer Powder 250g,CS,12,21.48,,
111686148,Other Grocery,Gillette Venus Comfortglide Spa Breeze Razor,CS,6,21,,
113041440,Other Grocery,Comfort Honeysuckle & Sandalwood Conditioner 900ml,CS,8,11.3,,
112617072,Other Grocery,Peroni Nastro Azzurro Gluten Free Bottles 4x330ml,CS,6,36.24,,
107350772,Other Grocery,Twix 4pk,CS,24,35.57,,
113272459,Other Grocery,Nutmeg A6 Spiral Notebook 60gsm 70 Sheets,CS,15,5.7,,
112962802,Other Grocery,Nutmeg Home Essentials 1l Square Food Storage,CS,12,7.68,,
113337081,Other Grocery,Nutmeg Home Soft Grip Can Opener,CS,4,10.04,,
112993406,Other Grocery,Nutmeg Scissors 17cm,CS,12,6,,
100792826,Other Grocery,Herbal Essences Dazzling Shine Shampoo 400ml,CS,6,8.5,,
100784391,Other Grocery,Elnett Normal 75ml,CS,6,13.74,,
104449662,Other Grocery,Lights By Tena Long Liner 20pk,CS,4,7.24,,
110421762,Alcohol,Red Bull Energy Drink Original 4x355ml,CS,6,30.96,,
112316501,Other Grocery,Always Discreet Long Plus Pads 8pk,CS,5,8.8,,
113884560,Other Grocery,European Travel Adaptor With USB,CS,3,10.13,,
113700062,Other Grocery,Fairy Non Bio Washing Liquid Gel 858ml,CS,6,23.3,,
112729015,Other Grocery,Head & Shoulders Classic Clean Shampoo 400ml,CS,6,14,,
110236209,Other Grocery,Status 3 - Way Fused Adaptor,CS,8,10.45,,
104201077,Other Grocery,Aussie Miracle Moisturiser Shampoo 300ml,CS,6,13.5,,
111611699,Other Grocery,Aussie Miracle Moist Conditioner 200ml,CS,6,13.5,,
108576765,Other Grocery,Lazy Day Free From Millionaires Shortbread 150g,CS,8,19.28,,
112923539,Breakfast Cereals & Muesli,Deliciously Ella Nutty Granola 380g,CS,6,14.1,,
113840137,Other Grocery,Nairns Gluten Free Mini Cheese Bakes 45g,CS,14,11.2,,
107206148,Other Grocery,Galaxy Salted Caramel 135g,CS,24,27.69,,
107849979,Other Grocery,Lazy Day Foods Free From Tiffin 150g,CS,8,18.88,,
110984581,Breakfast Cereals & Muesli,M Free From Golden Syrup Porridge 55g,CS,4,2.8,,
109976971,Other Grocery,Nakd Cocoa Orange Raw Fruit & Nut Bars 4x35g,CS,12,16.5,,
113659928,Other Grocery,Galaxy Vegan Salted Caramel 40g,CS,24,24.96,,
113900831,Other Grocery,Frosted Shreddies 10x600g,CS,10,31.6,,
112923942,Other Grocery,Mrs Crimbles Big Coconut Macaroons 6x180g,CS,12,15,,
112928006,Other Grocery,Deliciously Ella Baked Oat Bar Peanut Butter 3x50g,CS,12,21.5,,
109977000,Other Grocery,Nakd Blueberry Muffin Raw Fruit & Nut Bars 4x35g,CS,12,16.5,,
107621704,Other Grocery,Schar Ciabatta White Rolls 200g,CS,6,10.8,,
111874801,Other Grocery,Rowntrees Pastilles Strawberry & Blackcurrant143g,CS,10,6.6,,
113334605,Other Grocery,Nutmeg Home Soft Grip Large Pizza Wheel,CS,6,9.9,,
113305513,Other Grocery,Twinings Superblends Wellbeing Collection 20x37g,CS,4,8.4,,
113305783,"Tea, Coffee & Sweeteners",Twinings Earl Grey Tea Bags 40pk 100g,CS,4,9.2,,
108591720,Other Grocery,Good Boy Chicken Strips 80g,CS,14,19.04,,
112436693,Other Grocery,Good Boy Jumbo Chicken With Carrot Stick 100g,CS,14,19.46,,
109091962,Other Grocery,Gourmet Perle Variety Beef & Chicken 12x85g,CS,4,14,,
100519758,Other Grocery,Gourmet Perle Ocean Delicacies 12x85g,CS,4,15.96,,
112316237,Other Grocery,Always Ultra Secure Night With Wings Size 4 8pk,CS,20,28.96,,
112922157,Other Grocery,Dove Men Care Anti-perspirant Deodorant 200ml,CS,6,12.12,,
100805121,Other Grocery,Carefree With Cotton Fresh Pantyliners 20pk,CS,12,10.56,,
113182605,Other Grocery,Persil Bio Capsules 15pk,CS,4,10.6,,
100770045,"Tea, Coffee & Sweeteners",Impulse Tease Bodyspray 75ml,CS,6,4.68,,
112922165,Other Grocery,Dove Women Anti-perspirant Deodorant 200ml,CS,6,12.12,,
109481653,Other Grocery,Carlube AD Blue 10l,CS,1,11.15,,
113348564,Other Grocery,Febreze 3volution Refill Cotton Fresh 20ml,CS,7,19.19,,
113643117,Alcohol,Sure For Men Antiperspirant Roll On Original 50ml,CS,6,5.7,,
111945269,Other Grocery,M Savers Jumbo Kitchen Towel Roll,CS,12,11.16,,
112912725,Other Grocery,Domestos Power Foam Fresh 450ml,CS,6,10,,
108230705,Other Grocery,Colgate Triple Action Mild Mint Mouthwash 500ml,CS,12,18.48,,
113784403,Other Grocery,M Best Sicilian Red Blend 75cl,CS,6,37.2,,
111144365,Other Grocery,Carlube AD Blue 5l,CS,4,23.6,,
113872112,"Condiments, Sauces & Chutneys",Dolmio Lasagne Creamy White Pasta Sauce 440g,CS,6,10.5,,
113872438,"Condiments, Sauces & Chutneys",Dolmio Bolognese Smooth Tomato Pasta Sauce 450g,CS,6,10.5,,
113784622,"Condiments, Sauces & Chutneys",Blue Dragon Hoisin Sauce 250g,CS,6,12.69,,
112493971,Other Grocery,Always Ultra Long With Wings 11pk,CS,12,16.8,,
113805294,Other Grocery,Eat Real Kale Tomato & Spinach Veggie Straws 110g,CS,5,8.25,,
113875305,"Condiments, Sauces & Chutneys",Dolmio Bolognese Onion and Garlic Pasta Sauce 450g,CS,6,10.5,,
113785473,"Condiments, Sauces & Chutneys",Blue Dragon Sweet Chilli Sauce 250g,CS,6,9.72,,
113805403,Snacks & Crisps,Eat Real Tomato & Basil Hummus Chips 110g,CS,5,9,,
112315955,Other Grocery,Always Ultra Normal With Wings Size 1 13pk,CS,16,23.42,,
112037764,Other Grocery,Febreze Bathroom AirFreshener SpringAwakening7.5ml,CS,8,11.6,,
113805382,Snacks & Crisps,Eat Real Sea Salt Lentil Chips 95g,CS,5,9,,
113884261,Soft Drinks & Juice,Haribo Happy Cola Zing Sweets 160g,CS,24,19.92,,
113872796,Alcohol,Dolmio Bolognese Original Pasta Sauce 450g,CS,6,10.5,,
107935480,Other Grocery,Oral B 3D White Luxe Perfection Toothpaste 75ml,CS,12,22,,
108844660,Alcohol,Command Large Picture Hanging Strips,CS,12,30.24,,
113495610,Other Grocery,Organix Raspberry & Apple Soft Oaty Bars 6x23g,CS,6,14.82,,
112974766,Other Grocery,Whiskas 1+ Adult Fish Favourites In Jelly 12x85g,CS,4,15.08,,
111252420,Alcohol,Regina Blitz Blue Household Towel 3 Roll,CS,4,16.37,,
113958750,Other Grocery,Felix Fish Selection In Jelly 12x85g,CS,4,14.2,,
113695443,Other Grocery,Swizzels Squashies Strawberry & Cream 140g,CS,12,8.52,,
114041011,Alcohol,Hardys Stamp Sauv Blanc Semillon White Wine 75cl,CS,6,27,,
113909587,Other Grocery,Heinz Beanz & Sausages Richmond 415g,CS,24,34,,
113909675,Other Grocery,Heinz Beanz & Sausages Richmond 200g,CS,24,23,,
111744416,"Condiments, Sauces & Chutneys",Jam Shed Shiraz Australia 1.5l,CS,4,42.96,,
110940520,Other Grocery,McGuigan Zero Chardonnay 75cl,CS,6,18,,
100228141,Other Grocery,Fanta Orange 150ml,CS,24,8,,
110471647,Other Grocery,Dr Pepper 150ml,CS,24,8,,
105267220,Other Grocery,M Best Barbera D Asti 75cl,CS,6,35.46,,
111755692,Other Grocery,Yellow Tail Shiraz 187ml,CS,12,20.88,,
101702618,Alcohol,La Vieille Ferme Red Wine 75cl,CS,6,35.7,,
113883401,Other Grocery,Casillero Del Diablo Cabernet Sauvignon 1.5l,CS,4,45.6,,
111599044,Other Grocery,19 Crimes Red Blend 1.5l,CS,6,72.6,,
108888970,Soft Drinks & Juice,Coca Cola Zero Sugar 150ml,CS,24,8,,
113983007,Other Grocery,The Straw Hat Red 75cl,CS,6,24.06,,
110340321,Other Grocery,Yutaka Miso Paste 100g,CS,6,8.64,,
105339570,Other Grocery,M Best Valpolicella Ripasso 75cl,CS,6,43.5,,
111203599,Other Grocery,Paul Mas Reserve Pinot Noir 75cl,CS,6,36.9,,
113187457,Other Grocery,Red Deer Toys Playing Cards (Clipstrip),CS,12,6,,
112445792,Other Grocery,Carnivor Zinfandel 75cl,CS,6,46.5,,
111806138,Other Grocery,M Best Organic Montepulciano DAbruzzo 75cl,CS,6,33.54,,
113977731,Alcohol,Crabbies Ginger Beer 500ml,CS,12,17.16,,
112886150,Other Grocery,Nutmeg Wooden Hb Pencil With Eraser Top 12pk Fsc,CS,12,6.6,,
113976472,Other Grocery,Tonys Chocolonely Milk Caramel Sea Salt 35g,CS,35,22.13,,
113988481,Other Grocery,Eat Natural Almond Apricot & Yoghurt 40g,CS,12,6.25,,
113083244,Soft Drinks & Juice,Kind Chocolate Chip Cashew 40g,CS,12,11,,
110697620,Soft Drinks & Juice,Rubicon Sparkling Passion Fruit 500ml,CS,12,9.05,,
113351000,Other Grocery,J2o Mocktail Strawb & Org Blossom Mojito 250ml,CS,12,9,,
113977740,Other Grocery,Smirnoff Cherry Drop 70cl,CS,6,80,,
113977969,Alcohol,Smirnoff Raspberry Crush 70cl (35%),CS,6,80,,
113351034,Other Grocery,J2o Mocktail White Peach & Mango Daiquiri 250ml,CS,12,9,,
108255582,Soft Drinks & Juice,Fuel 10k Chocolate Liquid Breakfast 330ml,CS,8,10.24,,
113949790,Other Grocery,Old Midnight Hen Ale 500ml,CS,8,12.72,,
113210451,Other Grocery,Wagg Peanut Butter & Banana Cookies 125g,CS,7,6.23,,
111065595,Snacks & Crisps,Properchips Barbecue Lentil Chips 85g,CS,8,13.6,,
113710746,Other Grocery,Graze Marmite Cashews 90g,CS,6,10.56,,
113738343,Sugar & Baking,Tango Sugar Free Apple 8x330ml,CS,3,7,,
107853530,Other Grocery,Cawston Press Brilliant Beetroot Juice 1l,CS,6,12.36,,
113872315,Other Grocery,Kopparberg Raspberry 10x330ml,CS,1,6.2,,
113892965,Snacks & Crisps,M Salmon Cat Snack Pillows 60g,CS,12,5.76,,
113749472,Other Grocery,Car Shooter 2pk,CS,12,8.04,,
107120900,Other Grocery,Aero Peppermint 4x108g,CS,14,16.3,,
113758133,Other Grocery,Absolut & Sprite 250ml,CS,12,18,,
113673893,Other Grocery,Dove Deeply Nourishing Advanced Shower Gel 225ml,CS,6,7.5,,
113973458,Other Grocery,Mentos Discovery 41g,CS,40,13.6,,
100495661,Other Grocery,Crisp n Dry Vegetable Oil 1l,CS,15,34.5,,
100461621,Other Grocery,Napolina Chopped Tomatoes 400g,CS,24,19.64,,
110836677,"Condiments, Sauces & Chutneys",Heinz Seriously Good Mayonnaise 565ml,CS,10,22,,
113738431,Other Grocery,7UP Zero 8x330ml,CS,3,7,,
113931792,Energy Drinks,Red Bull Coconut 250ml,CS,12,12.38,,
113903476,Other Grocery,Volvic Touch of Strawberry Sparkling Water 330ml,CS,12,8.25,,
113652005,Other Grocery,Head & Shoulders Core Classic 2 in 1 330ml,CS,6,14,,
113954880,Other Grocery,Kelloggs Cornflakes 450g,CS,12,24,,
109191832,Alcohol,Martini Extra Dry 75cl (15%),CS,6,49.2,,
113423659,Other Grocery,Nutmeg Home Essentials Wooden Spoon,CS,18,8.46,,
113704725,Other Grocery,Bold Liquid Gel Spring Awakening 26W,CS,6,18,,
113738642,Other Grocery,Tango Orange 8x330ml,CS,3,7,,
113421899,Other Grocery,Nutmeg Home Green Tracker Bottle 1l,CS,4,8.8,,
112856305,"Tea, Coffee & Sweeteners",Tetley Green Tea & Lemon 50x100g,CS,4,9.6,,
113685940,Other Grocery,Dettol Hands & Surface Antibacterial Wipes 15pk,CS,9,9.23,,
112856292,"Tea, Coffee & Sweeteners",Tetley Pure Green Teabags 50pk,CS,4,9.72,,
101708569,Other Grocery,Cono Sur Viognier 75cl,CS,6,30.9,,
113123040,Alcohol,Casillero Del Diablo Pinot Grigio White Wine 75cl,CS,6,34,,
101718290,Other Grocery,McGuigan Black Label Pinot Grigio 75cl,CS,6,30.6,,
112695329,Other Grocery,Madri Excepcional 10x440ml,CS,1,10.65,,
113976270,Other Grocery,Daz Powder For Whites & Colours 21 Washes 1.05Kg,CS,6,15.12,,
112039663,Snacks & Crisps,Urban Fruit Gently Baked Mango Snack Pack 35g,CS,14,11.36,,
113090751,Other Grocery,La Vieille Ferme Blanc 75cl,CS,6,35.34,,
113836390,Other Grocery,Hardys Nottage Hill Shiraz 75cl,CS,6,31.68,,
112922368,Other Grocery,Dove Women Anti-perspirant Deodorant Roll on 50ml,CS,6,6.6,,
112572222,Other Grocery,M 70l Tie Top Refuse Sack 20pk,CS,12,16.56,,
113693923,Other Grocery,Mr. Freeze Freezepops 20x45ml,CS,8,8,,
113779621,Other Grocery,Birrificio Angelo Poretti 4x440ml,CS,6,25,,
113801390,Household Paper & Disposables,Nicky Soft Touch Toilet Tissue 9 Rolls,CS,5,11.9,,
113724208,Other Grocery,Lucozade Sport Blue Force 500ml,CS,12,10,,
104762190,Alcohol,M Extra Virgin Olive Oil 250ml,CS,12,20.4,,
113898363,Other Grocery,Kronenbourg 1664 4x440ml,CS,6,25.5,,
113898401,Other Grocery,Kronenbourg 1664 10x440ml,CS,2,17.25,,
113796391,Other Grocery,Birra Moretti Sale Di Mare 4x330ml,CS,6,32.4,,
113761674,Alcohol,Ritz Original Cracker Box 150g,CS,8,10,,
113758248,Alcohol,Au Vodka Cherryade 330ml,CS,12,22.68,,
113781077,Alcohol,J.J Whitley Pink Gin 1l,CS,6,103.2,,
113761789,Other Grocery,Ritz Cheese Cracker Box 140g,CS,8,10,,
113805884,Alcohol,Staropramen 4x440ml (5%),CS,6,27.66,,
113790635,Other Grocery,Funkin Nitro Blue Raspberry Martini 200ml,CS,12,16.44,,
113682280,"Rice, Pasta & Noodles",M Basmati Rice 500g,CS,10,8.4,,
104762042,Other Grocery,M Olive Oil 250ml,CS,12,16.8,,
113717243,Other Grocery,Cadbury Boost 4 Bars 126g,CS,12,15.12,,
113682319,"Rice, Pasta & Noodles",M Easy Cook Long Grain Rice 500g,CS,10,6.9,,
112039495,Other Grocery,Bear Fruit Strawberry 35g,CS,14,12.6,,
112450891,Other Grocery,Nescafe Azera Intenso 90g,CS,6,19,,
113699840,Laundry & Fabric Care,Fairy Fabric Conditioner 27W 891ml,CS,12,18.12,,
111184121,Other Grocery,Terra Argenta Malbec Mendoza 75cl,CS,6,36.72,,
113577640,Other Grocery,Cherry Blossom Shoe Polish Dark Tan 40g,CS,12,10.29,,
113133598,Snacks & Crisps,Taylors Pickled Onion Crisps 150g (Scot Only),CS,8,9.6,,
112906641,Other Grocery,Golden Wonder Ringos Cheese & Onion 40g £1 PMP,CS,18,11.93,,
111640596,Other Grocery,Surf Tropical Lily & Ylang-Ylang Powder 1.15kg,CS,4,11.12,,
113699680,Alcohol,Ariel Original Laundry Gel 26W 858ml,CS,6,23.3,,
113750131,Snacks & Crisps,McCoys Thai Sweet Chicken Crisps 45g,CS,36,25.2,,
113649615,Alcohol,Brewdog Wingman 4x330ml (5%),CS,6,28.5,,
113146111,Other Grocery,Mcvities Iced Gems 5pk 115g,CS,7,8.4,,
107631831,Snacks & Crisps,M Brazil Nuts 60g,CS,16,15.84,,
107631902,Other Grocery,M Almonds 60g,CS,16,14.24,,
112615659,Other Grocery,M Best Alvarinho 75cl,CS,6,39,,
113737973,Other Grocery,Sun-Pat Smooth Peanut Butter 300g,CS,6,14,,
107199902,Other Grocery,Cillit Bang Black Mould 750ml,CS,6,15.38,,
113182621,Other Grocery,Persil Non - Bio Capsules 15pk,CS,4,10.6,,
112444271,Snacks & Crisps,Roasted & Salted Cashew & Peanuts 65g,CS,16,13.6,,
113694889,Other Grocery,Golden Wonder Chip Shop Curry 57g £1 PMP,CS,18,11.93,,
113695056,Other Grocery,Golden Wonder Spring Onion 57g £1 PMP,CS,18,11.93,,
113915928,Cleaning Tools & Accessories,Ultra Absorbent Sponge,CS,24,17.6,,
113686256,Other Grocery,Vimto Eezy Freezy Pyramids 8x496ml,CS,6,7.5,,
113829464,Other Grocery,Cadbury Starbar Duo 74g,CS,32,26.13,,
113182824,Other Grocery,White Claw Hard Seltzer Black Cherry 330ml,CS,12,16.8,,
113394413,Other Grocery,M Instant Skimmed Milk Powder 340g,CS,6,16.86,,
112524301,Other Grocery,Sharps Atlantic 4x500ml,CS,6,25.5,,
112649269,Other Grocery,Smirnoff Ice Raspberry 70cl,CS,6,12.6,,
111765743,Other Grocery,Villa Maria Sauvignon Blanc Cellar Selection 75cl,CS,6,49.8,,
113371393,Other Grocery,Brewdog Black Heart 4x440ml,CS,6,25.86,,
113566836,Other Grocery,Served Margarita 250ml,CS,12,20.4,,
110372121,Other Grocery,Hardys Vr Pinot Grigio 75cl,CS,6,27.6,,
113848067,Other Grocery,Mcvities Gold Billions Wafer 39.5g 90p PMP,CS,24,11.4,,
110917418,Other Grocery,Pedigree Schmackos Multi 20x144g,CS,9,11.7,,
105624418,Other Grocery,Quaker Oat So Simple Summer Berries 58g,CS,8,6.3,,
113737674,Other Grocery,Sun-Pat Crunchy Peanut Butter 300g,CS,6,14,,
104612589,Other Grocery,Cadbury Starbar 49g,CS,32,20.25,,
109082661,Soft Drinks & Juice,Kinder Chocolate 50g,CS,20,14.4,,
113388347,"Rice, Pasta & Noodles",Kelloggs Rice Krispies 430g,CS,14,34.5,,
113869255,Other Grocery,Maltesers Big Bag 58.5g,CS,25,20.8,,
113387926,Other Grocery,Kelloggs Coco Pops 420g,CS,18,44,,
113680575,Other Grocery,Miracle Gro Premium All Purpose PF Compost 10l,CS,1,2.6,,
300001804,"Condiments, Sauces & Chutneys",Hellmanns Chunky Burger Sauce 250ml,CS,8,12.5,,
111169870,Other Grocery,Plenty White Kitchen Towel 2 Rolls,CS,4,12.32,,
105900620,Other Grocery,Munchkin Float & Play Bubbles 2pk,CS,3,9.3,,
112445864,Other Grocery,Cherry Blossom Twin Pack Black Round Lace 75cm,CS,6,4.8,,
111810735,Other Grocery,Gordons Alcohol Free & Tonic 4x250ml,CS,4,15.28,,
105700708,Other Grocery,M Gravy Granules for Beef 200g,CS,12,8.76,,
107433869,Other Grocery,Liptonice Lemon 1.25l,CS,6,6.5,,
100789184,Other Grocery,Lockets Honey & Lemon 10pk,CS,20,9.2,,
111039266,Other Grocery,Strongbow 2l,CS,6,22.92,,
110537562,Other Grocery,Freixenet Alcohol Free Sparkling Rose 75cl,CS,6,19.38,,
112391481,Other Grocery,Peroni Nastro Azzurro Alcohol Free 4x330ml,CS,6,24.9,,
113669501,Other Grocery,Blue Riband Mixed Pack 6x18g,CS,26,18,,
112750818,Other Grocery,Jakemans Throat & Chest 73g,CS,12,7.08,,
111295905,Other Grocery,Cadbury Fudge 22g,CS,60,17.4,,
110537597,Other Grocery,Freixenet Alcohol Free Sparkling White 75cl,CS,6,19.38,,
113783507,Other Grocery,Four Loko Tropical 440ml,CS,12,26.52,,
100213249,Other Grocery,Halls Soothers Blackcurrant 45g,CS,20,10,,
113572540,Other Grocery,M Catch Set,CS,6,7.2,,
106962507,Soft Drinks & Juice,Foxs Milk Chocolate Chocolatey Biscuits 130g,CS,12,18,,
110543591,Alcohol,Knights Apple Cider 500ml (8.4%),CS,24,25.2,,
112983873,Soft Drinks & Juice,Kelloggs Crunchy Nut Chocolate Clusters 400g,CS,6,14.3,,
111120371,Other Grocery,Lotus Biscoff Cream 150g,CS,9,12.6,,
108734436,Other Grocery,M Cat Milk 200ml,CS,24,13.2,,
100519301,Other Grocery,Webbox Lick-E-Lix Salmon & Omega 3 & 6 5x15g,CS,17,16.83,,
110507566,Alcohol,Frosty Jacks Cider 2.5l (7.5%),CS,4,16.12,,
112085176,"Condiments, Sauces & Chutneys",Foxs Jam Cream Rings 150g,CS,20,14.4,,
109350485,Other Grocery,Most Wanted Pinot Grigio Sparkling 200ml,CS,12,19.56,,
113829608,Other Grocery,Capri Sun Orange 330ml £1.19 PMP,CS,15,11.55,,
113646561,Sugar & Baking,(B) SS White Sugar Sachets1000x2g,CS,1000,0.01,,
113728225,"Condiments, Sauces & Chutneys",Sensations Mature Cheddar & Chilli Chutney 150g,CS,12,14.5,,
113551669,Other Grocery,Cruzcampo 10x440ml,CS,1,8,,
113728161,Other Grocery,Sensations Crushed Sea Salt Black Peppercorn 150g,CS,12,14.5,,
113684082,Other Grocery,(B) Monin Hazelnut Syrup 6x1l,CS,6,45.66,,
113684091,Other Grocery,(B) Monin Vanilla Syrup 6x1l,CS,6,45.66,,
110412217,"Condiments, Sauces & Chutneys",Golden Wonder Tomato Ketchup 6pk,CS,16,16,,
113753586,Other Grocery,Hardys Crest Shiraz 75cl,CS,6,34.5,,
113731310,Other Grocery,Estrella Damm Can 4x440ml,CS,6,24.4,,
100501582,Other Grocery,Yeungs Chinese Curry Mix 220g,CS,12,14.4,,
113730253,Energy Drinks,Monster Bad Apple 4pk,CS,6,23.16,,
113730544,Energy Drinks,Monster Bad Apple 500ml,CS,12,13.32,,
113758758,"Tea, Coffee & Sweeteners",Yorkshire Gold 80 Tea Bags 250g,CS,5,16,,
104975793,Other Grocery,Belhaven Black 500ml,CS,8,12.48,,
104423569,Alcohol,Fyne Ales Jarl Ale 500ml (3.8%),CS,8,13.92,,
104277979,Other Grocery,Williams Bros 7 Giraffes Extra Ordinary Ipa 500ml,CS,8,12.72,,
113487804,Alcohol,Tennents Special 4x500ml (3.4%),CS,6,18,,
108558807,Other Grocery,Cairngorm Brewery Wildcat 500ml,CS,8,12.8,,
106822678,Other Grocery,Broughton Ales Old Jock 500ml,CS,8,12.8,,
108559658,Other Grocery,Cairngorm Brewery Black Gold 500ml,CS,8,12.4,,
101719671,Other Grocery,Sweetheart Stout 4x500ml,CS,6,19.14,,
113582490,Other Grocery,Aero Hazelnut Block 90g,CS,15,12.5,,
113165830,Other Grocery,M Fine Cut Marmalade 420g,CS,6,4.86,,
113834968,Other Grocery,M Smooth Peanut Butter 340g,CS,6,6.18,,
113828613,Other Grocery,M Crunchy Peanut Butter 340g,CS,6,6.3,,
113832989,Other Grocery,Sweeties Fizzy Mix 600g,CS,4,6.8,,
113740970,Other Grocery,John Smiths Extra Can 10x440ml,CS,2,14,,
113741024,Other Grocery,John Smiths Extra Can 4x440ml,CS,6,22.08,,
113827709,Other Grocery,Strongbow Dark Fruit 568ml,CS,24,31.2,,
113324781,Other Grocery,M Non-Bio Super Concentrate Liquid 30w 750ml,CS,6,10.8,,
113420520,Other Grocery,Nutmeg Home Four Sided Grater,CS,6,9.42,,
113420319,Other Grocery,Nutmeg Home Waiters Friend Corkscrew,CS,6,4.2,,
109596573,Breakfast Cereals & Muesli,Quaker Oats Oat So Simple Protein Golden Syrup 63g,CS,6,6.72,,
113376338,Other Grocery,Nutmeg Half Pint Recyclable Plastic Tumbler 15pk,CS,16,15.36,,
108989981,Other Grocery,Gorilla Super Glue 15g,CS,6,25.26,,
113709340,Other Grocery,Pringles Hot Smoky BBQ Ribs 160g,CS,19,21.95,,
113709251,Other Grocery,Pringles Hot Kickin Sour Cream 160g,CS,19,21.95,,
113385875,Soft Drinks & Juice,Bahlsen Choco Leibniz Milk Chocolate Biscuits 111g,CS,12,19.8,,
113449550,"Rice, Pasta & Noodles",Koka Instant Chicken Noodles 85g,CS,30,12.9,,
113393437,Breakfast Cereals & Muesli,Oat So Simple Caramelised Biscuit Porridge 56.64g,CS,8,6.3,,
113303921,Other Grocery,M Dog Poop Bag With 30% Recycled Material,CS,18,23.4,,
112649517,Other Grocery,Mucho Mas Black Label Red 75cl,CS,6,31.5,,
113014433,"Condiments, Sauces & Chutneys",Jam Shed Red Blend 75cl,CS,6,31.5,,
113581999,Other Grocery,Wrigleys Extra Watermelon SF Gum 10pc,CS,30,12.6,,
105410461,Snacks & Crisps,M Monkey Nuts 200g,CS,10,8.7,,
112419535,Other Grocery,Graham Norton South Africa Sauvignon Blanc 75cl,CS,6,33.12,,
113516273,Other Grocery,Febreze Air Freshener Spray Cotton Fresh 185ml,CS,8,11.6,,
107588431,Other Grocery,Bepanthen Ointment 30g,CS,5,13.1,,
110387138,Other Grocery,Head & Shoulders Smooth & Silky Conditioner 275ml,CS,6,14,,
111134802,Breakfast Cereals & Muesli,M Extra Fruity Muesli 750g,CS,7,13.79,,
108304364,Breakfast Cereals & Muesli,M Berry Granola 750g,CS,6,11.82,,
113040498,Other Grocery,Nutmeg Yellow 100 Sheet Sticky Notes 76x127mm,CS,12,7.2,,
110742128,Alcohol,Beefeater Blood Orange Gin 70cl,CS,6,87.9,,
113325207,Laundry & Fabric Care,M Savers Bio Laundry Liquid 33W 1l,CS,6,8.04,,
111882675,Other Grocery,Jim Beam Black Cherry 70cl,CS,6,85.5,,
105696286,Other Grocery,Bulldog Sensitive Moisturiser100ml,CS,4,14.95,,
113607757,Other Grocery,Grenade Oreo White 60g,CS,12,15,,
113416125,Breakfast Cereals & Muesli,Ambrosia Porridge Apple Blueberry Layer Pot 210g,CS,6,6,,
113465373,"Condiments, Sauces & Chutneys",Heinz Burger Sauce 400ml,CS,10,25.4,,
113465058,"Rice, Pasta & Noodles",Snack a Jacks Salt & Vinegar Rice Cakes 117g,CS,8,12.88,,
110173068,Other Grocery,Nivea Hand Cream Intensive 100ml,CS,6,12,,
113182761,Other Grocery,Zip Block Firelighters 20 pack,CS,24,31.44,,
113323711,Soft Drinks & Juice,(B) Hersheys Milk Chocolate Freeze 12x10886.2 g,CS,12,119.7,,
112578510,Other Grocery,Hilltop Maple Flavour Syrup 230g,CS,6,8.8,,
300001676,"Condiments, Sauces & Chutneys",Heinz Sweet Chilli Sauce 400ml,CS,10,25.4,,
111577195,Other Grocery,M Raisins 500g,CS,12,21.6,,
113319026,Other Grocery,(B) Reeses Freeze 12xEach,CS,12,119.7,,
113467838,Other Grocery,Malibu 70cl,CS,6,73.5,,
113407464,Other Grocery,Nutmeg Sensitive Baby Wipes 60pk,CS,15,6.75,,
112236202,Breakfast Cereals & Muesli,Ambrosia RTE Porridge Golden Syrup Flavour 210g,CS,6,6,,
113331501,Other Grocery,M Merlot 2.25l,CS,4,44.76,,
111085553,Other Grocery,Gillette Simply Venus 2 Blades Razors Razors 4pk,CS,7,7.7,,
113267730,Alcohol,J.J Whitley Artisanal Vodka 70cl,CS,6,75.9,,
113451748,Other Grocery,Golden Wonder Spicy Bikers 50g £1 PMP,CS,18,12.06,,
113389497,Other Grocery,VK Mixed Pack 10x275ml,CS,1,7,,
113452468,Snacks & Crisps,Golden Wonder Tranform-a-snacks BBQ 56g £1 PMP,CS,18,12.07,,
113293655,Alcohol,Nivea Original Care Lip Balm 4.8g,CS,12,17.28,,
113292345,Other Grocery,Nivea Hydro Care Lip Balm SPF15 4.8g,CS,12,13,,
113099668,Other Grocery,McVities White Digestives Biscuits 232g,CS,12,18,,
112918246,Other Grocery,Casio MX 12 Desk Calculator,CS,10,30.3,,
113497105,Other Grocery,Johnsons Baby Natural Powder 400g,CS,6,16.92,,
113360310,Other Grocery,Colourburst Full Slant Tweezer,CS,3,2.5,,
113417435,Alcohol,Compton Orchard Cider 4x440ml,CS,6,13.2,,
113442796,"Condiments, Sauces & Chutneys",Bonne Maman Strawberry Conserve 30g,CS,30,13.5,,
110808060,Other Grocery,Vithit Lean & Green Apple + Elderflower 500ml,CS,12,9.84,,
113168475,Alcohol,J.J Whitley Artisanal Vodka 1l,CS,6,91,,
108846956,Other Grocery,M 250 Sticky Labels,CS,10,8.2,,
108599140,Other Grocery,Sourz Cherry 70cl,CS,6,51.48,,
113447458,Other Grocery,Rattler Berry Cornish Cyder 500ml,CS,12,18.84,,
106047608,Other Grocery,Korea Foods Big Bowl Noodle Kimchi 112g,CS,16,21.12,,
113352117,Other Grocery,Tropicana Long Life Smooth Orange Juice 850ml,CS,6,10.32,,
108613731,Other Grocery,Ajumma Republic Korean Hot Red Pepper Paste 500g,CS,6,13.5,,
112146477,Other Grocery,Brewdog Mix 8x330ml,CS,1,8.2,,
113338518,Other Grocery,Samyang Buldak Hot Chicken Ramen 140g,CS,8,38.82,,
113271747,Other Grocery,Nutmeg A5 Spiral Notebook 60GSM 70 Sheets,CS,12,7.32,,
113273283,Other Grocery,Nutmeg A4 Refill Pad 60gsm 80 Sheets,CS,12,10.2,,
101731638,Alcohol,Grants Whisky 70cl,CS,6,77.1,,
113040711,Other Grocery,Jura Bourbon Cask 70cl,CS,6,150,,
113381428,Other Grocery,M Black Retractable Pens 20pk,CS,8,14.08,,
107346600,Other Grocery,Talisker Skye Malt 70cl,CS,6,180,,
113435203,Other Grocery,Beavertown Neck Oil 4x330ml,CS,6,25.5,,
112394198,Other Grocery,Sierra Nevada Pale Ale 355ml,CS,12,18.84,,
113608514,Alcohol,Vimto Original Energy 500ml,CS,12,6.5,,
113608573,Sugar & Baking,Vimto No Added Sugar Energy 500ml,CS,12,6.5,,
113449971,Other Grocery,Heinz Chicken & Sweetcorn Risotto 1+ Year 200g,CS,5,8.8,,
113442850,Other Grocery,Heinz Sweet Potato & Lean Beef Hotpot 1+ Year 200g,CS,5,8.8,,
113440723,Other Grocery,Heinz Spaghetti Bolognese 1+ Year 200g,CS,5,9,,
112829331,Household Paper & Disposables,Andrex Ultimate Quilts Toilet Rolls 9pk,CS,4,14.8,,
112813479,Other Grocery,Smirnoff Ice 4x250ml,CS,6,22.02,,
113373532,Energy Drinks,Monster Energy Zero Sugar 4x500ml,CS,6,20.1,,
113495521,Other Grocery,Organix Carrot Cake Soft Oaty Bars 138g,CS,6,14.04,,
112786845,Pet Food,Harringtons Dog Food Lamb 1.7kg,CS,4,12.52,,
112046601,Soft Drinks & Juice,PhD Smart Protein Plant Chocolate Cookie 500g,CS,1,11.84,,
112824792,Other Grocery,Harringtons Turkey 1.7kg,CS,4,12.52,,
112369865,Other Grocery,Casillero Del Diablo Tempranillo 75cl,CS,6,34,,
113429954,Other Grocery,Frazzles Bacon 120g,CS,12,14.4,,
109376298,Alcohol,Freixenet Prosecco D. O. C. 75cl (10.5%),CS,6,46.74,,
113582027,Other Grocery,Yorkie Raisin & Biscuit Duo 66g,CS,24,19.2,,
113265873,Other Grocery,Galaxy Ripple 4pk,CS,22,33.5,,
113331535,Other Grocery,M Sauvignon Blanc 2.25l,CS,4,46.88,,
113548671,Other Grocery,Cruzcampo 4x440ml,CS,6,22.25,,
111656109,"Tea, Coffee & Sweeteners",(B) M Brew Decaf Coffee Beans 8x1kg,CS,8,130.16,,
113254197,Other Grocery,(B) M Espresso Blend 8x1kg,CS,8,93.12,,
112046572,Other Grocery,PhD Diet Whey Vanilla 1kg,CS,1,18.33,,
112613653,Soft Drinks & Juice,PhD Diet Whey Belgian Chocolate 1kg,CS,1,18.83,,
112589260,Other Grocery,PhD Creatine 250g,CS,1,11.41,,
112343243,"Tea, Coffee & Sweeteners",Kenco Iced/Hot Vanilla Latte Coffee Sachets 162.4g,CS,5,10,,
108862500,Other Grocery,Robertsons Golden Shredless 454g,CS,6,12.72,,
112343147,Other Grocery,Kenco Iced/Hot Salted Caramel Latte Sachets 162.4g,CS,5,10,,
113373858,Energy Drinks,Monster Energy Zero Sugar 500ml,CS,12,12.36,,
111275921,Snacks & Crisps,KP Unsalted Roasted Peanuts 250g,CS,12,20.25,,
113341338,Other Grocery,M Pinot Grigio 2.25l,CS,4,46.8,,
113426323,"Tea, Coffee & Sweeteners",PG Tips Scottish Blend Tea Bags 80x232g,CS,6,16.56,,
113449998,Other Grocery,Hobgoblin Gold 4x440ml,CS,6,21,,
105379521,Sugar & Baking,Vimto No Added Sugar 2l,CS,6,12.96,,
113551491,Alcohol,Cruzcampo 12x330ml (4.4%),CS,1,9.35,,
105379766,Alcohol,Vimto Original Cordial 2l,CS,6,12.96,,
113522972,Other Grocery,Tresemme Conditioner Rich Moisture 300ml,CS,6,7.92,,
113518341,Other Grocery,Tresemme Shampoo Richmoisture 300ml,CS,6,7.92,,
113505881,Alcohol,Lambs Spiced Rum 70cl (30%),CS,6,70,,
113341557,Other Grocery,M Merlot 75cl,CS,6,24.6,,
111049288,Alcohol,Kleenex Original Pocket Pack 9 Sheets 6pk,CS,10,10,,
113070380,Alcohol,Au Vodka Pink Lemonade 70cl,CS,6,144,,
113526471,Alcohol,Carlsberg Pilsner 18x440ml (3.4%),CS,1,8.45,,
113544813,Alcohol,Carlsberg Pilsner 4x568ml,CS,6,21.5,,
113133002,Other Grocery,Harringtons Small Dog Turkey 1kg,CS,5,11.15,,
112285653,Other Grocery,Flash Bathroom Spray Wipe Done Antibacterial 800ml,CS,10,18,,
111954421,Other Grocery,M A4 Lever Arch File,CS,10,12.9,,
111545222,Other Grocery,Flash Mandarin Wipe & Done Spray 800ml,CS,10,18,,
113194892,Other Grocery,Good Boy Chewables Peanut Medium Bones Dog 158g,CS,8,14.08,,
101741043,Other Grocery,Chambord 20cl,CS,6,37.8,,
113528821,Alcohol,Carlsberg Pilsner 10x440ml (3.4%),CS,2,11.25,,
113066356,Other Grocery,M Adult Cat Premium Luxury Food Chicken 85g,CS,24,8.88,,
113426606,Alcohol,PG Tips Original Tea Bags 80pk 232g,CS,12,28.8,,
113134873,Other Grocery,Forthglade Senior Wet Dog Turkey/Veg/Grain 395g,CS,7,8.05,,
113341522,Other Grocery,M Pinot Grigio 75cl,CS,6,27.54,,
113271552,Other Grocery,Nutmeg Stationery Set,CS,12,14.16,,
112883477,Other Grocery,Nutmeg Regular Clear Tape 2pk,CS,12,6.72,,
108850672,Other Grocery,M Document Wallets 4pk,CS,13,11.7,,
113299838,Other Grocery,Kopparberg Pear Vintage 500ml,CS,8,11.68,,
111324201,Other Grocery,Hula Hoops Salt & Vinegar 6x24g,CS,30,37,,
113331471,Other Grocery,M Shiraz 75cl,CS,6,24.6,,
111107450,Other Grocery,Walkers Baked Salt & Vinegar 37.5g,CS,32,14.72,,
113229910,Other Grocery,Hot Wheels (Clipstrip),CS,72,104.4,,
111291525,Other Grocery,Mr. Porky Scratchings 65g,CS,14,13.3,,
113353582,Alcohol,Rattler Original Cornish Cyder 500ml,CS,12,20.88,,
113309186,Other Grocery,Cofresh Bombay Mix 80g,CS,24,13.92,,
113415801,Soft Drinks & Juice,Galaxy Instant Hot Chocolate Drink 370g,CS,6,17.76,,
113422550,"Tea, Coffee & Sweeteners",Taylors Rich Italian Coffee Beans 200g,CS,6,24,,
112679505,Snacks & Crisps,Popworks Sweet BBQ Flavour Popped Crisps 28g,CS,18,8,,
113308239,Household Paper & Disposables,Nutmeg White 33cm Napkins 50pk,CS,8,4,,
113149311,Other Grocery,M Yorkshire Vale Still Spring Water 6x2l,CS,1,1.95,,
113333709,Other Grocery,Nutmeg Home Soft Grip Garlic Press,CS,6,14.16,,
113302152,Alcohol,Thatchers Vintage Cider 500ml,CS,6,10.44,,
113334103,Other Grocery,Nutmeg Nylon Masher,CS,4,3.52,,
113173240,Other Grocery,Nutmeg Home 1l Food Storers 4pk,CS,6,10,,
113026848,Other Grocery,Hardys Stamp Shiraz 75cl,CS,6,26.82,,
112606171,Alcohol,KP Original Salted Peanuts 50g,CS,24,19.2,,
113121600,"Condiments, Sauces & Chutneys",Heinz Bolognese Pasta Sauce 350g,CS,6,9,,
113188396,Other Grocery,Nutmeg Home Jar Opener 2 Sizes,CS,6,5.22,,
113235471,Other Grocery,Nutmeg Home 9inch Kitchen Tongs,CS,6,6,,
113221168,Other Grocery,Nutmeg Home Essentials Can Opener,CS,24,10.08,,
113388427,Alcohol,Kelloggs Special K Original 440g,CS,18,43.2,,
105154647,Other Grocery,M 14cm Aluminium Milk Pan,CS,4,11.63,,
113290614,Protein & Functional Drinks,Get More Vits Vitamin D Still Mango&Passionfruit1l,CS,12,8,,
113290657,Protein & Functional Drinks,Get More Vits Vitamin B12 Still Pink Grapefruit 1l,CS,12,8,,
105240473,Other Grocery,M 20cm Aluminium Frypan,CS,4,11.63,,
112593584,Other Grocery,Grenade Protein Bar Lemon Cheesecake 60g,CS,12,15,,
113339078,Other Grocery,Sarsons Sweet And Mild Silverskin Onions 460g,CS,6,10.98,,
112618729,Other Grocery,After Eight Mint Collection Box 199g,CS,8,30,,
113265030,Other Grocery,Lindt Choco Wafer Assorted Sharing Box 138g,CS,8,34.56,,
113183114,Other Grocery,Zip Wrapped Firelighters 14pk,CS,12,26.4,,
112972445,Other Grocery,Radox Feel Active Mood Boosting Shower Gel 225ml,CS,6,4.88,,
113307631,Other Grocery,M Essentials 300 Cocktail Sticks,CS,12,5.37,,
108847414,Other Grocery,M Bubble Envelopes 4pk,CS,15,11.1,,
108840597,Other Grocery,M Pencil Case Clear,CS,20,9.4,,
113337419,Soft Drinks & Juice,Dr Oetker Extra Dark Chocolate 100g,CS,22,44,,
113299563,Other Grocery,Toblerone Truffles 180g,CS,8,27,,
112928719,Other Grocery,NU Mail Bubble Wrap Roll,CS,10,7.3,,
108841194,Other Grocery,M Expanding File,CS,10,17.5,,
113341611,Other Grocery,M Chardonnay 75cl,CS,6,24.18,,
112110618,Other Grocery,Echo Falls Summer Berries Fruit Fusion 75cl,CS,6,26.22,,
108841039,Other Grocery,M Display Book,CS,15,14.7,,
108841004,Other Grocery,M Punch Pockets 50pk,CS,15,18,,
113370729,Other Grocery,Bud Light 4x440ml,CS,6,19.8,,
113418121,Alcohol,Compton Orchard Cider 2l,CS,6,11.58,,
113385365,Other Grocery,McVities Jaffa Cakes Twin 20pk,CS,6,9,,
113385331,Other Grocery,McVities Jaffa Cakes 10pk,CS,12,10.2,,
112681058,Ready Meals & Prepared Food,Walkers Sharing Bag Ready Salted 150g,CS,6,6.75,,
113412087,Other Grocery,Juicy Drop Gummy Dipperz 96g,CS,8,9.99,,
113426729,Other Grocery,Juicy Drop Gummies 67g,CS,12,11.21,,
113411965,Other Grocery,Mega Push Pop 30g,CS,18,16.2,,
113412212,Other Grocery,Chupa Chups Big Babol Strawberry 28g,CS,20,4.4,,
113334082,Alcohol,Swizzels Drumstick Squashie Sour Cherry&Apple 140g,CS,12,9,,
113325928,Other Grocery,Swizzels Squashies Rhubarb & Custard 140g,CS,12,9,,
113325805,Alcohol,Swizzels Drumstick Squashie Original 140g,CS,12,9,,
113325899,Alcohol,Swizzels Drumstick Squashie Bubblegum 140g,CS,12,9,,
112987170,Other Grocery,Sharwoods Plain Mini Naans 4pk,CS,8,8.8,,
112680856,Other Grocery,Walkers Sharing Bag Cheese & Onion 150g,CS,6,6.75,,
113108325,Energy Drinks,Monster Energy Aussie Style Lemonade 500ml,CS,12,13.32,,
111170029,Other Grocery,M Hi Ball Glass,CS,16,6.72,,
113369584,Alcohol,Nestle Coffee Mate Original Coffee Whitener 325g,CS,6,18,,
113327632,Alcohol,Sour Patch Kids Original 130g,CS,10,9.4,,
113430891,Other Grocery,Chupa Chups Big Babol Tutti Frutti 28g,CS,20,4,,
112963602,Other Grocery,Nutmeg Home Essentials 32cm Oven Tray,CS,8,7.04,,
111072365,Other Grocery,M Easy Care Grey Housewife Pillow Cases 2pk,CS,5,6,,
111062239,Other Grocery,M Easy Care Grey Fitted Sheet Single,CS,6,12.6,,
113051461,Other Grocery,Nutmeg Home Ochre Face Cloth,CS,6,1.44,,
105287431,Alcohol,M Standard Wine Glass,CS,24,13.68,,
104385953,Other Grocery,M 24cm Frying Pan,CS,6,21.54,,
112243699,Other Grocery,M Cleaning Cloths 5pk,CS,9,5.4,,
113055420,Other Grocery,Thumbs Up Storage Box & Lid 20l,CS,6,11.78,,
113212384,Alcohol,Whitley Neill Raspberry Gin 70cl,CS,6,97.75,,
113309151,Other Grocery,Swizzels Refreshers 100g,CS,24,18.72,,
113370631,Other Grocery,Bud Light 10x440ml,CS,1,6,,
113116780,Alcohol,Bens Original Savoury Chicken Microwave Rice 220g,CS,6,6.9,,
113336328,Soft Drinks & Juice,Buchanans Chocolate Dipped Fudge 120g,CS,12,11.64,,
112009641,Other Grocery,Cadbury Dairy Milk Jelly Popping Candy 47g,CS,24,14.4,,
112258188,Other Grocery,M Essential Fragranced Disposable Bags 100pk,CS,36,12.6,,
113337321,Soft Drinks & Juice,Buchanans Milk Chocolate Caramels 110g,CS,12,11.64,,
111870383,Other Grocery,Owl Brand Stationery Mailing Bags Extra Large 4pk,CS,10,11.5,,
111871298,Other Grocery,Owl Brand Stationery Padded Envelopes D 3pk,CS,10,11.5,,
109519498,Other Grocery,Bic Crystal Mixed 10pk,CS,10,21.7,,
110778155,Other Grocery,Starbucks Nespresso Dark Espresso 10 Pods 57g,CS,12,42.48,,
111871618,Other Grocery,Owl Brand Stationery Parcel Wrapping Kit,CS,10,11.5,,
111904109,Other Grocery,Protect & Send Small Mailing Box 280x200x111mm,CS,20,17.6,,
111870885,Other Grocery,Owl Brand Stationery Mailing Bags Small 5pk,CS,10,8.4,,
112770202,Other Grocery,(B) M Cafe Pepper Sachets 2000xEach,CS,2000,6.03,,
113271333,Other Grocery,Vocation Brewery Toucan Tropic DDH IPA 440ml,CS,12,20.88,,
111904168,Other Grocery,Protect & Send Medium Mailing Box 350x250x160mm,CS,20,24,,
112396513,Other Grocery,Tallon 1-500 Cloakroom Tickets,CS,12,7.8,,
111870551,Other Grocery,Owl Brand Stationery Mailing Bags Large 5pk,CS,10,11.5,,
109519480,Other Grocery,Bic Cristal Black 10pk,CS,10,21.7,,
113352547,Alcohol,Brewdog Lost Lager 10x440ml,CS,1,8.6,,
111871159,Other Grocery,Owl Brand Stationery Padded Envelopes K 2pk,CS,10,11.5,,
111870236,Other Grocery,Owl Brand Stationery Padded Envelopes B 3pk,CS,10,8.4,,
111871010,Other Grocery,Owl Brand Stationery Manilla Envelopes C4 3pk,CS,10,9.2,,
113076474,Alcohol,Gordons Morello Cherry Flavoured Gin 70cl,CS,6,76.5,,
111904133,Other Grocery,Protect & Send Large Mailing Box 450x350x160mm,CS,20,33.33,,
111870720,Other Grocery,Owl Brand Stationery Mailing Bags Medium 5pk,CS,10,9.2,,
111871415,Other Grocery,Owl Brand Stationery Padded Envelopes F 3pk,CS,10,13.8,,
113309338,Other Grocery,Swizzels Double Lollies 100g (ClipStrip),CS,24,18.72,,
108028283,Other Grocery,MacB Strawberry & Kiwi Spring Water SF 1.5l,CS,8,6,,
113265689,Other Grocery,Galaxy Ripple 30g,CS,36,26.64,,
113259676,"Rice, Pasta & Noodles",Kelloggs Rice Krispies Squares 28g,CS,30,12.6,,
112431059,Other Grocery,Pukka Recycled Box File Black,CS,8,16.56,,
100204297,Other Grocery,Stockans Orkney Thin Oatcakes 100g,CS,36,18,,
107433893,Other Grocery,Liptonice Peach 1.25l,CS,6,6.5,,
101723152,Alcohol,Gordons Gin 1l,CS,6,96.75,,
109863328,Alcohol,Swizzels Drumstick Mega Lolly 28g,CS,36,6.12,,
100213601,Other Grocery,Wrigleys Extra Cool Breeze SF 10x14g,CS,30,12.6,,
113211517,Alcohol,Whitley Neill Rhubarb & Ginger Gin 70cl,CS,6,97.5,,
112534648,"Condiments, Sauces & Chutneys",Sharwoods Thai Green Curry Sauce 415g,CS,6,10.8,,
101741019,Alcohol,Captain Morgan Original Spiced Gold 1l,CS,6,96.75,,
112897174,Alcohol,Bens Original Basmati Rice 220g,CS,6,5.22,,
113309696,Other Grocery,Midland Pork Scratchings 40g (clipstrip),CS,24,23.52,,
108116195,Sugar & Baking,M Self Raising Flour 500g,CS,12,5.76,,
113254710,Other Grocery,Jaunty Partyware Coloured Candles 8pk (clipstrip),CS,12,7.8,,
107487859,Other Grocery,Old El Paso Stand N Stuff Soft Tortillas 193g,CS,4,7.44,,
112513708,"Condiments, Sauces & Chutneys",Sharwoods Japanese Katsu Sauce 415g,CS,6,9,,
108283719,"Condiments, Sauces & Chutneys",Sacla Italia Sun-Dried Tomato Pesto 190g,CS,6,11,,
113105968,Other Grocery,Baxters Kimchi Crunchy & Spicy 300g,CS,6,17.23,,
100509672,"Condiments, Sauces & Chutneys",Sacla Fiery Chilli Pesto 190g,CS,6,11,,
112992665,Alcohol,Wild West Original Beef Jerky 60g,CS,40,106,,
107783383,Sugar & Baking,M Plain Flour 500g,CS,12,5.4,,
113167851,Other Grocery,Mentos Mint 150g,CS,24,22.08,,
100513170,Other Grocery,Sharwoods Cantonese Curry 425g,CS,6,9,,
100499611,Other Grocery,Knorr Ham Stock Cubes 8pk,CS,12,18,,
103275576,Other Grocery,Dolmio Stir In Tomato & Garlic 150g,CS,7,10,,
106247941,Soft Drinks & Juice,M Zero Added Cola 2l,CS,8,3.84,,
110656932,Snacks & Crisps,M Dexter Dog Salted Snacks 6x15g,CS,12,11.64,,
105151622,Sugar & Baking,M No Added Sugar Cream Soda 2l,CS,8,4.4,,
112661161,Other Grocery,Porta 6 Vinho Regional Lisboa 75cl,CS,6,32.5,,
112592354,Other Grocery,M Sour Cream & Onion Party Mix 150g,CS,10,10,,
113382172,Other Grocery,Candy Kittens Sour Watermelon 140g,CS,10,15.9,,
110965209,Other Grocery,M Cheese Curls 6x15g,CS,12,9.6,,
108028224,Other Grocery,MacB Lemon & Lime Spring Water SF 1.5l,CS,8,6,,
109202909,Other Grocery,Nandos Perinaise Hot 265g,CS,6,7.8,,
113120375,Alcohol,Budweiser 10x300ml (4.5%),CS,1,7.75,,
113277014,Other Grocery,Galaxy Smooth Mint 110g,CS,24,27.69,,
109281483,Other Grocery,Idahoan Perfect Mash Buttery 109g,CS,12,12,,
113265224,Other Grocery,Skittles Giants Fruit 132g,CS,15,10.3,,
113278762,Other Grocery,Candy Kittens Shox 140g,CS,10,15.9,,
104334267,Other Grocery,M Savers UHT Skimmed Milk 1l,CS,12,8.52,,
112950983,Ready Meals & Prepared Food,M Savers Crisps Ready Salted 6x25g,CS,16,11.68,,
112900193,Household Paper & Disposables,M Savers 6 Double Toilet Rolls,CS,12,19.44,,
113080588,Other Grocery,Reeses Peanut Butter Cups Miniatures 90g,CS,10,9.3,,
105415587,Other Grocery,M Chopped Tomatoes 220g,CS,24,10.8,,
109943176,Other Grocery,Blue Dragon Pad Thai Noodle Kit 265g,CS,4,7,,
113121722,"Condiments, Sauces & Chutneys",Heinz Tomato Mascarpone & Grana Padano Sauce 350g,CS,6,9,,
113265259,Alcohol,Starburst Original Fruits 138g,CS,12,8.25,,
113265072,Other Grocery,Galaxy Smooth Milk 100g,CS,24,27.69,,
104895291,Other Grocery,Pataks Butter Chicken 450g,CS,6,7.8,,
113121634,"Condiments, Sauces & Chutneys",Heinz Cherry Tomato & Basil Pasta Sauce 350g,CS,6,9,,
113265718,Other Grocery,Skittles Sours Pouch 136g,CS,15,10.3,,
113305601,"Tea, Coffee & Sweeteners",Twinings Everyday Tea 120x348g,CS,3,14.85,,
113265136,Other Grocery,Skittles Frutts Pouch 136g,CS,15,10.3,,
113337355,Alcohol,Buchanans Mint Crumbles 140g,CS,12,11.04,,
113336467,Other Grocery,Buchanans Treacle Toffee 120g,CS,12,11.04,,
113133491,Snacks & Crisps,Taylors Sea Salt Crisps 150g (Scot Only),CS,8,9.6,,
113139623,Alcohol,Tanqueray London Dry Gin 70cl,CS,6,92,,
111550486,Other Grocery,The London Essence Co Indian Tonic Water 6x150ml,CS,4,7.7,,
111550451,Other Grocery,The London Essence Co Orange/Eflower Tonic 6x150ml,CS,4,7.7,,
112453696,"Rice, Pasta & Noodles",M Spicy Tomato & Pepper Microwave Pasta 200g,CS,9,9,,
112285451,Household Cleaning,Flash Anti-Bacterial All Purpose Liquid Cleaner 1l,CS,6,9,,
111785664,Other Grocery,Pot Noodle Piri Piri 90g,CS,12,8.1,,
113133555,Snacks & Crisps,Taylors Salt & Vinegar Crisps 150g (Scot Only),CS,8,9.6,,
113134443,Snacks & Crisps,Taylors Cheddar & Onion Crisps 150g (Scot Only),CS,8,9.6,,
113077637,Other Grocery,Kohinoor Masala Moong 200g,CS,6,7.2,,
108643497,Snacks & Crisps,Shalimar Piri Piri Peanuts 150g,CS,10,6.7,,
113077872,Other Grocery,Kohinoor Mini Samosa 200g,CS,6,7.2,,
113292100,Snacks & Crisps,Regal Sweet Popcorn 250g,CS,12,14.4,,
108380105,"Rice, Pasta & Noodles",Cofresh Rice Sticks 300g,CS,6,8.4,,
111798318,"Condiments, Sauces & Chutneys",M Sausage Casserole Sauce Mix 40g,CS,24,9.6,,
113077485,Other Grocery,Kohinoor Kenyan Chevdo 200g,CS,6,7.2,,
113017896,Other Grocery,Indus Luxary Fruit Nut Mix 500g,CS,8,40.56,,
113077514,Other Grocery,Kohinoor Khatta Meetha 200g,CS,6,7.2,,
113051550,Alcohol,Au Vodka Black Grape 330ml (5%),CS,12,22.68,,
113051525,Alcohol,Au Vodka Blue Rasberry 330ml (5%),CS,12,22.68,,
112533750,Snacks & Crisps,Shalimar Monkey Nuts Roasted in Shell 300g,CS,8,6.32,,
113175624,Snacks & Crisps,Regal Sweet & Salted Popcorn 225g,CS,12,15.6,,
113308669,Other Grocery,Hersheys Cookies N Creme Bar 90g,CS,24,20.2,,
110522571,Other Grocery,Camden Town Brewery Camden Pale Ale 4x330ml,CS,6,25.5,,
113155113,Other Grocery,Knoppers Filled Wafers 3x25g,CS,24,21.12,,
108622400,Other Grocery,Lindt Excellence A Touch Of Sea Salt Dark 100g,CS,20,49.2,,
113057943,Other Grocery,Skittles Desserts 152g,CS,15,10.3,,
113243818,Other Grocery,Atora Beef Suet 200g,CS,12,27.72,,
113074997,"Rice, Pasta & Noodles",Blue Dragon Medium Wok Ready Noodles 300g,CS,6,7.26,,
107478590,"Rice, Pasta & Noodles",Barilla Fusilli Pasta 500g,CS,12,13.8,,
100825237,Other Grocery,Johnsons New Baby Bedtime Bath 500ml,CS,6,15.12,,
100813789,Other Grocery,Lynx Dry Apd Africa 150ml,CS,6,17.46,,
107173833,Other Grocery,Lynx Black Deodorant 150ml,CS,6,11.25,,
113041503,Other Grocery,Comfort Creations Strawb & Lily Conditioner 900ml,CS,8,11.3,,
110375891,Other Grocery,Lynx Bodyspray Ice Chill Deodorant 150ml,CS,6,17.46,,
113117854,Alcohol,Bens Original Golden Vegetable Microwave Rice 220g,CS,6,6.9,,
112472951,Energy Drinks,Monster Khaotic 500ml,CS,12,13.32,,
112569592,Other Grocery,Volvic Touch of Fruit Peach & Raspb Water 1.5l,CS,6,5,,
113105765,Other Grocery,7UP Zero 2l,CS,8,8.8,,
110330529,Other Grocery,M Minced Beef & Onion 392g,CS,6,13.2,,
108296721,Other Grocery,Wikinger Bockwurst Style Hot Dogs 5pk 380g,CS,12,16.08,,
111577187,Other Grocery,M Sultanas 500g,CS,12,19.8,,
112902404,"Tea, Coffee & Sweeteners",Yorkshire Tea Decaff 80s,CS,5,16,,
101778209,Other Grocery,Sellotape Golden Tape 24x50,CS,8,8.24,,
100512185,"Rice, Pasta & Noodles",Tilda Thai Jasmine Rice 500g,CS,10,20.1,,
109925111,Other Grocery,Old El Paso Slice Green Jalapenos 215g,CS,6,9,,
112853665,Other Grocery,Pot Noodle Doner Kebab 90g,CS,12,8.1,,
104462939,Other Grocery,Nivea Sun Bronze & Protect Spray SPF30 200ml,CS,6,37.98,,
113094744,Sugar & Baking,Tango Sugar Free Apple 500ml,CS,12,9.48,,
113264985,Other Grocery,Corona Can 4x440ml,CS,6,25.5,,
111317369,Alcohol,Salt Tram Double Neipa 440ml (8%),CS,12,26.88,,
113115955,Alcohol,Boost Energy Original 1l,CS,12,8.5,,
113107162,Energy Drinks,Red Bull Juneberry Energy Drink 250ml,CS,12,12.38,,
113134911,Other Grocery,Volvic Touch of Fruit Summer Fruits S/Free 750ml,CS,6,5.22,,
113085389,Energy Drinks,Red Bull Juneberry Sugar Free 4x250ml,CS,6,24.12,,
113107824,Energy Drinks,Monster Ultra Rosa 500ml,CS,12,12.36,,
113051023,Other Grocery,Barefoot Buttery Chardonnay 75cl,CS,6,36.84,,
112914077,"Tea, Coffee & Sweeteners",Nutmeg Tealights 24pk,CS,11,8.8,,
110558099,Alcohol,Heineken 12x330ml (5%),CS,1,11.33,,
113086365,Soft Drinks & Juice,Pepsi Max Lime 500ml,CS,12,9,,
113179140,Other Grocery,Candy Kittens Wild Strawberry 140g,CS,10,15.9,,
111882181,Alcohol,Antica Sambuca classic 70cl (38%),CS,6,75.3,,
110825530,Alcohol,Brewdog Double Hazy 440ml (7.2%),CS,12,32.16,,
112914042,"Tea, Coffee & Sweeteners",Nutmeg Maxi Tealights 8pk,CS,6,6,,
111039021,Other Grocery,Brew York Juice Forsyth Tropical IPA 440ml,CS,12,26.4,,
110377491,Other Grocery,Gillette Blue 3 Disposable Razors 4pk,CS,4,6.6,,
107473684,Soft Drinks & Juice,Fanta Lemon Soft Drink 500ml,CS,12,10.39,,
113133504,"Condiments, Sauces & Chutneys",M Mayonnaise Squeezy 500ml,CS,12,16.2,,
113116051,Other Grocery,Boost Sport Orange 500ml,CS,12,5.5,,
110573310,Other Grocery,Diablo Dark Red 75cl,CS,6,41,,
113224115,Other Grocery,Pringles Salt & Vinegar 165g,CS,19,25.6,,
113223850,Other Grocery,Pringles Cheese & Onion 165g,CS,19,25.6,,
113223841,Other Grocery,Pringles Prawn Cocktail 165g,CS,19,25.6,,
113223833,Other Grocery,Pringles Texas Barbeque 165g,CS,19,25.6,,
112556644,Other Grocery,San Pellegrino Sparkling Water 500ml,CS,12,7.32,,
112543561,Other Grocery,Maschio Rose Spumante Extra Dry 20cl,CS,12,23.4,,
109823422,Alcohol,Tanqueray Sevilla 70cl (41.3%),CS,6,114,,
101708761,Alcohol,Hardys Crest Cab Shiraz Merlot 75cl (12.5%),CS,6,31,,
112984753,Soft Drinks & Juice,Weetabix Crispy Minis Chocolate 500g,CS,10,23,,
112971485,Other Grocery,Radox Feel Refreshed Mood Boosting S/Gel 225ml,CS,6,5.22,,
113175675,Breakfast Cereals & Muesli,M Free From Gluten Free Oats 1kg,CS,6,12,,
112971602,Other Grocery,Radox Feel Awake 2-In-1 Shower Gel & Shampoo 225ml,CS,6,4.86,,
113060886,Other Grocery,Casillero Del Diablo Res Cabernet Sauvignon 187ml,CS,12,20.4,,
113084440,"Condiments, Sauces & Chutneys",Jam Shed Shiraz 187ml,CS,12,20.88,,
113084909,Other Grocery,Echo Falls White Zinfandel 187ml,CS,12,19.44,,
113061061,Other Grocery,Casillero Del Diablo Res Sauvignon Blanc 187ml,CS,12,20.4,,
112664792,Other Grocery,Kind Maple Pecan & Almond 40g,CS,12,11,,
111278435,Other Grocery,We Love Cake Sticky Toffee Slices 4pk 158g,CS,6,11.7,,
112999761,Other Grocery,Walkers Variety 20x25g,CS,1,3.5,,
112999875,Other Grocery,Walkers Max Jalapeno & Cheese 140g,CS,9,9.55,,
101706580,Other Grocery,Asti Martini 75cl,CS,6,36.3,,
112999728,Other Grocery,Walkers Max Strong Hot Chicken Wing 140g,CS,9,9.55,,
112894230,Cleaning Tools & Accessories,Nutmeg Home Wood And Silicone Pastry Brush,CS,6,10.43,,
112963135,Other Grocery,Nutmeg Home 36cm Oven Tray,CS,6,11.06,,
113166832,"Condiments, Sauces & Chutneys",M Strawberry Jam 420g,CS,6,6.6,,
113127315,Other Grocery,Bodyform Cour-V Night Sanitary Towels Wings 8pk,CS,10,14.5,,
113167499,"Condiments, Sauces & Chutneys",M Blackcurrant Jam 420g,CS,6,6.6,,
113131699,Other Grocery,Bodyform Cour-V Long Sanitary Towels Wings 10pk,CS,12,17.4,,
112965421,Other Grocery,Nutmeg Home Essentials 1l Plastic Measuring Jug,CS,20,7.2,,
113085418,Soft Drinks & Juice,Lipton Ice Tea Raspberry 500ml,CS,12,10.05,,
105149856,Other Grocery,M Diet Tonic & Lime 1l,CS,12,5.76,,
110576511,Other Grocery,Hardys Stamp Of Australia Shiraz Rose 75cl,CS,6,27.48,,
113085291,Soft Drinks & Juice,Lipton Ice Tea Peach 500ml,CS,24,19.07,,
112929711,Other Grocery,Nutmeg Home Essentials Plastic Chopping Board 34cm,CS,12,16.08,,
112459545,Other Grocery,M Cheese Balls 140g,CS,12,7.92,,
112566615,Soft Drinks & Juice,Costa Frappe Chocolate Fudge Brownie 250ml,CS,12,12.55,,
112856436,Other Grocery,Yealands Sauvignon Blanc Marlborough 75cl,CS,6,39.6,,
112461389,Other Grocery,M Bacon Rashers 140g,CS,12,7.92,,
112651916,Other Grocery,La Vieille Ferme Rose 75cl,CS,6,31.8,,
113095608,Alcohol,Jack Daniels & Coca-Cola 330ml (5%),CS,12,18.6,,
107181788,Other Grocery,Silvikrin Firm Hold Hairspray 75ml,CS,12,19.8,,
112671212,Other Grocery,Hydr8 Naturally Sourced British Still Water 5l,CS,1,1.19,,
113128908,Other Grocery,Gillette Mach 3 Razor 2 Up,CS,8,46.48,,
113013692,Alcohol,Old Speckled Hen 500ml (4.8%),CS,8,13.28,,
113129020,Other Grocery,Fusion Tmr Razor,CS,8,59.68,,
102313315,Other Grocery,Nivea Black & White Clear Roll On 50ml,CS,6,6.72,,
113059084,Other Grocery,Stella Artois Unfiltered Can 4x440ml,CS,6,26.76,,
101724331,Other Grocery,Stamp Shiraz Cabernet Sauvignon 75cl,CS,6,27.3,,
105150144,"Condiments, Sauces & Chutneys",Nandos Lemon & Herb Peri-Peri Sauce 250ml,CS,6,13.5,,
112927708,Other Grocery,Sure Men Anti-Perspirant Roll On Quantum Dry 50ml,CS,6,8.82,,
112922923,Other Grocery,Sure Women Anti-Perspirant Bright Bouquet 200ml,CS,6,10.02,,
112987233,Other Grocery,Kelloggs Frosties 470g,CS,16,36.4,,
104375587,Other Grocery,Kelloggs Variety 8pk,CS,12,22.48,,
113014265,Other Grocery,Hardys Stamp Cabernet Merlot 75cl,CS,6,26.82,,
112954301,Other Grocery,M Corn Flakes 500g,CS,14,13.86,,
112344086,Soft Drinks & Juice,Horlicks Malted Milk Drink Sachet 32g,CS,30,9.9,,
113014329,Other Grocery,Hardys Stamp Chardonnay 75cl,CS,6,27,,
112803060,Soft Drinks & Juice,Coca-Cola Cherry 8x330ml,CS,3,11.5,,
111560449,Other Grocery,Mr. Porky Hand Cooked Scratchings 40g,CS,24,23.4,,
112973851,Alcohol,Fairy Original Washing Up Liquid 320ml,CS,10,8.8,,
112973392,Household Cleaning,Fairy Clean & Fresh Apple Washing Up Liquid 320ml,CS,10,10,,
112974791,Ready Meals & Prepared Food,Whiskas 1+ Adult Meaty Meals Jelly Pouch 12x85g,CS,4,15.4,,
112937957,Alcohol,Maynards Bassetts Wine Gums Carton 350g,CS,6,14,,
113025562,Other Grocery,Cadbury Twirl Xtra 54g,CS,36,29.29,,
112938061,Other Grocery,Maynards Bassetts Jelly Babies Carton 350g,CS,6,14,,
112974820,Other Grocery,Whiskas 1+ Adult Poultry Feast Jelly Pouch 12x85g,CS,4,15.4,,
112987057,Soft Drinks & Juice,McVities Club Mint Chocolate Bar 7pk,CS,30,31.8,,
111744328,"Condiments, Sauces & Chutneys",Jam Shed Chardonnay Australia 75cl,CS,6,32.7,,
100249196,Other Grocery,Fruit Shoot Summer Fruits 4x200ml,CS,6,6.35,,
111744352,"Condiments, Sauces & Chutneys",Jam Shed Malbec Argentina 75cl,CS,6,31.5,,
112974854,Other Grocery,Whiskas 1+ Adult Duo Surf&Turf Jelly Pouch 12x85g,CS,4,14.96,,
112976462,Other Grocery,Whiskas 1+ Adult Complete Chicken 800g,CS,5,10,,
112900134,Household Paper & Disposables,M 2 Double Kitchen Rolls,CS,10,12.7,,
112942078,Other Grocery,Go Ahead Apple Crispy Fruit Bars 4x44g,CS,22,26.18,,
112572919,Household Paper & Disposables,Elegance Cloud Soft Toilet Tissue 4 Rolls,CS,12,11.28,,
112856815,"Tea, Coffee & Sweeteners",M Full Roast Coffee Granules 200g,CS,6,14.7,,
112856831,"Tea, Coffee & Sweeteners",M Savers Regular Instant Coffee 100g,CS,12,15.72,,
112835125,Other Grocery,Kinder Surprise Egg 20g,CS,36,29.88,,
112391368,Other Grocery,Vocation Hop Skip & Juice 4x330ml,CS,6,29.16,,
109899371,Other Grocery,Bakers Adult Tasty Beef/Veg/Wholegrain 3kg,CS,4,23.2,,
101702538,Alcohol,Old Crafty Hen Nrb 500ml (6.5%),CS,8,12.72,,
110286513,Other Grocery,Colmans Chicken Chasseur 43g,CS,16,11.36,,
112386411,Alcohol,Corona Cero 4x330ml (0%),CS,6,20,,
108064321,Alcohol,Orchard Pig Truffler Dry Cider 500ml (6%),CS,12,20.88,,
112951652,Other Grocery,Grenade Oreo Protein Bar 60g,CS,12,15,,
106629122,Other Grocery,M Onion Granules 42g,CS,6,4.08,,
110729441,Other Grocery,Whitworths Dried Pineapple 60g,CS,8,12.56,,
101741140,Other Grocery,Wainwright Ale 500ml,CS,8,12.32,,
111161245,Sugar & Baking,Zeroh Sugar Free Choc Chip Cookies 150g,CS,12,11.4,,
101735671,Alcohol,Abbot Ale 4x500ml (5.00%),CS,6,26,,
106628584,Other Grocery,M Chinese 5 Spice 34g,CS,6,4.2,,
110286564,"Rice, Pasta & Noodles",Colmans Tuna Pasta Bake 44g,CS,16,7.5,,
107990041,Other Grocery,Whitworths Bake With Chopped Apricots 140g,CS,7,12.25,,
112386112,Other Grocery,Madri Excepcional 12x330ml,CS,1,12.85,,
106624381,Other Grocery,M Hot Chilli Powder 47g,CS,6,4.26,,
106626482,Other Grocery,M Garlic Salt 90g,CS,6,4.32,,
111575165,Other Grocery,Moo Free White 20g,CS,20,9.8,,
111740298,Alcohol,Inchs Medium Apple 10x440ml (4.5%),CS,1,7.05,,
111006245,Other Grocery,Maggi So Juicy Chicken Mediterranean 37g,CS,16,12,,
112942351,Alcohol,McVities Original Digestives Biscuits 360g,CS,12,22.08,,
112988439,Soft Drinks & Juice,McVities Club Orange Chocolate Bar 7pk,CS,30,31.8,,
112942001,Snacks & Crisps,Go Ahead Yoghurt Breaks Forest Fruit SnackBars 4pk,CS,9,15.48,,
112986062,Other Grocery,McVities Penguin 7 Bars 172.2g,CS,36,35,,
112987090,Other Grocery,McVities Gold Bars 7pk,CS,24,25,,
100555513,Other Grocery,Spontex Thick Moppets 2pk,CS,12,14.88,,
112601855,Alcohol,I Heart Prosecco Rose 75cl,CS,6,31.85,,
100542051,Other Grocery,Oust Allpurpose Descaler 3x25ml,CS,6,6.32,,
112671941,Other Grocery,Patersons Scottish Shortbread Fingers 300g,CS,14,18.9,,
110972361,Other Grocery,Shalimar Hot & Spicy Cashews 150g,CS,10,16,,
112550381,Other Grocery,Nutmeg Home Grater With Container,CS,6,10.8,,
108108128,Other Grocery,Walkers Max Cheese & Onion Grab Bag 50g,CS,24,11.5,,
109917138,Other Grocery,Lambrini Lightly Sparkling Perry 125cl,CS,6,18.96,,
101758662,Other Grocery,Hot Wheels Diecast Car,CS,72,104.4,,
109966466,Other Grocery,Colgate Zig Zag Firm Interdental Bristles,CS,12,12,,
110286548,Ready Meals & Prepared Food,Colmans Sausage Casserole 39g,CS,16,7.5,,
105395969,Soft Drinks & Juice,M Milk Cooking Chocolate 150g,CS,18,25.2,,
110474821,Alcohol,Cobra Premium Lager 620ml (4.5%),CS,12,20.88,,
109085562,"Condiments, Sauces & Chutneys",Colmans Horseradish Sauce 136g,CS,8,9.12,,
105356791,Other Grocery,M Honey Loops 375g,CS,8,8.96,,
112074071,Other Grocery,Jacobs Cream Crackers 300g,CS,24,31.2,,
109495529,Other Grocery,Carplan Chubby Ice Scraper Squeegee,CS,20,16.4,,
104636396,Other Grocery,Carmex Cherry Tube 10g,CS,12,21.12,,
101763138,Other Grocery,Bostik Sticki Dots Removable,CS,12,11.28,,
110187857,Other Grocery,M Paper Straws Striped 100pk,CS,12,20.4,,
112859645,Other Grocery,Kettle Sea Salt & Crushed Black Peppercorns 130g,CS,16,16,,
104418065,Other Grocery,M Orange Juice Smooth From Concentrate 1l,CS,12,12,,
109974950,Other Grocery,Little Trees Air Freshener Vanillaroma,CS,24,16.08,,
109974837,Other Grocery,Little Trees Air Freshener New Car Scent,CS,24,16.08,,
112037721,Other Grocery,Gorilla Tack 56g,CS,10,18.4,,
112592418,Snacks & Crisps,M Sweet Popcorn 100g,CS,10,6.3,,
112593605,Snacks & Crisps,M Sweet & Salt Popcorn 100g,CS,10,6.3,,
110955932,Snacks & Crisps,M Salted Popcorn 100g,CS,10,6.5,,
112665023,Soft Drinks & Juice,Rubicon Raw Energy Raspberry & Blueberry 500ml,CS,12,9.44,,
112532685,Other Grocery,Indus Bombay Biryani 50g,CS,6,3.9,,
111724319,"Condiments, Sauces & Chutneys",Maggi Authentic Malaysian E/Hot Chilli Sauce 320g,CS,6,10.5,,
112532626,Other Grocery,Indus Chicken Tikka Spice Mix 50g,CS,6,3.9,,
111724589,"Condiments, Sauces & Chutneys",Maggi Authentic Indian Masala Chilli Sauce 400g,CS,6,10.5,,
112354250,Snacks & Crisps,KP Dry Roasted Peanuts Snack Packs 5x30g,CS,5,10.6,,
111295104,Other Grocery,Regal Spirus Mixed Fruit 1l,CS,8,10.24,,
111295091,Other Grocery,Regal Spirus Mango 1l,CS,8,10.24,,
111295112,Other Grocery,Regal Spirus Pink Guava Nectar 1l,CS,8,10.24,,
111586260,Other Grocery,Stella Artois 12x284ml,CS,1,9.4,,
104809218,Snacks & Crisps,M Salt & Vinegar Crisps 6pk,CS,12,10.08,,
110531582,Alcohol,Thatchers Haze Cloudy Somerset Cider 10x440ml,CS,1,7.4,,
112354487,Snacks & Crisps,KP Salted Peanuts Snack Packs 5x150g,CS,5,10.5,,
110531591,Alcohol,Thatchers Gold 10x440ml (4.8%),CS,1,7.4,,
111347883,Alcohol,Brewdog Punk IPA 660ml (5.4%),CS,12,33.12,,
107553668,Other Grocery,Cadbury Dairy Milk Kids Single 18g,CS,60,18,,
111798369,"Condiments, Sauces & Chutneys",M Peppercorn Simmer Sauce Mix 25g,CS,26,8.06,,
110460489,Other Grocery,McCoys Ridge Cut Salt & Malt Vinegar 6x25g,CS,20,31.8,,
112744901,Alcohol,Kenco Original Latte 8x130.4g,CS,5,10.95,,
112561380,Snacks & Crisps,Walkers Oven Baked Salt & Vinegar Crisps 6x22g,CS,18,23.2,,
112673242,Other Grocery,Nestle Honey Cheerios 370g,CS,6,15.9,,
112710883,"Condiments, Sauces & Chutneys",M Best Tomato & Chilli Chutney 205g,CS,6,7.8,,
112597711,Other Grocery,Dove Cream Bar 2x90g,CS,24,35.52,,
108569397,Other Grocery,Tassimo Kenco Americano Grande 144g,CS,5,20.15,,
112561427,Snacks & Crisps,Walkers Oven Baked Sea Salt Crisps 6x22g,CS,18,23.2,,
112712918,Other Grocery,Flash Kitchen Spray Fresh Citrus 800ml,CS,10,18,,
112668005,Other Grocery,(B) Macphie Non Hydrogenated Sweet Snow 12.5kg,CS,1,25.67,,
110437705,Alcohol,I Heart Wines Rose 75cl,CS,6,25,,
112461485,Other Grocery,M Prawn Crackers 70g,CS,10,9,,
112712758,Household Cleaning,Flash Bleach Cleaning Spray 800ml,CS,10,20.3,,
112530719,Other Grocery,Quavers Cheese 6x16g,CS,12,14.8,,
112461178,Other Grocery,M Onion Rings 125g,CS,10,6.4,,
112561507,Snacks & Crisps,Walkers Oven Baked Cheese & Onion Crisps 6x22g,CS,18,23.2,,
112461397,Alcohol,Jacobs Mini Cheddars Original 45g,CS,30,19.8,,
109906535,Other Grocery,M Market St Salted Corn Kernels 40g,CS,16,12.8,,
112428482,Other Grocery,Cherry Blossom Deluxe Shine & Go Black 11ml,CS,6,11.7,,
112616900,Alcohol,Peroni Nastro Azzurro Bottles 4x330ml (5%),CS,6,34.08,,
112573858,Other Grocery,Maoam Pinballs 140g,CS,14,9.6,,
112710859,"Condiments, Sauces & Chutneys",M Best Bramley Apple & Pear Chutney 210g,CS,6,8.64,,
112573831,Other Grocery,Maoam Joystixx 140g,CS,14,9.6,,
112105510,Other Grocery,Grenade Carb Killa Fudged Up Bar 60g,CS,12,15,,
111837938,Other Grocery,Kinder Cards 4x102.4g,CS,12,20.4,,
112431606,Other Grocery,M Cashews 180g,CS,12,24.36,,
112413854,"Tea, Coffee & Sweeteners",McCoys Flame Grilled Steak Grab Bag Crisps 45g,CS,36,25.2,,
112573840,Other Grocery,Maoam Stripes 140g,CS,14,9.6,,
112622875,Alcohol,Peroni Nastro Azzurro 620ml (5%),CS,12,20.88,,
112070513,Other Grocery,M Fajita Kit 475g,CS,6,8.94,,
112569111,Other Grocery,M Custard Creams 400g,CS,18,13.5,,
112505151,Household Paper & Disposables,M Even Softer Quilted Comfort Toilet Tissue 4pk,CS,12,15.6,,
112354567,Other Grocery,Bebeto Party Mix Gummy Mix 400g,CS,12,18.29,,
112577841,Other Grocery,Nesquik Banana Flavour Milkshake Mix 500g,CS,6,21.78,,
112414216,Snacks & Crisps,Hula Hoops Big Hoops Salted Grab Bag Crisps 45g,CS,36,26.28,,
112414101,Snacks & Crisps,Hula Hoops Big Hoops BBQ Beef Grab Bag Crisps 45g,CS,36,24.48,,
112577672,Soft Drinks & Juice,Nesquik Chocolate Flavour Milkshake Mix 500g,CS,6,23.1,,
106626546,Other Grocery,M Ground Black Pepper 100g,CS,6,8.7,,
112595483,Soft Drinks & Juice,Mcvities Digestives Dark Chocolate 400g,CS,12,24,,
112595598,Soft Drinks & Juice,McVities Digestives Milk Chocolate 400g,CS,12,24,,
102294601,Other Grocery,Mitchum Advancd Control Sitck Powder 41g,CS,6,12.96,,
112498940,Other Grocery,Quality Street 220g,CS,6,13.75,,
105377365,Other Grocery,M Brownie Mix 284g,CS,10,14,,
108562099,Other Grocery,M Best Meringue Nests 8pk,CS,12,18,,
100185920,Soft Drinks & Juice,Rubicon Mango Juice 1l,CS,12,16.2,,
112572960,Household Paper & Disposables,Elegance Cloud Soft Toilet Tissue 9 Rolls,CS,6,10.14,,
103948195,Other Grocery,Nurishment Milk Strawberry Flavour 400g,CS,12,17.4,,
105484275,Other Grocery,M Sterile Self Adhesive Dressing 5pk,CS,12,4.44,,
111099111,Household Cleaning,M Glass & Window Cleaner 750ml,CS,10,8.2,,
111870308,Other Grocery,Aveeno Skin Relief Moisturising Hand Cream 75ml,CS,6,25.8,,
100856965,Other Grocery,E45 Moisturising Lotion 200ml,CS,6,18,,
112444028,Other Grocery,M Best Roasted Almonds 60g,CS,16,13.12,,
112570905,Snacks & Crisps,M Best Fruit Nuts & Seeds 250g,CS,5,12,,
112434778,Other Grocery,Cherry Blossom Shoe Polish Black 40g,CS,12,9.6,,
112429549,Other Grocery,M Pecans 175g,CS,6,15.6,,
112443990,Other Grocery,M Trail Mix 200g,CS,6,7.74,,
108268172,Other Grocery,Walkers Southern Style BBQ Bugles 110g,CS,12,15.74,,
110731681,Other Grocery,White Rock Spring Water Water 24x500ml,CS,1,2.19,,
112573989,Alcohol,Thatchers Blood Orange Cider 4x440ml,CS,6,28.2,,
105597341,Household Cleaning,M Citrus All Purpose Cleaner 1l,CS,8,8.24,,
111450071,Soft Drinks & Juice,Cadbury White Chocolate Fingers 114g,CS,20,20,,
111118087,Other Grocery,Grenade CarbKilla Choc Chip Salted Caramel 60g,CS,12,15,,
112369451,Soft Drinks & Juice,Cadbury Dairy Milk Chocolate Bar 180g,CS,17,33.66,,
107334254,Other Grocery,Durex Lubricant Feel 50ml,CS,3,9.54,,
111985421,"Rice, Pasta & Noodles",King Pot Pasta Bolognese 73g,CS,8,8,,
112398631,Other Grocery,Mrs Tillys Fudge Bar 90g,CS,20,16.8,,
111985236,"Rice, Pasta & Noodles",King Pot Pasta Creamy Carbonara 69g,CS,8,8,,
110984733,Breakfast Cereals & Muesli,M Free From Porridge Pot 55g,CS,4,2.96,,
105043841,Other Grocery,Batiste Dry Shampoo Dark 200ml,CS,6,13.46,,
112419615,Other Grocery,M Brown Reusable Paper Bag UK,CS,150,36,,
112399386,Other Grocery,Skittles Fruits Chewies 137g,CS,16,11,,
111263102,Other Grocery,I Heart Malbec 75cl,CS,6,25.5,,
112572880,Other Grocery,Wagg Adult Complete Chicken 2kg,CS,4,10.8,,
112374277,Other Grocery,Mrs Tillys Famous Tablet Bar 90g,CS,20,16.4,,
112374154,Other Grocery,Mrs Tillys Macaroon Bar 90g,CS,16,11.2,,
112417151,Other Grocery,Yoo Premium Hotdogs 400g,CS,12,9.5,,
111756100,Other Grocery,I Heart Pinot Grigio 187ml,CS,12,20.28,,
112393371,Alcohol,Absolut Raspberri Vodka 70cl (38%),CS,6,86,,
111895185,Other Grocery,M Yorkshire Vale Water 12x500ml,CS,1,1.28,,
110698542,Alcohol,19 Crimes The Uprising Red Wine 75cl,CS,6,45.72,,
111682382,Other Grocery,Astonish Protect&Care Anti-Bac Handwash VitE 600ml,CS,12,8.88,,
112413993,Snacks & Crisps,McCoys Cheddar & Onion Grab Bag Crisps 45g,CS,36,25.2,,
112414363,Snacks & Crisps,McCoys Salt & Malt Vinegar Grab Bag Crisps 45g,CS,36,25.2,,
108971925,Other Grocery,M Herbs De Provence 15g,CS,6,4.26,,
108965630,Other Grocery,M Mild Chilli Powder 45g,CS,6,4.26,,
100502340,Other Grocery,Knorr Aromat Sprinkler 90g,CS,6,7.92,,
109694982,Other Grocery,Fever Tree Light Aromatic Tonic Water Cans 8x150ml,CS,3,11.43,,
100516194,Other Grocery,Aquarian Goldfish Flakes 50g,CS,6,14.46,,
111756370,Other Grocery,Yellow Tail Pinot Grigio 187ml,CS,12,20.88,,
107626433,Other Grocery,Filippo Berio Balsamic Vinegar of Modena 250ml,CS,6,13.33,,
100220377,Other Grocery,Wrights Mixed Grain Mix 500g,CS,5,5.6,,
109133413,Other Grocery,Yellow Tail Sauvignon Blanc 75cl,CS,6,37.2,,
107045815,Other Grocery,M Barley Straw 1.5kg,CS,4,5.09,,
109046328,Breakfast Cereals & Muesli,Jordans Raisin & Almond Crunchy Oat Granola 750g,CS,4,11.36,,
112372327,Other Grocery,M C4 Envelopes 12pk,CS,18,11.7,,
111107775,Other Grocery,Wotsits Giants Flamin Hot 130g,CS,9,10.8,,
112388345,Snacks & Crisps,M Best Sea Salt & Vinegar Crisps 125g,CS,12,11.04,,
112388020,Snacks & Crisps,M Best Hand Cooked Sea Salted Crisps 125g,CS,12,11.04,,
112387879,Snacks & Crisps,M Best Beef Ale & Roasted Onion Crisps 125g,CS,12,11.04,,
112393478,Alcohol,Absolut Vanilia Vodka 70cl (38%),CS,6,86,,
112385347,Snacks & Crisps,M Best Mature Cheddar & Onion Crisps 125g,CS,12,11.04,,
112316131,Other Grocery,Wrigleys Extra Strawberry 10pcx14g,CS,30,12.6,,
108591666,Other Grocery,Good Boy Chicken Twisters 70g,CS,12,17.76,,
109306353,Other Grocery,Nairns Gluten Free Black Pepper Crackers 137g,CS,8,11.6,,
107263142,Other Grocery,Cadbury Dairy Milk 360g,CS,14,57.12,,
111411582,Alcohol,Jack Daniels Whiskey 35cl (40%),CS,6,60,,
112356829,Other Grocery,M Waffle Cones 10pk,CS,10,13.1,,
105702341,"Condiments, Sauces & Chutneys",Heinz Sticky BBQ Sauce 500g,CS,10,27,,
112291720,Other Grocery,Skittles Squishy Cloudz Fruits 94g,CS,18,12.35,,
112532984,Other Grocery,Birra Moretti Can 4x440ml,CS,6,27.6,,
108904474,Other Grocery,Tresemme Luxurious Moisture Conditioner 100ml,CS,12,10.2,,
108789445,Other Grocery,Cofresh Hot Chilli Flavour Potato Hoops 80g,CS,6,4.08,,
105042750,Other Grocery,Batiste Dry Shampoo Blush 200ml,CS,6,11.34,,
108789453,Other Grocery,Cofresh Hot Chilli Flavour Potato Crinkles 80g,CS,6,4.08,,
112399052,Other Grocery,Wotsits Flamin Hot 140g,CS,12,14.5,,
112399132,Other Grocery,Wotsits Crunchy Cheese 140g,CS,12,14.5,,
111110042,Cleaning Tools & Accessories,Nutmeg Exfoliating Bath Sponge,CS,12,6,,
112397401,Other Grocery,Vocation Life & Death IPA 440ml,CS,12,20.88,,
111837591,Other Grocery,LOr Espresso Onyx 10 Capsules 52g,CS,7,23.73,,
108998685,Other Grocery,Maggi So Juicy Butter Chicken 46g,CS,16,11.52,,
112164780,Other Grocery,M Best Apple & Rosemary Stuffing 140g,CS,8,9.84,,
112386227,Other Grocery,Madri Excepcional 660ml,CS,12,20.88,,
100197656,Other Grocery,Whole Earth Crunchy Peanut Butter 454g,CS,6,13.5,,
106629704,Other Grocery,M Coriander Leaf 10g,CS,6,3,,
100500096,Alcohol,Crosse & Blackwell Madeira Wine Gravy Mix 30g,CS,24,12,,
112434567,Other Grocery,Simple Cleansing Face Wipes Biodegradable 25pc,CS,6,11.7,,
110282791,Breakfast Cereals & Muesli,Mornflake Mighty Oats Heart Healthy Oatbran 800g,CS,6,12,,
112386294,Other Grocery,Madri Excepcional 4x440ml,CS,6,24.4,,
110415805,Other Grocery,Bar - Be - Quick Barbecue & Fire Firelighters,CS,13,13,,
110286450,Other Grocery,Colmans Spaghetti Bolognaise 44g,CS,16,7.5,,
101721149,Alcohol,Whyte & Mackay Blended Scotch Whisky 40% 1L,CS,6,109.8,,
104461910,Sugar & Baking,Barrs Irn Bru Sugar Free Cans 8x330ml,CS,3,8,,
100240415,Other Grocery,Barrs Irn Bru Diet 1l,CS,12,15.12,,
112505687,Household Paper & Disposables,M Toilet Tissue White 4pk,CS,12,12.48,,
100202831,Energy Drinks,Monster Munch Pickled Onion 6x20g,CS,18,22.2,,
105169208,Sugar & Baking,M No Added Sugar Apple & Pear Fruit Barley 1l,CS,12,8.88,,
108321076,Other Grocery,Barrs Irn Bru Xtra 8x330ml,CS,3,10.14,,
105153652,Other Grocery,M Zero Added Berry Crush 2l,CS,8,5.52,,
102299779,Other Grocery,Baxters Favourites Cream of Tomato 400g,CS,12,18.69,,
100240407,Other Grocery,Barrs Irn Bru 1l,CS,12,14.76,,
112067795,Soft Drinks & Juice,Pepsi Max Lime 2l,CS,8,9.9,,
106247888,Sugar & Baking,M No Added Sugar Orange Crush 2l,CS,8,5.52,,
109709523,Alcohol,Fever Tree Light Ginger Ale 500ml,CS,8,10,,
109995849,Other Grocery,Highland Spring Still Water 6x1.5l,CS,1,2.5,,
112429565,Alcohol,Magners Irish Cider Original Fridge Pack 10x440ml,CS,1,8.08,,
100248396,Soft Drinks & Juice,Pepsi Max 2l,CS,8,9.9,,
105146495,Soft Drinks & Juice,Pepsi Max Cherry 2l,CS,8,9.9,,
100214057,Other Grocery,Hubba Bubba Strawberry Tape Single 56g,CS,12,10.8,,
112380159,Other Grocery,M C6 Envelopes 25pk,CS,25,15.75,,
112372538,Other Grocery,M Dl Envelopes 20pk,CS,31,19.53,,
112461506,Other Grocery,Lynx Bodyspray Epic Fresh Grapefruit&P/apple 150ml,CS,6,11.25,,
108559594,Alcohol,Cairngorm Brewery Cairngorm Gold 500ml(4.5%),CS,8,12.4,,
112362217,Other Grocery,Maryland Cookies Choc Chip 200g,CS,20,29.4,,
112281548,Soft Drinks & Juice,Krave Milk Chocolate 410g,CS,10,23,,
112451033,Other Grocery,Nescafe Gold Espresso 95g,CS,6,19.8,,
112450663,Other Grocery,Nescafe Azera Americano Decaff 90g,CS,6,19,,
111572280,Other Grocery,Wrigleys Extra Refreshers Tropical SF Gum 30pcx67g,CS,6,11.1,,
112100971,"Condiments, Sauces & Chutneys",M Best Tomato & Mascarpone Pasta Sauce 190g,CS,12,13.8,,
112450364,Other Grocery,Nescafe Azera Americano 90g,CS,6,19,,
107909409,Other Grocery,Mitchum 48hr Anti-Perspirant & Deodorant 200ml,CS,6,12.72,,
109159921,Alcohol,Original Source Mint Shower Gel 500ml,CS,6,7.86,,
106429657,Other Grocery,Baylis & Harding Hand Wash Limited Edition 500ml,CS,3,3.25,,
112036358,Laundry & Fabric Care,M Non Bio Laundry Gel 24 Washes 720ml,CS,6,10.14,,
104364749,Other Grocery,Always Ultra Duo Normal Plus 26pk,CS,8,20,,
100773756,Other Grocery,Neutrogena Scented Hand Cream 50ml,CS,6,13.68,,
109713602,Other Grocery,Heinz Fruit Medley Custard 4-36 Months 4x100g,CS,3,6.24,,
100257954,Other Grocery,Mrs Crimbles Bakewell Slices 4pk,CS,9,12.6,,
111345061,"Rice, Pasta & Noodles",Nutmeg Tomato Pasta & Cheese 7m+ 130g,CS,6,5.58,,
110852212,Other Grocery,Cofresh Chilli & Lime Corn Crackers 60g,CS,6,4.08,,
100843363,Other Grocery,Ellas Kitchen Peach & Banana Stage 1 120g,CS,7,7.56,,
104854781,Other Grocery,Maggi So Juicy Chicken & Garlic 30g,CS,16,11.52,,
100185911,Soft Drinks & Juice,Rubicon Guava Juice Drink 1l,CS,12,15.6,,
100264468,Other Grocery,Alpro Vanilla Dessert 4x125g,CS,6,6.9,,
112099771,Sugar & Baking,M Baking Powder 160g,CS,5,4.65,,
107433332,Other Grocery,Radnor Splash Still Strawberry Water 6x500ml,CS,4,5.89,,
112099640,Other Grocery,M Bicarbonate Of Soda Powder 180g,CS,5,2.95,,
105565761,Other Grocery,Del Monte Sliced Mango In Light Syrup 425g,CS,12,12,,
108945428,Other Grocery,Kiddylicious Strawberry Wafers 10x4g,CS,4,8.48,,
112362276,Soft Drinks & Juice,Maryland Cookies Double Chocolate 200g,CS,20,29.4,,
110520242,Alcohol,Mcewans Export 12x440ml (4.5%),CS,1,11.29,,
110280736,Other Grocery,Homefire Heat Logs 12pk,CS,1,6.1,,
109528132,"Condiments, Sauces & Chutneys",Gold Star Chip Shop Style Brown Sauce 670g,CS,12,10.8,,
108259065,Other Grocery,Golden Wonder Salt & Vinegar 6x25g,CS,16,16,,
109528167,Other Grocery,Gold Star Chip Shop Style Pickled Onions 500g,CS,6,7.56,,
111727991,Ready Meals & Prepared Food,Slimfast Meal Shake Powder Banana 365g,CS,6,30,,
112374496,Other Grocery,Rowntrees Fruit Gums Pouch Vegan 150g,CS,10,6.6,,
107616155,Soft Drinks & Juice,Barrs Irn Bru Sugar Free Soft Drink 330ml,CS,24,9.6,,
111728053,Ready Meals & Prepared Food,Slimfast Meal Shake Powder Strawberry 365g,CS,6,30,,
104893077,Other Grocery,M Sparkling Peach Water 1l,CS,12,4.56,,
108035117,Sugar & Baking,MacB Sugar Free Lemon & Lime Still Water 6x500ml,CS,2,4.28,,
104893034,Other Grocery,M Sparkling Lemon & Lime Water 1l,CS,12,4.8,,
111152980,"Condiments, Sauces & Chutneys",Thai Dragon Sweet Chilli Sauce 455ml,CS,6,12.72,,
112010377,Soft Drinks & Juice,M Best 85% Cocoa Ecuador Dark Chocolate 100g,CS,10,14.7,,
112010318,Other Grocery,M Best 72% Cocoa Dominican Republic Dark Choc 100g,CS,10,14.7,,
104981000,Other Grocery,MacB Strawberry & Kiwi 6x500ml,CS,2,4.26,,
111728029,Soft Drinks & Juice,Slimfast Meal Shake Powder Chocolate 375g,CS,6,30,,
105150937,Other Grocery,M Soda Water 1l,CS,12,5.64,,
112374592,Other Grocery,Rowntrees Mixed Pouch Bag Vegan 150g,CS,10,6.6,,
110951261,Soft Drinks & Juice,Barrs Irn Bru 1901 Soft Drink 750ml,CS,12,20.04,,
107616198,Soft Drinks & Juice,Barrs Irn Bru Soft Drink 330ml,CS,24,9.6,,
104981237,Other Grocery,MacB Apple & Blackcurrant 500ml,CS,12,4.68,,
110357617,Other Grocery,Butchers Tripe Mix 400g,CS,24,20.16,,
100489616,Alcohol,Ruskoline Crumb Dressing 400g,CS,8,10.8,,
100211569,Other Grocery,Tunnock Caramel Logs 8x256g,CS,20,30,,
100211497,Other Grocery,Tunnock Dark Choc Caramel Wafer 8x240g,CS,20,34,,
100240888,Soft Drinks & Juice,Schweppes Lemonade Diet 2l,CS,6,5.6,,
101705421,Alcohol,Tennents Lager 4x440ml,CS,6,22.2,,
105499936,Other Grocery,Williams Bros Scottish Joker Ipa 5% 500ml,CS,8,13.28,,
105789749,Other Grocery,Ferrero Collection T15 172g,CS,6,31.5,,
111038677,Other Grocery,Buxton Still Natural Mineral Water 1l,CS,12,9.12,,
107527620,Other Grocery,Slimfast Milkshake Bottle Vanilla 325ml,CS,6,10.18,,
107527531,Soft Drinks & Juice,Slimfast Milkshake Bottle Chocolate 325ml,CS,6,9.92,,
100813181,Other Grocery,Gillette Series Sensitive Shave Gel Aloe 200ml,CS,6,11.88,,
108364990,Other Grocery,Trek Cocoa Oat Protein Flapjacks 3x50g,CS,12,27.6,,
104955952,Other Grocery,M Yorkshire Vale Sparkling Water 2l,CS,8,2.72,,
105173101,Other Grocery,M NAS Apple & Blackcurrant Juice 4x250ml,CS,6,5.64,,
105173047,Sugar & Baking,M No Added Sugar Orange Juice 4x250ml,CS,6,6,,
108442791,Other Grocery,M Best Chilli Infused Olive Oil 250ml,CS,6,22.8,,
111884291,Other Grocery,Nik Naks Nice N Spicy 6x20g,CS,24,25,,
111853567,Snacks & Crisps,Oreo Mini Snackpack 6x114g,CS,6,6.24,,
109846827,"Condiments, Sauces & Chutneys",M Best Hollandaise Sauce 165g,CS,6,7.26,,
109891193,Other Grocery,Ring Pop Blackcurrant Flavour 10g,CS,24,7.92,,
108406192,"Condiments, Sauces & Chutneys",M Best Morello Cherry Conserve 340g,CS,6,10.5,,
108450345,"Condiments, Sauces & Chutneys",M Best Williamette Raspberry Conserve 340g,CS,6,10.5,,
105062398,Other Grocery,M Chopped Pork & Ham 300g,CS,12,24.48,,
111951108,Other Grocery,Sheba Fresh & Fine in Jelly With Salmon&Tuna 6x50g,CS,8,14,,
111895097,Other Grocery,M Yorkshire Vale Sparkling Water 6x500ml,CS,1,1,,
105261557,Other Grocery,Tunnocks Mini Caramel Wafers 350g,CS,12,30.96,,
110753687,Other Grocery,Border Lemon Drizzle Melts 150g,CS,12,19.44,,
100199213,Other Grocery,MacB Still Lemon & Lime 500ml,CS,12,4.68,,
111259461,Other Grocery,Great Scot Red Split Lentils 500g,CS,5,6.65,,
100248054,Other Grocery,Barrs Irn Bru 500ml,CS,12,8.14,,
111259470,Other Grocery,Great Scot Broth Mix 500g,CS,5,4.1,,
111268616,Soft Drinks & Juice,Barrs Cola 6x330ml,CS,4,5.84,,
110428235,Other Grocery,Duracell Plus AAA 12pk,CS,12,80.28,,
111089837,Soft Drinks & Juice,M White Cooking Chocolate 150g,CS,18,25.2,,
100467425,Other Grocery,Grants Haggis 392g,CS,12,20.4,,
108332891,Other Grocery,Barrs Irn Bru Xtra 500ml,CS,12,8.14,,
100108385,Other Grocery,Highland Spring Still 12x500ml,CS,1,2.25,,
109758472,Snacks & Crisps,M Meaty Crisps 6x25g,CS,12,10.08,,
108232794,Other Grocery,Aquafresh My Big Teeth Toothpaste 75ml,CS,12,18.6,,
100209741,Other Grocery,Tunnocks Snowballs 4pk,CS,36,25.2,,
109214635,Other Grocery,M Mixed Peel 200g,CS,12,14.04,,
112131831,Other Grocery,Cadbury Dairy Milk 4 Bars 108.8g,CS,14,20.02,,
108536878,Snacks & Crisps,Shalimar Tandoori Peanuts 150g,CS,10,6.8,,
107487226,Other Grocery,Old El Paso Taco Seasoning Garlic & Paprika 25g,CS,24,21.36,,
112294040,Snacks & Crisps,Walkers Variety Crisps 6pk,CS,30,39.3,,
108444210,Alcohol,Haig Club Clubman Single Grain Scotch Whisky 70cl,CS,6,118.08,,
112340448,Other Grocery,Walkers Wotsits Cheese 6x16.5g,CS,12,14.8,,
105701541,Other Grocery,M Mincemeat 411g,CS,6,8.46,,
105213686,Other Grocery,M Burger Relish 310g,CS,8,11.2,,
111841241,Other Grocery,Drambuie 50cl,CS,6,80.1,,
107346925,Alcohol,Ballantines Finest Whisky 70cl (40%),CS,6,107.7,,
107523637,Protein & Functional Drinks,Bassetts Vitamins Raspberry Multivitamins 30s,CS,5,18.45,,
105761957,Laundry & Fabric Care,Dettol Anti-Bacterial Laundry Fresh Cotton 1.5l,CS,8,24.8,,
101732016,Alcohol,Chivas Regal Whisky 70cl,CS,6,144.54,,
100850791,Other Grocery,Aveeno Daily Moisturising Lotion 200ml,CS,6,24.9,,
106047042,Cleaning Tools & Accessories,M Sponge Fingers 175g,CS,12,11.4,,
100499742,Other Grocery,Knorr Stock Cubes Vegetable 8pk,CS,12,18,,
104471202,Other Grocery,Bear YoYo Strawberry 5pk,CS,6,10,,
100499751,Other Grocery,Knorr Beef Stock Cubes 8pk,CS,12,18,,
107973671,Other Grocery,Bear Apple Pure Fruit YoYos 5x20g,CS,6,15.3,,
104562286,Other Grocery,Pataks Garlic & Coriander Naan Bread 2pk,CS,8,7,,
100500387,Other Grocery,Maggi Liquid Seasoning 100ml,CS,12,12,,
108402909,Other Grocery,Bear Strawberry YoYos 9x20g,CS,5,18.45,,
105405223,Other Grocery,M Whole Button Mushrooms 290g,CS,12,10.8,,
105397569,Other Grocery,M Chopped Tomatoes With Basil 390g,CS,16,9.6,,
110469571,"Condiments, Sauces & Chutneys",Sweet Baby Rays Barbecue Sauce 510g,CS,6,19.08,,
110648377,Energy Drinks,Hot Wheels Monster Trucks 1:64 Assortment,CS,8,27.2,,
100242197,Energy Drinks,Red Bull Energy Drink 250ml,CS,24,24,,
109306142,Other Grocery,M Mediterranean Cous Cous 110g,CS,12,7.2,,
109306071,Other Grocery,M Tomato & Garlic Cous Cous 110g,CS,12,7.2,,
110695069,Other Grocery,M Strawberry Bon Bons 200g,CS,8,6.96,,
108951810,Other Grocery,Childs Farm Bubble Bath Organic Raspberry 250ml,CS,6,16.26,,
108951756,Other Grocery,Childs Farm Shampoo Strawberry & Mint 250ml,CS,6,17.76,,
109397515,Snacks & Crisps,Popchips Sea Salt & Vinegar 85g,CS,8,12.4,,
100502534,Other Grocery,Very Lazy Chillies 190g,CS,6,7.26,,
110428163,Other Grocery,M Butter Beans in Water 400g,CS,12,6.24,,
105515481,Other Grocery,M Kind & Gentle Delicates Liquid 750ml,CS,8,11.44,,
110650194,"Rice, Pasta & Noodles",Cow & Gate Baby Rice From 4-6m Onwards 100g,CS,5,7.75,,
106626423,Other Grocery,M Italian Seasoning 15g,CS,6,3.78,,
106629552,Other Grocery,M Chives 4g,CS,6,3.9,,
111862164,Alcohol,Bens Original Sweet & Sour Sauce 450g,CS,6,10.56,,
110891959,Alcohol,Kp Original Salted Peanuts 415g,CS,6,16.8,,
101729503,Other Grocery,Echo Falls White Zinfandel 75cl,CS,6,28.74,,
104070396,Other Grocery,Duracell Plus Power D 2pk,CS,10,24.7,,
107786349,Other Grocery,Duracell Plus AA 12pk,CS,12,80.28,,
100805244,Other Grocery,Nivea for Men Sensitive Shaving Foam 200ml,CS,6,9.79,,
100843152,Other Grocery,Ellas Mango Brekkie 100g,CS,6,6.9,,
100484866,Other Grocery,Baxters Sliced Beetroot 340g,CS,6,8.4,,
111493371,Alcohol,Guinness Draught 4x440ml (0%),CS,6,26.28,,
112040091,"Condiments, Sauces & Chutneys",M Best Cherry Tomato & Chilli Pasta Sauce 350g,CS,6,8.4,,
112177441,Other Grocery,M Best Smoked Sage And Red Onion Stuffing 140g,CS,8,10.4,,
100805480,Other Grocery,Nivea Men Deodorant Cool Kick Spray 250ML,CS,6,11,,
111190716,Snacks & Crisps,Tyrrells Crisps Lightly Sea Salted 150g,CS,8,13.52,,
111577136,Other Grocery,Foxs Milk Choc Chunk Cookie 180g,CS,8,13.92,,
109171049,Other Grocery,M 20 Tie Top Small Food Waste Liners 5l,CS,20,20.8,,
109171313,Other Grocery,M 20 Drawstring Tall Kitchen Waste Liners 50l,CS,12,18.6,,
109707966,Other Grocery,Fever Tree Light Elderflower Tonic Water 500ml,CS,8,11.62,,
110356032,Other Grocery,Good Boy 30 Puppy Pads,CS,2,7,,
100785992,Other Grocery,Elastoplast Sensitive Plasters 20pk,CS,10,18.8,,
111868224,Other Grocery,Lil-Lets Maternity Ultra Pads With Wings 12pk,CS,3,5.37,,
103239604,Other Grocery,Kiddylicious Strawberry Fruit 12g,CS,18,12.6,,
108945372,Other Grocery,Kiddylicious Strawberry Bakes 6x22g,CS,8,19.36,,
111963070,Other Grocery,Childs Farm Conditioner Strawberry & Mint 250ml,CS,6,18,,
108951879,Other Grocery,Childs Farm Baby Wash Fragrance Free 250ml,CS,6,16.26,,
105783814,Other Grocery,Baylis & Harding Jojoba/Silk/Almond Handwash 500ml,CS,3,4.04,,
108964434,Other Grocery,Kiddylicious Strawberry Fruit Wriggles Bags 4pk,CS,7,15.05,,
111281941,Other Grocery,Kiddylicious Strawberry & Banana Melts 4x6g,CS,4,9.2,,
108458099,Other Grocery,The Fruit Factory Mixed Fruit Stars 5x20g,CS,9,13.95,,
108149405,Other Grocery,Ellas Kitchen The Green One Multipack 450g,CS,3,10.65,,
111870691,Other Grocery,Kiddylicious Banana Wafers 6 Months+ 4x4g,CS,6,5.46,,
107927738,Other Grocery,M Free From Lasagne Sheets 250g,CS,6,7.32,,
108712026,"Rice, Pasta & Noodles",M Free From Macaroni Pasta 500g,CS,12,13.92,,
100465454,Other Grocery,Heinz Spaghetti Hoops Snap Pots 4x190g,CS,6,14.4,,
111741469,Alcohol,Kylie Minogue Prosecco Rose 75cl,CS,6,45.6,,
111633468,Other Grocery,19 Crimes Sauv Block 75cl,CS,6,36,,
111737689,Other Grocery,Trivento Golden Reserve Malbec 75cl,CS,6,63,,
111744387,"Condiments, Sauces & Chutneys",Jam Shed Rose California 75cl,CS,6,31.5,,
111939723,Other Grocery,19 Crimes Revolutionary Rose 75cl,CS,6,35,,
111538217,Alcohol,Branston Original Piccalilli 360g,CS,6,10.92,,
111152955,"Condiments, Sauces & Chutneys",Thai Dragon Sriracha Mayonnaise 200ml,CS,6,9.24,,
104677673,Other Grocery,Pizza Express Caesar Dressing 235ml,CS,6,13.5,,
109319912,Other Grocery,M Sweet Corn in Water 198g,CS,12,5.76,,
111633177,Other Grocery,Kylie Minogue Rosé 75cl,CS,6,32.9,,
107570311,Other Grocery,Sunny Yogurt Coated Raisins Multipack 5x25g,CS,4,4.9,,
110464295,Other Grocery,Indus Mango Juice 2l,CS,6,15,,
110075011,Other Grocery,M Sandwich Pickle 300g,CS,6,6.9,,
112239737,Other Grocery,Guinness Draught 8x440ml,CS,3,28.2,,
105383781,Alcohol,Belhaven Best 4x440ml (3.2%),CS,6,19.38,,
112291375,Ready Meals & Prepared Food,Walkers Ready Salted Crisps 6x25g,CS,30,45,,
100212861,Other Grocery,Nestle Milkybar Buttons Bag 30g,CS,48,30.24,,
106623812,Other Grocery,M Ground Coriander 36g,CS,6,2.82,,
106624031,Other Grocery,M Ground Mixed Spice 28g,CS,6,3.72,,
111846501,"Condiments, Sauces & Chutneys",M Beef Casserole Sauce Mix 37g,CS,24,7.2,,
106628664,Other Grocery,M Cayenne 48g,CS,6,3.84,,
106629384,Other Grocery,M Whole Black Pepper 100g,CS,6,8.28,,
106628103,Other Grocery,M Sage 11g,CS,6,3.84,,
106629085,Other Grocery,M Basil 16g,CS,6,3.72,,
111210326,Alcohol,Tetley Original Tea Bags 80x250g,CS,6,15.9,,
106628269,Other Grocery,M Tarragon 7g,CS,6,3.72,,
105205512,Other Grocery,M Pitted Green Olives in Brine 330g,CS,8,8.8,,
111291939,Other Grocery,M Cheddar Cheese Twists 125g,CS,10,10,,
112165192,Other Grocery,Bloo Brilliant Gel Arctic Ocean Rim Block 42g,CS,7,11.55,,
111874368,Other Grocery,Baylis & Harding Rose & Geranium Body Wash 500ml,CS,3,7.08,,
110408058,Soft Drinks & Juice,Green & Blacks Dark Chocolate Dark 70% 90g,CS,15,25.65,,
110408111,Soft Drinks & Juice,Green & Blacks Dark Chocolate Dark 85% 90g,CS,15,25.65,,
109833137,Alcohol,Tyskie 4x500ml (5.5%),CS,6,25.5,,
109606381,Other Grocery,Lilys Kitchen Sunday Lunch 150g,CS,10,12,,
112570884,Other Grocery,M Best Cranberry Fruit & Nut Mix 200g,CS,5,14,,
108625951,Other Grocery,Nutmeg Cotton Wool Balls 100pk,CS,6,5.4,,
110618522,Other Grocery,Nandos Peri-Peri Bag & Bake Medium 20g,CS,12,11.16,,
109593217,Other Grocery,M Nonpareille Capers 99g,CS,12,12,,
109397620,Snacks & Crisps,Popchips Sour Cream & Onion 85g,CS,8,12.4,,
110757637,Breakfast Cereals & Muesli,M Free From Red Berry Granola 350g,CS,3,6.75,,
108364885,Other Grocery,M Gold Hundreds & Thousands Sprinkles 80g,CS,6,5.7,,
105731096,Other Grocery,M Lemon Curd 411g,CS,6,6.54,,
110602723,Other Grocery,Haribo Chamallows 140g,CS,12,8.41,,
109932979,Other Grocery,M Fudge Chunks 100g,CS,10,11.45,,
105492953,"Condiments, Sauces & Chutneys",M Spaghetti in Tomato Sauce 395g,CS,24,8.64,,
111009841,Other Grocery,Pot Noodle Sticky Rib King Pot 114g,CS,12,10,,
106627881,Other Grocery,M Parsley 11g,CS,6,3.84,,
111610768,"Rice, Pasta & Noodles",Rice Krispies Squares Cookies & Cream 4 Bars,CS,11,16.94,,
110260778,Snacks & Crisps,Propercorn Sweet & Salty Popcorn 30g,CS,24,11.52,,
108456131,"Condiments, Sauces & Chutneys",M Best English Garden Mint Sauce 195g,CS,6,7.38,,
108456190,"Condiments, Sauces & Chutneys",M Best Horseradish Sauce 175g,CS,6,8.7,,
108308592,Other Grocery,M Best Silverskin Anchovy Fillets 155g,CS,6,18.12,,
110808932,Other Grocery,M Best Grenache Blanc 75cl,CS,6,33,,
109628951,Other Grocery,M Dry Cotton Trigger Air Freshener 250ml,CS,6,6.3,,
105622851,Other Grocery,M Best South African Sauvignon Blanc 75cl,CS,6,30,,
101738741,Alcohol,Martell Vs 3* Cognac 70cl (40%),CS,6,150,,
101736720,Alcohol,Stones Green Ginger 70cl,CS,6,29.4,,
111942711,Other Grocery,Kinder Cards 2x25.6g,CS,30,18.6,,
112037537,Other Grocery,Bisto Chicken Gravy Granules 190g,CS,12,28.2,,
112102415,Other Grocery,Bisto Beef Gravy Granules 190g,CS,24,56.4,,
112037490,Other Grocery,Bisto Reduced Salt Beef Gravy 190g,CS,12,28.2,,
111861305,Other Grocery,Ellas Kitchen Raspberry & Mango Puff Pops 4x9g,CS,5,9.5,,
104557971,"Condiments, Sauces & Chutneys",M Hot Chilli Cooking in Sauce 500g,CS,6,6.3,,
109109448,Other Grocery,Walkers Sensations Poppadoms Lime & Corriander,CS,9,11,,
105150216,Alcohol,M Diet Ginger Ale 1l,CS,12,4.8,,
106425761,"Condiments, Sauces & Chutneys",M Mango Chutney 340g,CS,6,7.86,,
110460665,Other Grocery,McCoys Ridge Cut Mighty Meaty 6x25g,CS,20,31.8,,
105205547,Other Grocery,M Pitted Black Olives in Brine 330g,CS,8,7.2,,
109101323,"Condiments, Sauces & Chutneys",Sensations Mango & Chilli Chutney Poppadoms 82.5g,CS,9,11,,
104555262,Other Grocery,M Macaroni 500g,CS,12,8.4,,
106624321,Other Grocery,M Ground White Pepper 100g,CS,6,10.8,,
104587598,Other Grocery,Knorr Stockpot Rich Beef 8pk,CS,4,10,,
105645981,Other Grocery,M flaked almonds 150g,CS,10,23.5,,
100191545,Other Grocery,Tate & Lyle Black Treacle 454g,CS,12,14.64,,
100499697,Other Grocery,Knorr Stock Cubes Lamb 8pk,CS,12,18,,
107377511,Other Grocery,Dr Oetker Liquid Glucose Cake Decoration 140g,CS,6,11.41,,
108864839,Other Grocery,Betty Crocker Triple Choc Chunk Brownie Mix 415g,CS,6,11,,
111217940,Other Grocery,M Love Heart Sprinkles 55g,CS,6,4.92,,
107563743,Other Grocery,M Pistachio Kernals 100g,CS,12,34.8,,
107702715,Snacks & Crisps,M Pecan Nuts 250g,CS,8,30.4,,
109214563,Other Grocery,M Glace Red Cherries 200g,CS,12,19.44,,
108426126,Sugar & Baking,M Sugar Strands Sprinkles 65g,CS,6,5.7,,
108365079,Other Grocery,M Hundreds & Thousands Sprinkles 80g,CS,6,5.7,,
107373552,Other Grocery,Betty Crocker Cream Cheese Icing 400g,CS,6,16.5,,
109523091,Other Grocery,M Sesame Seeds 100g,CS,10,8.9,,
107566602,Other Grocery,Betty Crocker Lemon Icing 400g,CS,6,16.5,,
105785650,Other Grocery,Heinz Classic Lentil & Bacon 400g,CS,24,32.4,,
104044032,Other Grocery,Nido Milk Powder 400g,CS,6,28.5,,
107606707,Soft Drinks & Juice,Betty Crocker Tempting Chocolate Cake Mix 425g,CS,6,16.5,,
107573458,Other Grocery,Allinsons Easy Bake Yeast 100g,CS,10,13.5,,
108802814,Alcohol,Scotts Porage Oats Original Porridge Oats 1kg,CS,10,19.1,,
107606344,Other Grocery,Betty Crocker Moreish Carrot Cake Mix 425g,CS,6,16.5,,
106416872,Ready Meals & Prepared Food,Golden Wonder Crisps Ready Salted 6x150g,CS,16,16,,
110036282,Sugar & Baking,M Organic Self Raising Flour 1kg,CS,5,7,,
110558013,Alcohol,KP Original Salted Peanuts Reclose Pack 250g,CS,12,20.25,,
100477076,"Condiments, Sauces & Chutneys",Maille Wholegrain Mustard 210g,CS,6,12.3,,
100181929,Other Grocery,Frank Coopers Fine Cut Oxford Marmalade 454g,CS,6,12.6,,
109920214,Other Grocery,M Extra Tough Plasters 20pk,CS,6,2.7,,
111815085,"Tea, Coffee & Sweeteners",M Decaff 80 Tea Bags 232g,CS,12,14.28,,
109397566,Snacks & Crisps,Popchips Barbeque 85g,CS,8,12.4,,
107830670,Other Grocery,Fever Tree Indian Tonic Water 8x150ml,CS,3,11.43,,
100497000,Other Grocery,Maldon Sea Salt 250g,CS,12,20.76,,
111112136,Other Grocery,Budweiser 4x300ml,CS,6,20.1,,
101711469,Other Grocery,Moet & Chandon N/V 75cl,CS,6,195.9,,
101726046,Alcohol,Captain Morgan The Original Rum 70cl,CS,6,80,,
111947176,Other Grocery,Pip & Nut Crunchy Peanut Butter 300g,CS,6,16.08,,
101719698,Alcohol,Courvoisier Vsop 70cl (40%),CS,6,183.6,,
112131591,Other Grocery,Cadbury Wispa 4 Bars 94.8g,CS,11,13.5,,
111981681,Other Grocery,Tennents 10x440ml,CS,1,8.1,,
111814998,"Tea, Coffee & Sweeteners",M Extra Strong 80 Tea Bags 232g,CS,12,13.2,,
101731646,Alcohol,Gordons Gin 70cl,CS,6,85.74,,
104792920,Other Grocery,M Scotch Broth Soup 400g,CS,12,7.8,,
112138590,Household Paper & Disposables,Andrex Classic Clean Toilet Tissue 9pk,CS,4,13.1,,
109150774,"Rice, Pasta & Noodles",Batchelors Super Noodles Curry Pot 75g,CS,8,8,,
109086979,Other Grocery,Penn State Sour Cream & Chive Pretzels 175g,CS,8,9.5,,
111900204,Other Grocery,Dreamies Cat Treats With Catnip 60g,CS,8,8.24,,
109749550,Other Grocery,M Pro Clean Mint Denture Tablets 30pk,CS,12,6.6,,
111959847,Other Grocery,Go-Cat With Chicken & With Duck 750g,CS,5,10.4,,
111876339,Alcohol,Kahlua Coffee Liqueur 70cl (16%),CS,6,70.92,,
111950906,Other Grocery,Sheba Fresh & Fine In Gravy With Salmon&Tuna 6x50g,CS,8,14,,
111858624,Other Grocery,M Tomato Puree 200g,CS,24,15.6,,
111839968,Other Grocery,Cadbury Double Decker Duo 74.6g,CS,32,26.13,,
100201029,Other Grocery,Nestle Shredded Wheat 16 Biscuits 360g,CS,8,20,,
100275116,Other Grocery,Golden Wonder Cheese & Onion 6pk,CS,16,16,,
108146221,Other Grocery,Alberto Balsam Ultra Strong Styling Gel 200ml,CS,6,5.7,,
100236601,Other Grocery,Guylian Praline Seashells 250g,CS,12,61,,
106431239,Other Grocery,M Rinse Aid 400ml,CS,12,18.24,,
111839933,Other Grocery,Cadbury Wispa Duo 47.4g,CS,32,26.13,,
110558970,Sugar & Baking,Polo Sugar Free 33.4g,CS,32,14.08,,
111522881,Soft Drinks & Juice,Foxs Chunkie Cookies Extremely Chocolatey 175g,CS,8,12.8,,
111862797,Other Grocery,Cadbury Boost Duo 63g,CS,32,26.13,,
111833611,"Tea, Coffee & Sweeteners",Costa Instant Intense Dark Roast Coffee 100g,CS,6,19.5,,
105173012,Sugar & Baking,M No Added Sugar Summerfruits Juice 4x250ml,CS,6,5.7,,
111098961,Household Cleaning,M Bathroom Cleaner 750ml,CS,10,8.4,,
111811800,Other Grocery,Buxton Sparkling 8x500ml,CS,1,1.8,,
111815026,"Tea, Coffee & Sweeteners",M Everyday Tea 80 Tea Bags 232g,CS,12,9.48,,
110045189,Snacks & Crisps,Sensations Coated Peanuts Thai Sweet Chilli 150g,CS,8,14.08,,
111869921,Other Grocery,Carex Hand Gel Aloe Vera 300ml,CS,6,14.21,,
111849226,Other Grocery,Nescafe Gold Cappuccino 12x186g,CS,6,18,,
110995256,Other Grocery,Starbucks Caramel Macchiato Dolce Gusto 6+6 Pods,CS,3,8.5,,
111849306,Other Grocery,Nescafe Gold Latte 12x216g,CS,6,18,,
111839909,Other Grocery,Cadbury Dairy Milk Duo 54.4g,CS,36,29.24,,
111851123,Other Grocery,M Anti-Dandruff Shampoo Classic 500ml,CS,6,8.34,,
111195816,Pet Food,M Dog Food Beef Pate 150g,CS,22,7.92,,
111993973,Other Grocery,Nairns Rough Oatcakes 291g,CS,6,5.7,,
111851318,Other Grocery,M Sports 3 In 1 Shampoo 300ml,CS,6,4.38,,
110461473,Other Grocery,McCoys Ridge Cut The Classic 6x25g,CS,20,31.8,,
111880952,Other Grocery,M Shampoo &Conditioner Anti-Dandruff Classic 500ml,CS,6,8.34,,
105731547,Other Grocery,Webbox Lick-E-Lix Chicken 5x15g,CS,17,15.81,,
111210318,"Tea, Coffee & Sweeteners",Tetley Tea Bags 40pk,CS,12,14.4,,
111837541,Other Grocery,LOr Espresso Lungo 10 Capsules 52g,CS,7,17.9,,
111808651,Other Grocery,Tassimo Costa Latte 12 Discs 167g,CS,5,20.15,,
111145827,Other Grocery,Prymat Chicken Seasoning 30g,CS,25,7.5,,
111849461,Other Grocery,Starbucks Vanilla Macchiato Dolce Gusto 12 Pods,CS,3,8.5,,
105110724,Soft Drinks & Juice,Alpro Almond Unsweetened Drink 1l,CS,8,8.5,,
110762081,Other Grocery,Nescafe Dolce Gusto Flat White 16 Pods 187.2g,CS,3,10.15,,
104761921,Other Grocery,M Vegetable Oil 1l,CS,15,29.25,,
100531191,Other Grocery,Bacofoil 300mmx10m,CS,24,44.16,,
105656057,Alcohol,M Crumble Mix 227g,CS,12,7.2,,
100197648,Other Grocery,Whole Earth Smooth Peanut Butter 454g,CS,6,13.5,,
100240538,Other Grocery,Vimto Zero 2l,CS,8,8.96,,
111255524,Other Grocery,M Free From Penne 500g,CS,12,13.92,,
109930615,Other Grocery,Blue Dragon 3 Step Thai Green Curry Kit 253g,CS,4,7,,
104413897,Other Grocery,Old El Paso Enchilada Kit Cheesy Baked Mild 663g,CS,6,12.5,,
107173665,Other Grocery,Wilkinson Xtreme III 4pk,CS,7,20.51,,
111798377,"Condiments, Sauces & Chutneys",M Simmer Parsley Sauce Mix 21g,CS,28,6,,
109751174,"Condiments, Sauces & Chutneys",Sacla Italia Free From No.10 Tomato Pesto 190g,CS,6,14.1,,
100517357,Other Grocery,Old El Paso Fajita Seasoning 35g,CS,24,24,,
111571922,Snacks & Crisps,Naked Noodle Chow Mein Pot Snack 78g,CS,6,5.52,,
100475169,"Condiments, Sauces & Chutneys",Hellmanns Real Mayonnaise Squeezy 750ml,CS,6,14.5,,
100197883,Other Grocery,Rowse Honey Squeezy 340g,CS,6,13.86,,
111675060,"Condiments, Sauces & Chutneys",Blue Dragon Light Soy Sauce 150ml,CS,12,13.32,,
107172161,Other Grocery,KTC Coconut Cooking Oil 650ml,CS,6,19.38,,
110706320,"Tea, Coffee & Sweeteners",Fray Bentos Steak & Gravy Pie 425g,CS,6,15.96,,
110623874,Other Grocery,Purina Bakers Sizzlers Bacon Flavour 90g,CS,6,5.4,,
111345335,Other Grocery,Nutmeg Vegetable & Chicken Cous Cous 10m+ 190g,CS,5,6.15,,
108009138,Other Grocery,Gourmet Gold Savoury Cake With Chicken 85g,CS,12,7.2,,
110367233,Other Grocery,M Potato Gnocchi 500g,CS,6,7.2,,
108530652,Other Grocery,M White Fairy Paper Cases 100pk,CS,6,5.1,,
109701003,"Tea, Coffee & Sweeteners",Twinings Superblends Sleep 20 Single Tea Bags 30g,CS,4,8.4,,
105396144,Soft Drinks & Juice,M White Chocolate Chips 100g,CS,9,8.55,,
104812521,Alcohol,Frylight Extra Virgin Olive Oil Cooking Spray190ml,CS,6,13.5,,
106308388,Alcohol,M Cider Vinegar 350ml,CS,6,4.68,,
108534207,"Condiments, Sauces & Chutneys",M Best Cranberry Sauce With Port 220g,CS,6,9,,
110836714,Sugar & Baking,Heinz Tomato Ketchup 50% Less Sugar & Salt 800ml,CS,8,34.16,,
111905953,Alcohol,John West On The Go Honey & Ginger Tuna Salad 220g,CS,6,11.58,,
100465471,"Condiments, Sauces & Chutneys",Heinz Spaghetti Hoops in Tomato Sauce 205g,CS,48,26.5,,
109070846,Other Grocery,Princes Mild Chicken Curry 392g,CS,6,13.8,,
105012219,Alcohol,Regina Blitz Household Towel 2 Rolls,CS,4,11.88,,
110917531,Other Grocery,Pedigree Rodeo With Chicken 7x123g,CS,12,16.56,,
100795963,Other Grocery,Nutrisse Brown 5.0,CS,3,18.48,,
111854658,Other Grocery,Lynx Africa Bodywash 225ml,CS,6,6.6,,
111345247,Other Grocery,Nutmeg Spaghetti Bolognese 10m+ 190g,CS,5,6.6,,
101722791,Alcohol,Smirnoff Triple Distilled Vodka 1l,CS,6,96.75,,
109434232,Other Grocery,Bragdy Conwy Brewery California 500ml,CS,12,18.24,,
109712773,"Rice, Pasta & Noodles",Heinz Cheesy Tomato Pasta Stars 7+ Months 200g,CS,6,6.42,,
111345458,Other Grocery,Nutmeg Mac & Cheese 12m+ 200g,CS,5,6.45,,
107819681,Alcohol,Wrexham Lager 5% 330ml,CS,24,26.88,,
107164849,Alcohol,Honey Fayre 500ml (4.8%),CS,12,19.2,,
109403612,Other Grocery,Bragdy Conwy San Francisco Ipa 500ml,CS,12,18.24,,
108930103,Other Grocery,Glamorgan Jemimas Pitchfork 500ml,CS,8,12.56,,
110375831,Other Grocery,Lynx Bodyspray Excite Deodorant 150ml,CS,6,17.46,,
104200541,Other Grocery,Head & Shoulders Itchy Scalp Shampoo 250ml,CS,6,10,,
100768922,Other Grocery,Wilkinson Sword Extra II Beauty 5pk,CS,10,13,,
111345001,Other Grocery,Nutmeg Sweet Potato Carrot & Swede 6m+ 70g,CS,7,4.13,,
103304998,Alcohol,Felinfoel Double Dragon 500ml (4.2%),CS,8,12.4,,
100767591,Other Grocery,Sensodyne Pronamel Whitening 75ml,CS,12,43.8,,
109978301,Other Grocery,Sensodyne Daily Care Gentle Whitening 75ml,CS,12,22.44,,
106819217,Other Grocery,Glamorgan Brewing Co Cwrw Gorslas 500ml,CS,8,12.56,,
104201106,Other Grocery,Aussie Shampoo Mega 300ml,CS,6,13.5,,
111344973,Other Grocery,Nutmeg Pear Prune & Banana 6m+ 70g,CS,7,4.13,,
106819188,Other Grocery,Glamorgan Brewing Co Welsh Pale Ale 500ml,CS,8,12.56,,
107417130,Other Grocery,Colgate Sensitive Deep Clean White 75ml,CS,12,21,,
101734214,Alcohol,Harveys Bristol Cream 75cl (15.5%),CS,6,60,,
110802274,Soft Drinks & Juice,Rubicon Spring Strawberry Kiwi 500ml,CS,12,10,,
105471589,Alcohol,Pringles Original 40g,CS,12,7.8,,
102892169,Alcohol,Johnnie Walker Black Label 70cl (40%),CS,6,143.4,,
111935394,Other Grocery,Pedigree Dentastix Daily Chews Large Dogs 4pk,CS,14,18.2,,
111914147,Other Grocery,Smarties 38g,CS,24,16.08,,
111259390,Other Grocery,Alzar Sauvignon Blanc 75cl,CS,6,25,,
100228862,Soft Drinks & Juice,Diet Pepsi 8x330ml,CS,3,8.5,,
106367450,Other Grocery,M 10 All Purpose Cloths,CS,15,11.85,,
110725926,"Rice, Pasta & Noodles",Batchelors Super Noodles Mild Curry Flavour 90g,CS,24,20,,
105294332,Other Grocery,M Best Chenin Blanc 75cl,CS,6,31,,
106892967,Alcohol,Ciroc Vodka 70cl,CS,6,135,,
111124508,Alcohol,Bombay Sapphire Gin & Tonic 250ml,CS,12,16.8,,
109850949,Alcohol,M White Rum 50cl,CS,12,100.8,,
109177635,Alcohol,Edinburgh Gins Rhubarb And Ginger Liqueur 50cl,CS,6,67.5,,
107340515,Alcohol,Keo 630ml (4.5%),CS,6,10.44,,
101741676,Other Grocery,Jagermeister 70cl,CS,6,103.2,,
110466194,Alcohol,Heineken 4x568ml (5%),CS,6,32,,
101714432,Alcohol,Archers Peach Schnap 70cl (18%),CS,6,60,,
111862121,Alcohol,Bens Original Medium Curry Sauce 440g,CS,6,10.56,,
111675158,"Condiments, Sauces & Chutneys",Blue Dragon Dark Soy Sauce 150ml,CS,12,13.32,,
111760168,"Condiments, Sauces & Chutneys",Wagamama Teriyaki Stir Fry Sauce 125g,CS,12,8.3,,
105106240,Other Grocery,Ellas Kitchen Chicken Roast 130g,CS,6,8.76,,
111126132,Other Grocery,Yellow Tail Chardonnay 750ml,CS,6,31,,
111884304,Other Grocery,Skips Tingly Prawn Cocktail 6x13.1g,CS,20,25,,
107205153,Alcohol,M London Dry Gin 35cl (37.5%),CS,12,69.6,,
111885876,Other Grocery,Mentos Fruit Chewy Dragees Rolls 5x38g,CS,18,22.5,,
109485030,Other Grocery,Kumala Chenin Blanc 75cl,CS,6,27.6,,
101705325,Other Grocery,Hardys Crest Chardonnay Sauvignon 75cl,CS,6,31,,
109833031,Alcohol,Heineken 4x440ml (5%),CS,6,26.5,,
107615611,Alcohol,Sharps Atlantic Pale Ale 500ml (4.5%),CS,8,13.92,,
106561480,Alcohol,M Blend Scotch Whisky 70cl (40%),CS,12,147,,
101721093,Alcohol,Glen Moray Sing Malt 70cl (40%),CS,6,90,,
101704681,Alcohol,Monkey Shoulder Malt 70cl (40%),CS,6,126,,
100220115,Other Grocery,Goldenfry Chip Shop Batter Mix 170g,CS,12,6.12,,
111895126,Other Grocery,Buxton Still Water 8x500ml,CS,1,2,,
111044137,Alcohol,Brewdog Hazy Jane 4x330ml (5%),CS,6,25,,
109842851,Other Grocery,Barratt Chewy Nougat 35g,CS,40,10.8,,
109662981,Other Grocery,Kumala Shiraz 75cl,CS,6,27.3,,
111769242,Alcohol,Brewdog Hazy Jane 440ml (5%),CS,12,20.88,,
111904221,Soft Drinks & Juice,Pepsi Max 24x330ml,CS,1,9.5,,
108752407,Alcohol,Innis & Gunn 4x440ml (4.6%),CS,6,25.38,,
111203492,Other Grocery,Corona 10x330ml,CS,1,8.5,,
111124831,Other Grocery,Funkin Nitro Cocktails Passion Fruit Martini 200ml,CS,12,16.44,,
106895800,Alcohol,Smirnoff & Cola 250ml (5%),CS,12,18,,
104812601,Other Grocery,Frylight Sunflower Oil Spray 190ml,CS,6,14.52,,
111895151,Other Grocery,Nestle Pure Life Still Spring Water 12x500ml,CS,1,1.5,,
111769306,Alcohol,Brewdog Punk IPA 440ml (5.4%),CS,12,20.64,,
111260729,Other Grocery,Great Scot Pearl Barley 500g,CS,5,3.95,,
105094277,Other Grocery,Cornish Sea Salt 225g,CS,8,13.44,,
110572051,Other Grocery,Trivento Malbec Private Reserve 75cl,CS,6,38,,
111009438,Other Grocery,Vocation Brewery Life & Death IPA 4x330ml,CS,6,29.94,,
111594121,Other Grocery,Smarties 105g,CS,8,6.65,,
104508909,Alcohol,Franks Red Hot Original Cayenne Pepper Sauce 148ml,CS,6,8.58,,
111777154,Alcohol,Lucozade Energy Original 900ml,CS,12,14.64,,
111820159,Alcohol,Corona 620ml (4.5%),CS,12,20.88,,
107652498,Other Grocery,M Microfibre Cloth 4pk,CS,6,8.82,,
106938857,"Condiments, Sauces & Chutneys",Crucials Burger Sauce 500ml,CS,12,14.76,,
111777120,Other Grocery,Lucozade Energy Orange 900ml,CS,12,14.64,,
110466670,Snacks & Crisps,Butterkist Crunchy Toffee Popcorn Snack 6x20g,CS,14,14.6,,
100193807,Other Grocery,J2o Apple & Raspberry 4x275ml,CS,6,21.96,,
107989891,Snacks & Crisps,Seabrook Sea Salt Crisps 6pk,CS,6,5.7,,
110561335,Other Grocery,19 Crimes Chard 75cl,CS,6,36,,
111009542,Other Grocery,Yellow Tail Merlot 75cl,CS,6,32.75,,
111740343,Alcohol,Inchs Medium Apple 4x440ml (4.5%),CS,6,20.5,,
111669891,"Condiments, Sauces & Chutneys",M Counted Honey & Mustard Dressing 250ml,CS,6,4.8,,
111669866,Other Grocery,M Counted French Dressing 250ml,CS,6,4.5,,
111588193,Other Grocery,Rowntrees Randoms Juicers 140g,CS,9,5.94,,
111669680,Other Grocery,M Caesar Dressing 260ml,CS,6,5.82,,
110131511,Other Grocery,Quality Street Matchmakers Mint 120g,CS,10,13.5,,
111112970,Other Grocery,Nandos Perinaise Garlic 265g,CS,6,12.6,,
111594307,Other Grocery,Milkybar Buttons 94g,CS,11,9.15,,
100769095,Other Grocery,Gillette Satin Care Sensitive Skin Shave Gel 200ml,CS,6,7.5,,
106005977,Other Grocery,Mug Shot Roast Chicken Flavour 55g,CS,10,5,,
108967686,Other Grocery,Zebra Classic Smooth Ballpoint Black 3pk,CS,12,14.4,,
107548308,Alcohol,Oyster Bay Merlot 75cl (13.5%),CS,6,40.25,,
111594243,Other Grocery,Aero Peppermint Bubbles 92g,CS,8,6.6,,
105173451,Sugar & Baking,M No Added Sugar Apple & Raspberry Water 4x250ml,CS,6,5.28,,
105642190,Alcohol,M Original Thick Bleach 750ml,CS,12,6.12,,
111423735,Other Grocery,M Free From Honey Loops 300g,CS,5,9.75,,
100534114,Alcohol,Dettol Original 750ml,CS,6,17.76,,
105151673,Sugar & Baking,M No Added Sugar Dandelion & Burdock 2l,CS,8,4.32,,
109166979,Other Grocery,Toilet Duck Deep Action Gel Marine 750ml,CS,8,8.24,,
105173426,Other Grocery,M NAS Apple & Blackcurrant Water 4x250ml,CS,6,5.64,,
105473699,Other Grocery,M Free From Spaghetti 500g,CS,12,15.24,,
110771025,Alcohol,Wham Original Chew Bar,CS,50,12.5,,
105612724,Other Grocery,Cadburys Double Decker 54.5g,CS,48,30.4,,
109903086,Other Grocery,Flava It Chinese Marinade 35g,CS,12,8.04,,
110890278,Other Grocery,Cadbury Twirl Orange 43g,CS,48,30.4,,
100238403,"Tea, Coffee & Sweeteners",Glengettie Tea Bags 80pk,CS,12,24.84,,
109571341,Other Grocery,Welsh Lady Lemon Curd all Butter 311g,CS,6,12.6,,
108918008,Other Grocery,Cadbury Freddo 18g,CS,60,16.2,,
109571421,Other Grocery,Welsh Lady Strawberry Preserve 340g,CS,6,12.6,,
107501315,Other Grocery,M Super Absorbent Cat Litter 10l,CS,1,2.8,,
106475602,Other Grocery,Kikkoman Teriyaki Marinade 250ml,CS,6,14.52,,
110628931,Other Grocery,Ellas Kitchen Cheese&Apple Sticks From 7 Months16g,CS,5,5.25,,
111659318,"Condiments, Sauces & Chutneys",M Tomato Ketchup 450g,CS,10,7.7,,
109354081,Soft Drinks & Juice,Rubicon Sparkling Mango 500ml,CS,12,9.05,,
111515322,Other Grocery,M Light Skin Tone Plasters 40pk,CS,6,2.46,,
111532691,"Condiments, Sauces & Chutneys",M Tikka Sauce 500g,CS,6,5.76,,
111532544,"Condiments, Sauces & Chutneys",M Korma Sauce 500g,CS,6,5.82,,
111635421,Other Grocery,Reeses 2 Cup 42g,CS,36,18,,
100191668,"Condiments, Sauces & Chutneys",Bonne Maman Raspberry Conserve 370g,CS,6,16.5,,
110675439,Alcohol,Old El Paso Nacho Kit Original Cheesy Bake 505g,CS,7,14.75,,
110428075,Other Grocery,M Cannellini Beans In Water 400g,CS,12,5.52,,
100509138,Other Grocery,Marshalls Macaroni 500g,CS,10,11,,
111460544,Other Grocery,Nestle Carnation Cook With Condensed Milk 397g,CS,12,25.2,,
111743288,Other Grocery,Slush Puppie Ice Pops Multipack 600ml,CS,15,15,,
100521145,Other Grocery,Pedigree Variety Jelly 6x385g,CS,4,21.6,,
104711384,Cleaning Tools & Accessories,Triplewax Jumbo Sponge,CS,12,9.96,,
111621002,Ready Meals & Prepared Food,Walkers Ready Salted 45g,CS,32,16.6,,
111620843,Other Grocery,Walkers Cheese & Onion 45g,CS,32,16.6,,
104710411,Other Grocery,Triplewax Shampoo 1l,CS,6,10.14,,
111115417,Other Grocery,Kelloggs Special K Red Berries 330g,CS,10,24,,
111686201,Other Grocery,Waterwipes Newborn Biodegradable Baby Wipes 60pk,CS,12,26.04,,
111523162,"Tea, Coffee & Sweeteners",M Best Earl Grey 100 Tea Bags 200g,CS,4,5.4,,
111598720,Other Grocery,Nestle Cheerios 390g,CS,14,38.92,,
100217282,Other Grocery,Cadbury Flake 32g,CS,48,29.76,,
106471011,Alcohol,M Lemon & Ginger Embrace 40x80g,CS,6,6,,
108738891,"Rice, Pasta & Noodles",Nissin Soba Chili Noodles 92g,CS,8,11.6,,
110685602,Other Grocery,M Sliced Carrots in Water 300g,CS,12,6.12,,
111594180,Other Grocery,Rowntrees Fruit Pastilles Vegan 143g,CS,10,6.6,,
101731881,Alcohol,Disaronno Amaretto 50cl (28%),CS,6,69.9,,
111571906,"Rice, Pasta & Noodles",Naked Rice Long Grain Japanese Katsu Curry 78g,CS,6,5.7,,
100192468,Other Grocery,Del Monte Peach Slices in Juice 415g,CS,12,10.2,,
106468429,"Tea, Coffee & Sweeteners",M Mint Breeze Green Tea 40x80g,CS,6,6,,
110974965,Other Grocery,Highland Spring Eco Bottle Still Water 750ml,CS,15,8.55,,
108712237,Sugar & Baking,Heinz Tomato Ketchup 50% Less Sugar & Salt 400ml,CS,10,22,,
104997319,Alcohol,Jack Daniels Tennessee Honey 70cl (35%),CS,6,112,,
110555496,Other Grocery,French Fries Variety 6x18g,CS,24,29.5,,
105396110,Soft Drinks & Juice,M Milk Chocolate Chips 100g,CS,9,9,,
106085153,Other Grocery,M Still Spring Water Peach 4x500ml,CS,6,5.28,,
108738921,"Rice, Pasta & Noodles",Nissin Soba Yakitori Noodles 89g,CS,8,11.6,,
106050874,Cleaning Tools & Accessories,Aquafresh Milk Teeth Brush,CS,12,17.28,,
110380243,Other Grocery,Batiste Dry Shampoo & Volume 200ml,CS,6,15,,
100782901,Cleaning Tools & Accessories,Oral B Indicator Plus Brush 35m,CS,12,15,,
100792922,Other Grocery,Herbal Essence Hello Hydration Shampoo 400ml,CS,6,8.5,,
100782898,Cleaning Tools & Accessories,Aquafresh Big Teeth Brush,CS,12,17.28,,
105374033,Other Grocery,Veet Sensitive Hair Removal Cream 200ml,CS,6,29.82,,
105479100,Other Grocery,Gillette Venus Oceana 3 Blades,CS,6,15.5,,
106084919,Other Grocery,M Still Spring Water Apple & Blackcurrant 4x500ml,CS,6,5.28,,
110376711,Other Grocery,Gillette Sensor 3 Smooth Disposable Razors 4pk,CS,6,12.4,,
108733151,Other Grocery,Cussons Carex Protects Moisture Plus Hand Gel 50ml,CS,12,11.4,,
100236627,Other Grocery,Lindor Assorted Cornet 200g,CS,8,38.2,,
107830717,Other Grocery,Fever Tree Mediterranean Tonic Water 500ml,CS,8,12,,
108828176,Other Grocery,Vimto Squash Remix Raspb Orange & Passionfruit 1l,CS,12,8.65,,
110461861,Other Grocery,M Apple Juice 3x200ml,CS,9,6.84,,
105638511,Ready Meals & Prepared Food,M Ready To Serve Combi Custard 500g,CS,12,9.6,,
109714015,Other Grocery,Kiddylicious Veggie Straws 4x12g,CS,4,9.28,,
107434976,Other Grocery,Ellas Kitchen Prunes Prunes Prunes Stage 1 70g,CS,7,6.23,,
100184581,Other Grocery,Del Monte Pineapple Slices in Juice 220g,CS,12,7.44,,
105107197,Ready Meals & Prepared Food,Ellas Chic Casserole 190g,CS,7,12.53,,
105106320,Other Grocery,Ellas Kitchen Apples Stage 1 70g,CS,7,6.23,,
110649986,Breakfast Cereals & Muesli,Cow & Gate Banana Porridge From 4-6m Onward 125g,CS,5,8.1,,
101761950,Ready Meals & Prepared Food,M Ready Mixed Screenwash 5l,CS,4,8,,
100240159,Soft Drinks & Juice,Lindt Excellence Orange Chocolate 100g,CS,20,46,,
106881432,Alcohol,Aperol 70cl (11%),CS,6,72.6,,
106695453,Other Grocery,After Eight Mints 300g,CS,18,57.6,,
101777741,Other Grocery,M Screenwash Concentrate 1l,CS,6,5.34,,
110696580,Other Grocery,Thorntons Classic Collection 262g,CS,6,29.5,,
100236619,Soft Drinks & Juice,Lindt Lindor Milk Chocolate Truffles 200g,CS,8,38.5,,
107541173,Other Grocery,Ferrero Rocher T16 200g,CS,5,19,,
103292173,Other Grocery,Ferrero Rocher T24 300g,CS,6,46.5,,
111090230,"Condiments, Sauces & Chutneys",Bonne Maman Peach Conserve 370g,CS,6,16.5,,
110717061,Other Grocery,Maltesers Box 310g,CS,7,24.55,,
111538671,Other Grocery,Stella Artois 4x330ml,CS,6,23.88,,
109339471,Other Grocery,The Straw Hat Fresh & Fruity White 75cl,CS,6,23.52,,
109849374,Other Grocery,Bic Kids Colour Pencils 24pk,CS,20,50.4,,
107631961,Soft Drinks & Juice,M Chocolate Nut Mix 60g,CS,16,14.08,,
104461848,Other Grocery,Irn Bru 8x330ml,CS,3,8,,
111510601,Other Grocery,Bebeto Fizzy Party Mix 400g,CS,12,16.32,,
107132978,Other Grocery,Hartleys 10 Calorie Raspberry Jelly 175g,CS,12,8.4,,
110803752,Other Grocery,Lyles Golden Syrup 325g,CS,12,16.92,,
107631996,Snacks & Crisps,M Walnuts 50g,CS,16,14.24,,
111195787,Pet Food,M Dog Food Chicken Pate 150g,CS,22,8.8,,
109857155,Other Grocery,Bic Kids Felt Tip Pens 24pk,CS,20,50,,
100223666,Soft Drinks & Juice,Cadbury Drinking Chocolate 500g,CS,6,22.2,,
111195728,Pet Food,M Dog Food Beef Pate 300g,CS,18,8.82,,
108033234,Other Grocery,Oatly Barista Edition 1l,CS,6,10.14,,
106011082,Other Grocery,M Chopped Tomatoes 400g,CS,24,11.28,,
110648140,Other Grocery,M Best Salted Caramel Fudge 150g,CS,5,7.5,,
106087239,Other Grocery,Toffee Crisp 7x130.9g,CS,24,18.1,,
110381844,Other Grocery,Lynx Bodyspray Africa 250ml,CS,6,23.1,,
110502837,Other Grocery,Nutmeg Ultra Dry Size 4 Nappies 48pk,CS,4,17.4,,
106367863,Other Grocery,M Large Cleaning Cloths 5pk,CS,12,13.8,,
109654420,Other Grocery,Old El Paso Fajita Kit Smoky BBQ Gluten Free,CS,6,22.66,,
110566523,Other Grocery,Schar Jaffa Cakes 150g,CS,8,11.2,,
100219085,Other Grocery,Paynes Poppets Chewy Toffee 39g,CS,36,17.28,,
110694875,Other Grocery,M Fruit Sherbets 200g,CS,9,7.38,,
109903351,Other Grocery,Nescafe Dolce Gusto Cappuccino 16pod,CS,3,10.15,,
104139365,Other Grocery,Ambrosia Low Fat Custard 400g,CS,24,39.36,,
111107572,Other Grocery,Squares Salt & Vinegar 40g,CS,32,16.6,,
110460454,Other Grocery,McCoys Ridge Cut Cheddar & Onion 6x25g,CS,20,31.8,,
106351221,Other Grocery,Lotus Biscoff Crunchy Biscuit Spread 380g,CS,6,16.5,,
100198915,Other Grocery,Highland Spring Sparkling Water 1.5l,CS,8,5.04,,
110910101,Other Grocery,Lotus Biscoff Spread 400g,CS,6,16.5,,
111081544,Other Grocery,Bic Soleil Scent Razors 4pk,CS,5,10.2,,
110460420,"Tea, Coffee & Sweeteners",McCoys Ridge Cut Flame Grilled Steak 6x25g,CS,20,31.8,,
109703826,Other Grocery,Highland Spring Sparkling Spring Water 8x500ml,CS,1,1.94,,
101732286,Other Grocery,Gallo Family White Zinfandel 75cl,CS,6,28.14,,
111085377,Other Grocery,Gillette Venus Extra Smooth Refills Razors 4pk,CS,10,72,,
111195390,Pet Food,M Dog Food Meat Chunks In Jelly 6x400g,CS,4,13.2,,
111195277,Pet Food,M Cat Food Salmon Pate 100g,CS,34,8.84,,
111184965,Soft Drinks & Juice,Flipz Milk Chocolate Covered Pretzels 90g,CS,6,6.3,,
111195242,Pet Food,M Cat Food Chicken Pate 100g,CS,34,8.5,,
110403476,Other Grocery,Walkers Oven Baked Sea Salt 37.5g,CS,32,14.72,,
100472603,Other Grocery,Supermalt Bottles 6x330ml,CS,4,17.2,,
111195429,Pet Food,M Dog Food Meat Chunks In Gravy 6x400g,CS,4,13.56,,
111145966,Other Grocery,M Maternity Breast Pads 40pk,CS,5,4.5,,
101712744,Other Grocery,Theakston Old Peculier 500ml,CS,8,13.04,,
111129755,Soft Drinks & Juice,M Best 52% Cocoa Mint Dark Chocolate 100g,CS,10,14.2,,
111112531,Alcohol,M Best 52% Cocoa Rum & Raisin Dark Chocolate 100g,CS,10,14.5,,
110280699,Other Grocery,Homefire Premium Hardwood Kiln Dried Logs,CS,1,4.36,,
111130916,Other Grocery,M Best 52% Cocoa Italian Orange Dark Choc 100g,CS,10,14.7,,
106159503,Other Grocery,Apothic Red 75cl,CS,6,43.5,,
108115694,Other Grocery,M Wild Pacific Pink Salmon 105g,CS,12,16.2,,
111096762,Alcohol,Jack Daniels Tennessee Apple 70cl (35%),CS,6,121.2,,
105410305,Snacks & Crisps,M Redskin Peanuts 200g,CS,12,10.44,,
105402372,Other Grocery,M Cranberries 80g,CS,7,7.42,,
100465438,"Condiments, Sauces & Chutneys",Heinz Spaghetti in Tomato Sauce 200g,CS,48,26.5,,
108057261,"Condiments, Sauces & Chutneys",French Fries Worcester Sauce 21g,CS,32,14.72,,
111109990,Cleaning Tools & Accessories,M Bath Sponge,CS,12,3.96,,
105653180,Snacks & Crisps,M Redskin Peanuts 400g,CS,10,14.5,,
107289991,Snacks & Crisps,Walkers Salt & Shake Crisps 6x24g,CS,18,28.8,,
111099058,Household Cleaning,M Citrus Anti-Bac Multi-Purpose Cleaner 750ml,CS,10,8.4,,
105410209,Other Grocery,M Almonds 200g,CS,12,21,,
105401919,Other Grocery,M Dried Mango 80g,CS,7,8.61,,
110237463,Other Grocery,Bisto Gluten Free Gravy Granules 175g,CS,6,19.38,,
111326994,Other Grocery,Profi Poultry Pate With Tomatoes 131g,CS,15,9,,
105652961,Other Grocery,M Fruit and Nut 400g,CS,10,20.5,,
110772124,Alcohol,Dead Mans Fingers Spiced Rum 70cl (37.5%),CS,6,85,,
100202232,Alcohol,Pom Bear Original 19g,CS,36,13.32,,
110474451,Other Grocery,M Fad Free Tuna Chunks In Sunflower Oil 145g,CS,12,9.6,,
111112831,Other Grocery,Wotsits Really Cheesy 36g,CS,30,16.6,,
111009454,"Condiments, Sauces & Chutneys",Yellow Tail Jammy Red Roo 750ml,CS,6,32.75,,
110357431,Other Grocery,Butchers Recipes In Gravy 6x400g,CS,4,18.32,,
110812237,Other Grocery,Kind Protein Crunchy Peanut Butter 50g,CS,12,17.4,,
109086910,Alcohol,Penn State Original Sea Salted Pretzels 175g,CS,8,9.5,,
101722993,Alcohol,Jim Beam Bourbon 70cl (40%),CS,6,96.3,,
106753457,Alcohol,Kraken Black Spiced Rum 70cl (40%),CS,6,116.04,,
109708053,Other Grocery,Fever Tree Light Elderflower Tonic Water 8x150ml,CS,3,11.43,,
109907335,Other Grocery,Mr Muscle Glass Green 750ml,CS,6,11.22,,
111049114,Sugar & Baking,Barrs Irn Bru Sugar Free Cans 6x330ml,CS,4,9.43,,
109469363,Other Grocery,St Peters Plum Porter 500ml,CS,8,12.24,,
109471594,Other Grocery,Titanic Dark Strong Plum Porter 500ml,CS,8,13.84,,
111154539,Other Grocery,Familys Wafers Nut 180g,CS,18,14.76,,
100144247,Sugar & Baking,Barrs Irn Bru Sugar Free 24x330ml,CS,1,7.71,,
100191879,Other Grocery,Mackays Scottish Raspberry Preserve 340g,CS,6,10.8,,
100191861,Alcohol,Mackays Rhubarb & Ginger Preserve 340g,CS,6,10.14,,
106426923,Alcohol,Mackays Spiced Ginger Preserve 340g,CS,6,10.14,,
100241080,Soft Drinks & Juice,Barrs Lemonade 2l,CS,6,5.16,,
100229785,Soft Drinks & Juice,Barrs Cola 2l,CS,6,5.16,,
100191887,Other Grocery,Mackays Scottish Three Berry Preserve 340g,CS,6,10.14,,
108320971,Other Grocery,Barrs Irn Bru Xtra 2l,CS,6,7,,
105920583,Other Grocery,Barrs Red Kola 2l,CS,6,5.16,,
105643918,Household Cleaning,M Citrus Thick Bleach 750ml,CS,12,6.84,,
100183991,Other Grocery,Nestle Carnation Topping Evaporated Milk 170g,CS,12,10.68,,
100191844,Other Grocery,Mackays Scottish Strawberry Preserve 340g,CS,6,10.14,,
100229806,Other Grocery,Barrs Cream Soda 2l,CS,6,5.16,,
100237072,"Tea, Coffee & Sweeteners",Twinings Simply Mint Green Tea 20pk,CS,4,8.52,,
110183813,Other Grocery,M Shortbread Fingers 210g,CS,24,23.76,,
100191895,Other Grocery,Mackays The Dundee Orange Marmalade 340g,CS,6,9.9,,
100191908,Other Grocery,Mackays Three Fruit Marmalade 340g,CS,6,9.9,,
103945710,Other Grocery,Mr Sheen Wipes Magolia & Cherry 30pk,CS,10,12,,
111154441,Other Grocery,Familys Wafers Cocoa-Cream 180g,CS,18,14.4,,
110482590,Soft Drinks & Juice,M Instant Hot Chocolate 400g,CS,6,12.18,,
110510087,Soft Drinks & Juice,M Drinking Chocolate 500g,CS,8,19.04,,
107025769,Other Grocery,M Camomile Dream 40x80g,CS,6,6.9,,
103203409,Other Grocery,M British UHT Skimmed Milk 1l,CS,12,11.4,,
106468365,Other Grocery,M Peppermint Paradise 40 Bags 80g,CS,6,6.9,,
110449010,"Condiments, Sauces & Chutneys",Kohinoor Punjabi Karahi Cooking Sauce 375g,CS,6,11.22,,
110178184,Other Grocery,M Bourbon Creams 300g,CS,14,9.66,,
100235886,Alcohol,Twinings Lemon & Ginger 80pk,CS,4,16.48,,
111124399,Other Grocery,Bacardi Mojito 250ml,CS,12,16.8,,
111130300,Alcohol,Malibu Pina Colada 250ml (5%),CS,12,18.6,,
100465067,"Condiments, Sauces & Chutneys",Branston Baked Beans in Tomato Sauce 410g,CS,24,18.24,,
106798356,Other Grocery,Nutrisse Pearly Blondes 10.1,CS,3,18.48,,
110461502,Ready Meals & Prepared Food,Butterkist Sweet & Salted Microwave Popcorn 3x60g,CS,10,14.2,,
110557141,Other Grocery,M Fad Free Tuna Chunks In Brine 145g,CS,12,9.6,,
111012629,Other Grocery,Kelloggs Pop Tarts Frosted Strawberry 380g,CS,12,30,,
108285087,"Rice, Pasta & Noodles",M White Basmati Rice 1kg,CS,6,12,,
111012590,Other Grocery,Kelloggs Pop Tarts Frosted Chocotastic 380g,CS,12,30,,
108990501,Household Paper & Disposables,Kleenex Extra Large Tissues 2x44pk,CS,12,21,,
106563813,"Tea, Coffee & Sweeteners",M Savers Tea Bags 80pk,CS,12,8.4,,
110724245,Other Grocery,Reeses Pieces Big Cup King Size 79g,CS,16,18,,
100462974,"Condiments, Sauces & Chutneys",John West Sardines in Spicy Tomato Sauce 120g,CS,12,11.16,,
102288957,Other Grocery,John West Sardines in Olive Oil 120g,CS,12,11.64,,
100770512,Other Grocery,Carex Complete Aloe Vera Hand Wash 250ml,CS,6,6.6,,
100223164,Alcohol,Nescafe Original 100g,CS,12,37.2,,
108275823,Alcohol,M Best All Butter Mat Cheddar Cheese Crumbles 75g,CS,8,11.42,,
110557205,Other Grocery,M Fad Free Tuna Chunks In Spring Water 4x145g,CS,6,17.76,,
110557176,Other Grocery,M Fad Free Tuna Chunks In Spring Water 145g,CS,12,9,,
110559104,Other Grocery,M Fad Free Tuna Chunks In Brine 4x145g,CS,6,18.36,,
112672952,Other Grocery,Graze Oat Boosts Lemon Blueberry 4x30g,CS,7,13.51,,
107622168,"Condiments, Sauces & Chutneys",Colmans English Mustard 170g,CS,8,10.8,,
110128591,Other Grocery,Alpro Oat Unsweetened 1l,CS,8,8.5,,
108930200,Alcohol,Saltaire South Island Pale 500ml (3.5%),CS,8,11.76,,
107154131,Alcohol,Malibu & Pineapple 250ml (5%),CS,12,18.6,,
108858797,Other Grocery,M Aceto Balsamico Di Modena 250ml,CS,6,6.72,,
107253497,Other Grocery,M Best Bitter 4x440ml,CS,6,10.08,,
100464195,Alcohol,Green Giant Originally Naturally Sweet 198g,CS,24,19.2,,
105096336,Other Grocery,M Whole Gherkins 680g,CS,6,8.16,,
100476330,"Condiments, Sauces & Chutneys",Nandos Garlic Peri-Peri Sauce 250ml,CS,6,12,,
110010971,"Tea, Coffee & Sweeteners",John West Fridge Pot Tuna Steak Spring Water 110g,CS,12,16.44,,
103957454,Alcohol,Saltaire Blonde 500ml (4%),CS,8,11.52,,
105519255,Other Grocery,John West Light Lunch Mexican 220g,CS,6,7,,
110129198,"Tea, Coffee & Sweeteners",John West Fridge Pot Tuna Steak Sunflower Oil 110g,CS,12,16.44,,
109017404,Other Grocery,19 Crimes Red 75cl,CS,6,41.28,,
111021672,Alcohol,Pataks Original Mango Chutney Mild 210g,CS,6,8.22,,
110646321,Other Grocery,McGuigan Black Label Red 75cl,CS,6,27,,
109560407,Other Grocery,Rosewood Naturals Soft N Safe Bedding 20g,CS,7,3.92,,
109499757,Other Grocery,M Best Shiraz 75cl,CS,6,34.2,,
110740587,Other Grocery,M Fizzy Strawberry Straws 65g,CS,32,12.48,,
110739404,Other Grocery,M Strawberry Laces 65g,CS,24,9.36,,
110782517,Soft Drinks & Juice,Hersheys Milk Chocolate 40g,CS,24,11,,
110846293,Other Grocery,Sun Exotic Pineapple & Coconut 1l,CS,12,14.4,,
108695983,Alcohol,M Imperial Vodka 35cl,CS,24,137.76,,
109401748,Alcohol,Estrella Damm 12x330ml (4.6%),CS,1,12.47,,
112292706,Other Grocery,Sellotape Double Sided Tape,CS,8,15.2,,
105169558,Other Grocery,M NAS Peach Fruit & Barley 1l,CS,12,9.96,,
107438133,Other Grocery,M Mint Imperials 200g,CS,16,11.52,,
108737101,Other Grocery,Cif Power & Shine Bathroom 700ml,CS,6,12,,
110743008,Other Grocery,M Mint Humbugs 200g,CS,8,6.48,,
110402713,Other Grocery,M Butter Mintoes 200g,CS,9,7.56,,
105362438,Other Grocery,M Choco Hoops 375g,CS,8,7.44,,
110394021,Other Grocery,Zebra Clssic Rose Gold Ballpoint Pens 3pk,CS,12,15.6,,
110695114,Alcohol,M Wine Gums 227g,CS,9,7.56,,
101726265,Alcohol,Hendricks Gin 70cl (41.4%),CS,6,135,,
110785136,Alcohol,Tequila Rose Strawberry Cream 500ml,CS,6,55.74,,
110756132,Alcohol,Border Dark Chocolate Gingers 150g,CS,14,22.68,,
110647673,Other Grocery,M Choco Nut Pillows 375g,CS,12,12.96,,
105848323,Other Grocery,Fray Bentos Minced Beef and Onion Pie 425g,CS,6,15.96,,
108789470,Other Grocery,Cofresh Chilli & Lemon Flavour Potato Grills 80g,CS,6,4.08,,
110650135,Breakfast Cereals & Muesli,Cow & Gate Cereal Banana Grain From 7m Onward 200g,CS,4,9.52,,
100530762,Alcohol,Regina Blitz Original,CS,6,13.56,,
101729221,Other Grocery,Wolf Blass Red Label Shiraz Cabernet 75cl,CS,6,32.58,,
110650047,Breakfast Cereals & Muesli,Cow & Gate Creamy Porridge From 4-6m Onward 125g,CS,5,8.1,,
111914569,Alcohol,Au Vodka Blue Raspberry Flavour 70cl,CS,6,144,,
109182442,Breakfast Cereals & Muesli,Quaker Oats Porridge To Go Squares Berries 2x55g,CS,6,4.5,,
111730233,"Rice, Pasta & Noodles",M Egg Fried Microwave Rice 250g,CS,9,6.03,,
110569097,Other Grocery,M Fruit Pastilles 227g,CS,9,6.66,,
110635146,Other Grocery,Alpro Dairy Free Custard 525g,CS,8,8.88,,
110725985,"Rice, Pasta & Noodles",Batchelors Super Noodles Bacon Flavour 90g,CS,24,21.6,,
109786220,Other Grocery,Cadbury Roses 290g,CS,6,23.52,,
110569089,"Rice, Pasta & Noodles",M Liquorice Allsorts 200g,CS,9,6.3,,
110558021,Snacks & Crisps,KP Salt And Vinegar Peanuts 225g,CS,8,12.25,,
110555621,Other Grocery,M Salted Potato Sticks 150g,CS,14,12.04,,
110725820,"Rice, Pasta & Noodles",Batchelors Super Noodles Bbq Beef Flavour 90g,CS,24,20,,
110555461,Other Grocery,M Salt & Vinegar Twirls 125g,CS,10,8.3,,
105977475,Sugar & Baking,M No Added Salt or Sugar Swiss Style Muesli 1kg,CS,6,13.98,,
110557731,"Condiments, Sauces & Chutneys",M BBQ Saucers 70g,CS,12,8.16,,
107819614,"Rice, Pasta & Noodles",Nissin Demae Ramen Spicy Flavour Noodles 100g,CS,10,5.2,,
110546928,Other Grocery,M Evaporated Milk Full Cream 410g,CS,12,11.4,,
108450492,"Condiments, Sauces & Chutneys",M Best Blackcurrant Conserve 340g,CS,6,8.4,,
110492691,Other Grocery,Grenade CarbKilla H/Protein Bar WChoc & Peanut 60g,CS,12,15,,
105213141,Other Grocery,Champong Ramyun (Packet Noodle) 124g,CS,20,20,,
109304981,Other Grocery,Samyang Hot Chicken Cup Ramen 70g,CS,6,7.5,,
110434053,Other Grocery,M Chickpeas In Water 400g,CS,12,5.28,,
105592938,Other Grocery,Osem Cream Crackers 250g,CS,12,16.32,,
100482203,Other Grocery,Osem Mini Mandels 400g,CS,12,26.16,,
100482182,Other Grocery,Osem Chicken & Seasoning Soup Mix 400g,CS,12,34.36,,
105408176,Other Grocery,M Red Kidney Beans in Water 400g,CS,24,11.04,,
104025966,Soft Drinks & Juice,Rubicon Lychee 330ml,CS,24,12.24,,
105489287,Other Grocery,Osem Bbq Bissli 70g,CS,24,18.48,,
105121423,Other Grocery,Osem Pretzel Twists 400g,CS,12,28.55,,
105149240,Other Grocery,Yehuda Traditional Matzo 300g,CS,6,12.9,,
100481690,"Tea, Coffee & Sweeteners",Rakusens Tea Matzos 150g,CS,18,24.3,,
110391612,Other Grocery,Clearblue Pregnancy Test Rapid Detection 2 Tests,CS,6,29.34,,
105127278,Other Grocery,M Red Cabbage 445g,CS,6,6.6,,
110463073,"Condiments, Sauces & Chutneys",Sharwoods Plum Sauce 300g,CS,6,10.86,,
100551774,Other Grocery,Dr Beckmann Glowhite 5x40g,CS,6,6.06,,
110355857,Other Grocery,KA Sparkling Fruit Punch 330ml,CS,24,9.6,,
110355911,Other Grocery,KA Sparkling Pineapple 330ml,CS,24,9.6,,
100484920,Other Grocery,Baxters Sliced Beets 567g,CS,6,13.02,,
110355881,Other Grocery,KA Sparkling Black Grape 330ml,CS,24,9.6,,
107825150,Energy Drinks,Oshee Magnesium Vitamin Energy Drink 250ml,CS,6,2.88,,
104200171,Soft Drinks & Juice,Grzeski Chocolate Wafer Bar 36g,CS,36,11.16,,
109620166,Other Grocery,Cheetos Pizzerini Big Bag 85g,CS,12,16.68,,
105399046,Other Grocery,M Peony Air Freshener 240ml,CS,12,6.24,,
105578546,"Condiments, Sauces & Chutneys",Cheetos Ketchup Big Bag 85g,CS,12,19.8,,
107502836,Pet Food,M Cat Food Meat Selection In Jelly 12x100g,CS,4,9.2,,
104558172,"Rice, Pasta & Noodles",M Creamy Tomato Pasta Bake 500g,CS,6,5.04,,
105578482,Other Grocery,Cheetos Cheese Big Bag 85g,CS,12,19.8,,
105111647,Other Grocery,M Pregnancy Test Kit 2pk,CS,6,9.12,,
109551316,Other Grocery,M Salted Tortillas 180g,CS,10,7,,
107612875,Breakfast Cereals & Muesli,M Golden Syrup Porridge Sachets 8pk,CS,14,12.46,,
105640080,"Rice, Pasta & Noodles",M Creamed Rice Pudding 400g,CS,24,19.2,,
106072379,Soft Drinks & Juice,M Chocolate Chip Cookie 230g,CS,20,15,,
106050372,"Condiments, Sauces & Chutneys",M Tomato & Chorizo Stir in Sauce 155g,CS,6,5.04,,
107612904,Alcohol,M Original Porridge Sachets 10pk,CS,14,11.06,,
102325818,Other Grocery,FemFresh Wipes 25pk,CS,6,11.94,,
107438483,Breakfast Cereals & Muesli,M Simply Granola 1kg,CS,6,11.58,,
108900271,Breakfast Cereals & Muesli,M Porridge Oats 1kg,CS,10,10.4,,
104955485,Other Grocery,M Yorkshire Vale Still Spring Water 500ml,CS,12,4.32,,
104404771,Other Grocery,M Clear Honey 454g,CS,6,8.1,,
108951537,Other Grocery,Ellas Kitchen Sweetcorn & Carrot Melty Sticks 17g,CS,5,5.75,,
100783938,Other Grocery,VO5 Groomed Styling Wax 75ml,CS,6,19.8,,
106025855,"Tea, Coffee & Sweeteners",M House Blend Roast & Ground Coffee 227g,CS,6,16.5,,
108386005,Other Grocery,M Best Beef Gravy Granules 200g,CS,6,8.58,,
109696953,Other Grocery,M Garlic Paste 115g,CS,5,6.25,,
108386030,Other Grocery,M Best Chicken Gravy Granules 200g,CS,6,7.32,,
105718561,Alcohol,M Golden Breadcrumbs 175g,CS,6,4.38,,
106993717,"Rice, Pasta & Noodles",M Instant Noodles Mild Curry Flavour 85g,CS,14,4.9,,
108120514,Other Grocery,M Pacific Pink Salmon Skinless & Boneless 170g,CS,12,30.6,,
109893973,Other Grocery,M Baked Beans & Sausages 400g,CS,12,11.04,,
105174218,Other Grocery,M Malt Vinegar 568ml,CS,12,7.56,,
100826184,Other Grocery,Milton Sterilising Fluid 1l,CS,6,16.8,,
108642671,Other Grocery,Kiddylicious Blueberry Wafers 10x4g,CS,4,7.28,,
108212419,Other Grocery,Kiddylicious Veggie Straws 12g,CS,9,6.75,,
108951502,Other Grocery,Ellas Kitchen Tomato & Basil Melty Sticks 17g,CS,5,5.75,,
110286572,Other Grocery,Colmans Chili Con Carne Mix 50g,CS,16,7.5,,
105557681,Other Grocery,M Ultra Towel Night Time Wings 10pk,CS,12,5.88,,
105512424,Other Grocery,Kiddylicious Strawberry Smoothie Melts 6g,CS,16,11.2,,
110286484,Ready Meals & Prepared Food,Colmans Chicken Casserole 40g,CS,16,11.36,,
108223708,Other Grocery,Sweetzone Tangy Mix 200g,CS,12,11.64,,
107289369,Other Grocery,KTC White Kidney Beans 400g,CS,12,7.08,,
108223601,Other Grocery,Sweetzone Fizzy Mix 200g,CS,12,11.64,,
108223661,Other Grocery,Sweetzone Party Mix 200g,CS,12,11.64,,
105137994,Soft Drinks & Juice,Rubicon Mango 2l,CS,6,7,,
107289393,Other Grocery,KTC Black Eye Beans 400g,CS,12,6.84,,
105579952,Other Grocery,M Alkaline Battery AAA 4pk,CS,10,10.4,,
105189911,Other Grocery,KTC Butter Beans 400g,CS,12,6.96,,
104025843,Soft Drinks & Juice,Rubicon Passion 330ml,CS,24,12.24,,
103955416,Soft Drinks & Juice,Rubicon Mango 288ml,CS,27,13.77,,
105547918,Other Grocery,Candy Floss 50g,CS,6,4.5,,
110048101,Soft Drinks & Juice,Rubicon Lychee 1l,CS,12,16.2,,
107289351,Other Grocery,KTC Borlotti Beans 400g,CS,12,7.2,,
107289342,Other Grocery,KTC Red Kidney Beans 400g,CS,12,7.2,,
107289246,Other Grocery,KTC Kala Chana 400g,CS,12,5.76,,
107935164,Other Grocery,Vanish Gold Carpet Spray 500ml,CS,6,13.8,,
107289211,Other Grocery,KTC Chilli Beans 400g,CS,12,7.2,,
100768210,Other Grocery,Listerine Coolmint 500ml,CS,6,16.62,,
109758421,Snacks & Crisps,M Variety Crisps 6x25g,CS,12,9.36,,
109990546,Other Grocery,M Ground Almonds 150g,CS,10,15,,
109182531,Breakfast Cereals & Muesli,Quaker Oats PorridgeToGo Squares Goldn Syrup 2x55g,CS,6,4.5,,
105672250,Alcohol,M Ginger Wine 70cl,CS,6,23.88,,
110503830,Other Grocery,M Fajita Seasoning 30g,CS,30,14.4,,
100241910,Other Grocery,Rockstar Punched Energy & Guava 500ml,CS,12,7.65,,
100507861,Other Grocery,Old El Paso Refried Beans 435g,CS,6,10.08,,
109888710,Other Grocery,Aptamil Hungry Milk From Birth 800g,CS,6,76.8,,
107487162,Other Grocery,Old El Paso Chilli Con Carne Seasoning Mix 39g,CS,24,24,,
101720197,Alcohol,Abbot Reserve 500ml (6.5%),CS,8,12.96,,
100230663,Other Grocery,Dolce Gusto Skinny Cappuccino 16 Pods 161.6g,CS,3,10.15,,
105656153,Other Grocery,M Dumpling Mix 227g,CS,12,8.4,,
109771941,Other Grocery,Ecover Lemon & Aloe Vera Washing Liquid 450ml,CS,8,12.4,,
104558551,Other Grocery,M Hunters Chicken 535g,CS,6,6.48,,
104557743,"Condiments, Sauces & Chutneys",M Green Pesto 190g,CS,6,4.2,,
106137099,"Condiments, Sauces & Chutneys",M Vegetable Pasta Sauce 500g,CS,6,5.1,,
105765974,Other Grocery,M Plain Naan Bread 2pk,CS,8,6.08,,
109194013,Other Grocery,M Tagliatelle 500g,CS,10,10,,
106993848,"Rice, Pasta & Noodles",M Instant Barbecue Beef Flavour Noodles 85g,CS,14,4.9,,
107132935,Other Grocery,Hartleys 10 Calorie Strawberry Jelly 175g,CS,12,8.4,,
109696911,Alcohol,M Ginger Paste 115g,CS,5,3.85,,
105712856,Other Grocery,M Table Salt Poly Bottle 750g,CS,12,7.68,,
106993688,"Rice, Pasta & Noodles",M Instant Chicken Flavour Noodles 85g,CS,14,4.9,,
104788787,Other Grocery,M Cream of Tomato Soup 400g,CS,12,7.8,,
105461866,"Condiments, Sauces & Chutneys",M Wholegrain Mustard 175g,CS,6,4.5,,
106025901,"Tea, Coffee & Sweeteners",M Italian Style Roast & Ground Coffee 227g,CS,6,16.5,,
100216280,"Tea, Coffee & Sweeteners",Sweetex Calorie Free Sweeteners 800pk,CS,12,24.48,,
104788728,Other Grocery,M Cream of Chicken Soup 400g,CS,12,7.8,,
106258616,Soft Drinks & Juice,M Diet Cola 2l,CS,8,3.92,,
111273765,Other Grocery,Deliciously Ella Apple Raisin & Cinnamon Bar 3x50g,CS,12,21.5,,
107288121,Other Grocery,M Ribbed Kitchen Cloth 4pk,CS,9,9.9,,
109677728,Alcohol,M Ginger Nuts 300g,CS,18,10.62,,
109603286,Other Grocery,M Sundried Tomatoes 280g,CS,6,14.82,,
107623216,Other Grocery,M Medium Foil Trays and Lids 4pk,CS,8,9.6,,
104404801,Other Grocery,M Pure Clear Honey 454g,CS,6,8.4,,
106461358,Other Grocery,Natures Finest Juicy Peach in Juice 700g,CS,8,20.4,,
107502756,Other Grocery,M Fish Selection in Jelly 12x100g,CS,4,10.32,,
106367425,Cleaning Tools & Accessories,M Scouring Sponges 8pk,CS,6,4.92,,
109527949,Other Grocery,M New Potatoes in Water 300g,CS,12,8.04,,
109713098,Other Grocery,Heinz Sunday Chicken Dinner 7+ Months 200g,CS,6,6.42,,
106071827,Other Grocery,M Oat Nobblies 300g,CS,24,16.8,,
107931180,Other Grocery,Border Classic Sharing Selection 400g,CS,4,14,,
109699821,Other Grocery,SMA Pro First Infant Milk From Birth 200ml,CS,12,11.04,,
105522972,Other Grocery,M Mackerel Fillets in Olive Oil 125g,CS,10,14.5,,
108900297,Breakfast Cereals & Muesli,Nestle Nesquik Cereal 375g,CS,9,22.5,,
109682623,Other Grocery,M Garam Masala Curry Powder 38g,CS,6,4.86,,
109622840,Other Grocery,M Plum Tomatoes 400g,CS,24,13.92,,
100789811,Other Grocery,Cura Heat Pads 3s,CS,6,12.6,,
105630421,Other Grocery,Aquafresh Milk Teeth Toothpaste 50ml,CS,12,13.2,,
107853361,Other Grocery,SMA Follow On Milk 800g,CS,6,78,,
107972459,Other Grocery,Doves Farm Zantham Gum Gluten Free 100g,CS,5,10.82,,
100513743,Other Grocery,Pataks Paste Madras 283g,CS,6,15.06,,
100191676,"Condiments, Sauces & Chutneys",Bonne Maman Apricot Conserve 370g,CS,6,16.5,,
105456039,"Condiments, Sauces & Chutneys",M Flying Saucers 18g,CS,18,7.74,,
105859410,"Condiments, Sauces & Chutneys",M Baked Beans in Tomato Sauce 220g,CS,24,9.12,,
100513807,Other Grocery,Pataks Tikka Masala Spice Paste 283g,CS,6,15.06,,
100506949,"Condiments, Sauces & Chutneys",Blue Dragon Fish Sauce 150ml,CS,12,14.88,,
105374050,Other Grocery,Veet Sensitive Cream 100ml,CS,6,22.2,,
104555650,Other Grocery,M Penne 500g,CS,12,8.4,,
106137128,"Condiments, Sauces & Chutneys",M Tomato & Garlic Pasta Sauce 500g,CS,6,5.1,,
104537718,Other Grocery,M Sun Dried Tomato in Oil & Herbs 285g,CS,12,21.96,,
106629940,Other Grocery,M Sea Salt Grinder 100g,CS,5,7.7,,
106629026,Other Grocery,M Whole Black Pepper Grinder 50g,CS,5,7.35,,
112628020,Snacks & Crisps,KP Dry Roasted Peanuts 50g,CS,24,19.2,,
104557541,Other Grocery,M Wholewheat Fusilli 500g,CS,12,8.4,,
104555140,Other Grocery,M Fusilli 500g,CS,12,8.4,,
100506720,"Condiments, Sauces & Chutneys",Sharwoods Kung Po Sauce 425g,CS,6,9,,
104537742,Other Grocery,M Sun Dried Tomato Paste 185g,CS,6,9.24,,
104794167,Other Grocery,M Spaghetti 500g,CS,24,16.8,,
104794044,Other Grocery,M Lasagne Sheets 500g,CS,12,8.4,,
104554850,Other Grocery,M Conchiglie 500g,CS,12,7.92,,
108574330,Soft Drinks & Juice,Nestle Milo Chocolate Malt 400g,CS,6,30.24,,
100471192,Other Grocery,KTC Chick Peas 400g,CS,12,6.72,,
106628841,Other Grocery,M Table Salt 65g,CS,12,4.8,,
109170986,Other Grocery,M Flat Top Large Food Waste Liners 25l 10pk,CS,24,32.4,,
104061641,Other Grocery,Duracell Plus Power AA 4pk,CS,20,56.4,,
109522881,Other Grocery,Tippex Fluid,CS,10,18.4,,
107289238,Other Grocery,KTC Chopd Tomatoes 400g,CS,12,6.84,,
104061861,Other Grocery,Duracell Plus Power AAA 4pk,CS,10,28.2,,
107289300,Other Grocery,KTC Peeled Plum Tom 400g,CS,12,6.84,,
105859381,Other Grocery,M Baked Beans 410g,CS,24,11.52,,
107621616,Other Grocery,Schar Gluten Free Custard Cream 125g,CS,6,8.64,,
107621448,Other Grocery,Schar Pretzels 60g,CS,10,9.6,,
101736439,Alcohol,Glenfiddich Malt Whisky 70cl,CS,6,177.66,,
100486458,Other Grocery,Branston Sweet Pickle 360g,CS,6,9.6,,
105252301,"Condiments, Sauces & Chutneys",Old Jamaican Ting 330ml,CS,24,9.84,,
107624104,"Condiments, Sauces & Chutneys",Sacla Free From Classic Basil Pesto 190g,CS,6,11,,
107621501,Other Grocery,Schar Gluten Free Crisp Bread 150g,CS,6,7.86,,
101705755,Other Grocery,Oyster Bay Marlborough Sauvignon Blanc 75cl,CS,6,41.4,,
112679530,Snacks & Crisps,Walkers Oven Baked Prawn Cocktail Snacks 37.5g,CS,32,14.72,,
101721528,Other Grocery,Bombay Sapphire 70cl,CS,6,99,,
108695511,Alcohol,M Blend Scotch Whisky 35cl,CS,24,158.4,,
105555192,Other Grocery,M Ultra Towel Super Wings 12pk,CS,12,5.88,,
106704129,Other Grocery,Always Liners Fresh & Wrapped Normal 20pk,CS,6,4.7,,
107169594,Other Grocery,Gillette Fusion Proglide Flexball Manual Razor,CS,6,34,,
100464208,Other Grocery,Green Giant Naturally Sweet 198g,CS,24,19.2,,
105396267,Other Grocery,Spam 340g,CS,12,36.96,,
100861529,Alcohol,Original Source Shower Gel Lime 250ml,CS,6,7.08,,
108778332,Other Grocery,Steradent Active Fresh 30 Tablets,CS,12,11.04,,
106392081,Household Cleaning,M Lemon Blast Washing Up Liquid 450ml,CS,12,6.24,,
100782880,Cleaning Tools & Accessories,Aquafresh Little Teeth Brush,CS,12,17.28,,
100862273,Other Grocery,Nivea Soft 200ml,CS,3,9.57,,
100770441,Other Grocery,Carex Handwash Moisture Plus 250ml,CS,6,6.3,,
109429775,Other Grocery,Kleenex Pocket Pack Single,CS,10,10.5,,
106592569,Household Paper & Disposables,M 3 Ply Regular Facial Tissues Twin Pack,CS,12,17.52,,
106051519,"Condiments, Sauces & Chutneys",M Tomato & Basil Stir in Sauce 155g,CS,6,5.04,,
105208086,Other Grocery,Crucials Yogurt & Mint 500ml,CS,12,14.76,,
105379328,Sugar & Baking,Vimto No Added Sugar 1l,CS,12,8.65,,
104893819,Other Grocery,M Still Orange & Peach Water 1l,CS,12,5.64,,
104893771,Other Grocery,M Still Lemon & Lime Water 1l,CS,12,5.64,,
105502867,Other Grocery,Ellas Kitchen Bangers & Mash 130g,CS,6,8.76,,
107118105,"Tea, Coffee & Sweeteners",M Gold Decaf Coffee 100g,CS,6,15.42,,
100493316,Other Grocery,Mug Shot Cream Cheese 68g,CS,10,6.4,,
107117831,"Tea, Coffee & Sweeteners",M Gold Coffee 100g,CS,6,13.8,,
100773721,Other Grocery,Simple Eye Make Up Remover 125ml,CS,6,14.88,,
108442821,Other Grocery,M Best Garlic Infused Olive Oil 250ml,CS,6,24.36,,
109173520,Other Grocery,Heinz Cream of Tomato Cup Soup 88g,CS,6,6.72,,
100264513,Other Grocery,Whole Earth Golden Organic Corn Flakes 375g,CS,7,10.92,,
107161576,Other Grocery,M Shorties 200g,CS,12,8.4,,
104956066,Other Grocery,M Yorkshire Vale Still Water 2l,CS,8,3.28,,
112764275,Sugar & Baking,Tango Apple Sugar Free Bottle 2l,CS,8,8.8,,
108900300,Other Grocery,Nestle Golden Nuggets 375g,CS,9,23.85,,
105461954,"Condiments, Sauces & Chutneys",M Dijon Mustard 185g,CS,6,7.68,,
104854756,Other Grocery,Maggi So Juicy Chicken & Herb 30g,CS,16,10.88,,
107961696,Soft Drinks & Juice,M Milk Chocolate Digestives 300g,CS,12,10.68,,
101780341,Other Grocery,Kelloggs Nutri-Grain Breakfast Bar Apple 6x37g,CS,7,11.55,,
100264601,Sugar & Baking,Doves Farm Plain White Flour Gluten Free 1kg,CS,5,9.75,,
104895401,"Condiments, Sauces & Chutneys",Pataks Rogan Josh Sauce 450g,CS,6,11.4,,
107416698,Other Grocery,M Marshmallows 200g,CS,12,9.72,,
101793062,"Condiments, Sauces & Chutneys",HP Honey Woodsmoke BBQ Sauce 465g,CS,8,15.84,,
103948144,Soft Drinks & Juice,Nurishment Milk Chocolate Flavour 400g,CS,12,17.4,,
103948363,Other Grocery,Nurishment Milk Vanilla Flavour 400g,CS,12,17.4,,
104133748,Other Grocery,Rowse Honey Clear 340g,CS,6,12.72,,
107020669,"Condiments, Sauces & Chutneys",(B) Heinz Tomato Ketchup 200x10ml,CS,200,18,,
107020546,Other Grocery,(B) Heinz Salad Cream 200x10ml,CS,200,18,,
109102246,Other Grocery,Cadbury Dairy Milk Giant Buttons 40g,CS,36,22.8,,
104893106,Other Grocery,M Sparkling Raspberry & Blackberry Water 1l,CS,12,4.92,,
107020722,"Condiments, Sauces & Chutneys",(B) Heinz HP Sauce Sachet 200x10ml,CS,200,18,,
105185216,Alcohol,Old Jamaican Ginger Beer330ml,CS,24,9.12,,
100193065,Other Grocery,Stute Diabetic Marmalade 430g,CS,6,9.9,,
100191086,Sugar & Baking,Stute No Sugar Added Strawberry Extra Jam 430g,CS,6,11.1,,
105895189,Other Grocery,M Italian Breadsticks 125g,CS,10,6.59,,
107061823,"Condiments, Sauces & Chutneys",(B) Heinz Mayonnaise Sachet x10ml,CS,200,18,,
104025931,Soft Drinks & Juice,Rubicon Guava 330ml,CS,24,12.24,,
103207303,Other Grocery,M British UHT Semi Skimmed Milk 1l,CS,12,9.48,,
100240474,Sugar & Baking,Barrs Irn Bru Sugar Free 2l,CS,6,7,,
104025878,Soft Drinks & Juice,Rubicon Mango 330ml,CS,24,12.24,,
100500459,Other Grocery,Bovril Beef 250g,CS,12,46.8,,
103189125,Other Grocery,M British UHT Whole Milk 1l,CS,12,9.72,,
106073566,Other Grocery,M Fig Roll 200g,CS,28,22.4,,
104861761,Alcohol,Werthers Original Sugarfree 80g,CS,18,18,,
100489659,Alcohol,Paxo Golden Breadcrumbs,CS,6,8.28,,
100248388,Soft Drinks & Juice,Pepsi Diet 2l,CS,8,9.22,,
107631806,Snacks & Crisps,M Cashew Nuts 60g,CS,16,16.8,,
108679369,Other Grocery,M Free From Choc Brownie 120g,CS,6,10.08,,
100240466,Other Grocery,Barrs Irn Bru 2l,CS,6,7,,
108679300,Other Grocery,M Free From 4 Raspberry Macaroon Slices 155g,CS,6,8.64,,
100248062,Sugar & Baking,Barrs Irn Bru Sugar Free 500ml,CS,12,8.14,,
108149165,Soft Drinks & Juice,Lucozade Zero Pink Lemonade 500ml,CS,12,11.26,,
103285109,Other Grocery,Quakers Oat So Simple Sweet Cinnamon 57g,CS,8,6.3,,
106785766,Other Grocery,Halls Soothers Cherry 45g,CS,20,9.8,,
105965781,Other Grocery,M Mini Poppadoms 70g,CS,10,11,,
100502526,Other Grocery,Very Lazy Garlic 200g,CS,6,7.26,,
105058348,Soft Drinks & Juice,Cadbury Instant Hot Chocolate Stick 28g,CS,30,12.6,,
108888769,Soft Drinks & Juice,Fuel 10k High Protein Porridge Chocolate 70g,CS,8,8,,
100274252,Other Grocery,Highland Spring Still Water 1.5l,CS,6,4.08,,
102861021,Other Grocery,Grey Goose 70cl,CS,6,185.4,,
100242146,Energy Drinks,Red Bull Sugar Free 4pk,CS,6,20,,
107261497,Other Grocery,Ribena Blackcurrant 850ml,CS,12,17,,
107261622,Other Grocery,Ribena Blackurrant NAS 850ml,CS,12,17,,
100474300,"Condiments, Sauces & Chutneys",Tabasco Sauce 57ml,CS,12,22.8,,
100475038,"Condiments, Sauces & Chutneys",Hellmanns Mayonnaise 400g,CS,12,27,,
101730820,Other Grocery,Black Label Merlot 75cl,CS,6,30,,
100773692,Other Grocery,Simple Foaming Face Wash 150ml,CS,6,11,,
100857870,Other Grocery,Vaseline Lip Therapy 20g,CS,12,10.56,,
104938554,Other Grocery,Pledge 5in1 Classic 250ml,CS,12,15.36,,
100493148,Other Grocery,Batchelors Cup a Soup Mushroom & Croutons 99g,CS,9,12.06,,
111545231,Other Grocery,Stella Artois 10x440ml,CS,1,8.05,,
111538727,Other Grocery,Stella Artois 4x440ml,CS,6,22.25,,
111538655,Other Grocery,Stella Artois 660ml,CS,12,20.88,,
110968709,Other Grocery,Nutella Hazelnut Spread 350g,CS,15,39,,
111410547,Breakfast Cereals & Muesli,Quaker Oat So Simple Banana Porridge 10x348g,CS,6,11.4,,
111346291,Other Grocery,Aero Giant Milk 90g,CS,15,12.5,,
111538807,Other Grocery,Stella Artois 4x568ml,CS,6,29.7,,
109833241,Other Grocery,Grenade Carb Killa Peanut Nutter Bar 60g,CS,12,15,,
109833225,Other Grocery,Grenade Carb Killa White Choc Cookie Bar 60g,CS,12,15,,
108221981,Cleaning Tools & Accessories,Dr Beckmann Carpet Stain Remover Brush 650ml,CS,6,15,,
110492595,Other Grocery,Grenade CarbKilla H/Protein Bar Cookie Dough 60g,CS,12,15,,
109833305,Other Grocery,Grenade Carb Killa Caramel Chaos Bar 60g,CS,12,15,,
106302867,Other Grocery,Smint Peppermint Tin 50pk,CS,12,10.85,,
111347710,Other Grocery,Aero Peppermint 90g,CS,15,12.5,,
100473981,"Condiments, Sauces & Chutneys",Lea & Perrins Worcestershire Sauce 290ml,CS,12,34.8,,
106302891,Other Grocery,Smint Spearmint Tin 50pk,CS,12,10.85,,
100246163,Other Grocery,Lucozade Sport Raspberry 4x500ml,CS,6,14,,
111107687,Other Grocery,Wotsits Giants Really Cheesy 130g,CS,9,10.8,,
111143602,Alcohol,Alpen Original Muesli 550g,CS,10,22.75,,
108404171,Energy Drinks,Red Bull Energy Drink Fridge Pack 8x250ml,CS,3,18.5,,
111348000,Alcohol,Brewdog Punk IPA 4x330ml (5.4%),CS,6,25,,
110128689,Other Grocery,Kelloggs Squares Curious Caramel & Choc 4x36g,CS,11,12.5,,
104723043,Alcohol,Carling 10x440ml (4%),CS,1,7,,
109370540,Alcohol,Most Wanted Malbec 75cl (11%),CS,6,32.7,,
111052524,Alcohol,Yorkie Original Duo 72g,CS,24,19.68,,
101741393,Alcohol,St Austell Tribute 500ml (4.2%),CS,8,13.36,,
110133402,Other Grocery,Lion Milk Duo 60g,CS,28,22.96,,
111340825,Alcohol,Famous Grouse Whisky 70cl (40%),CS,6,95.4,,
110133373,Other Grocery,KitKat Chunky Duo 64g,CS,24,20.4,,
107178562,Soft Drinks & Juice,Pepsi Max Cherry 8x330ml,CS,3,8.5,,
108988524,Alcohol,Hula Hoops Original 6x24g,CS,30,37,,
100522480,Alcohol,Winalot Bonio Original 650g,CS,5,8.1,,
110138465,Other Grocery,Betty Crocker Rainbow Chip Cake Mix 425g,CS,6,16.5,,
111140153,Other Grocery,Magics Flexidry Size 6 23 Nappies,CS,6,21.38,,
100522922,"Rice, Pasta & Noodles",Purina One Cat Chicken & Rice 800g,CS,4,18.2,,
108988508,Other Grocery,Hula Hoops BBQ Beef 6x24g,CS,30,37,,
100522914,"Rice, Pasta & Noodles",Purina One Cat Salmon & Rice 800g,CS,4,18.2,,
110545132,Other Grocery,Lucozade Energy Orange 4x380ml,CS,6,11,,
110545167,Alcohol,Lucozade Energy Original 4x380ml,CS,6,11,,
100516792,Other Grocery,Pedigree Dentastix - Small Dog 7pk,CS,10,17,,
109849198,Snacks & Crisps,Reeses Peanut Butter Cups 5 Snack Size 77g,CS,36,37.8,,
101708489,Alcohol,Jack Daniels Whiskey 70cl (40%),CS,6,100,,
111146281,Other Grocery,Quavers Cheese 34g,CS,30,16.6,,
100519344,Other Grocery,Sheba Fine Flakes in Jelly PouLy Collection 12x85g,CS,4,16.8,,
109286583,Other Grocery,Sheba Tray Select Slices in Gravy With Chicken 85g,CS,22,15.4,,
100775241,Other Grocery,Nivea Sun Spray SPF30 200ml,CS,6,23.75,,
100246219,Other Grocery,Lucozade Sport Orange 4x500ml,CS,6,14,,
107102234,Alcohol,Yellow Tail Malbec 75cl (13.5%),CS,6,37.2,,
110528893,Other Grocery,Rowntrees Jelly Tots 150g,CS,10,6.6,,
111108751,Other Grocery,Hersheys Cookies N Creme 40g,CS,24,13.92,,
110802071,Soft Drinks & Juice,Rubicon Spring Black Cherry Raspberry 500ml,CS,12,10,,
110421797,Energy Drinks,Red Bull Sugarfree 473ml,CS,12,21.96,,
107099848,Other Grocery,M Orange Squash NAS Double Concentrate 1.5l,CS,8,7.2,,
105169689,Other Grocery,M Apple & Blackcurrant NAS Squash Double Conc 1.5l,CS,8,7.28,,
105150451,Other Grocery,M Diet Tonic Water 1l,CS,12,6.48,,
106248258,Soft Drinks & Juice,M Lemonade 2l,CS,8,5.2,,
106258579,Soft Drinks & Juice,M Cola 2l,CS,8,5.6,,
105151340,Soft Drinks & Juice,M Diet Lemonade 2l,CS,8,3.84,,
105149602,Other Grocery,M Indian Tonic Water 1l,CS,12,6.72,,
100242015,Energy Drinks,Red Bull Energy Drink 355ml,CS,24,31.45,,
106626749,Energy Drinks,Red Bull Energy Drink 4x250ml,CS,6,19.78,,
100261689,Other Grocery,Doritos Mild Salsa Dip 300g,CS,6,9.4,,
100200181,Alcohol,Oreo Original Sandwich Biscuits 154g,CS,16,19.2,,
100242138,Energy Drinks,Red Bull Sugar Free 250ml,CS,24,23.22,,
100211788,Other Grocery,Lu Mikado 75g,CS,24,21,,
109427139,Breakfast Cereals & Muesli,Belvita Breakfast Milk & Cereals 5pk,CS,10,15.9,,
109710233,Alcohol,Budweiser 10x440ml (4.5%),CS,1,7.45,,
110484860,Soft Drinks & Juice,Pepsi Max 1.25l,CS,12,8.5,,
105707889,Other Grocery,Oreo Double Stuff 157g,CS,16,19.2,,
100242007,Energy Drinks,Red Bull Energy Drink 473ml,CS,12,21.72,,
109758481,Other Grocery,Munchies 104g,CS,8,6.65,,
106620321,Soft Drinks & Juice,Cadbury Milk Chocolate Fingers 114g,CS,20,20,,
109833081,Other Grocery,Tennents 15x440ml,CS,1,13.2,,
111041489,Alcohol,Old Mout Cider Pineapple & Raspberry 500ml,CS,6,10.44,,
110117496,Energy Drinks,Honey Monster Wheat Puffs 520g,CS,12,27,,
111112451,Other Grocery,Rowntrees Randoms 150g,CS,9,5.94,,
100228871,Soft Drinks & Juice,Pepsi Max 8x330ml,CS,3,8.5,,
111039282,Alcohol,Strongbow Original Cider 4x440ml,CS,6,21,,
111073894,Other Grocery,Tango Orange 500ml,CS,24,16.81,,
100494511,Other Grocery,Pot Noodle Sweet & Sour 90g,CS,12,8.1,,
110773039,Other Grocery,Barratt Flumps 20g,CS,50,10.14,,
110944053,Other Grocery,Wrigley Extra Bubblemint 7 Piece 15.7g,CS,16,6.08,,
107487605,Other Grocery,Old El Paso Chunky Salsa 238g,CS,8,9,,
107487672,Other Grocery,Old El Paso Squeezy Guacomole 240g,CS,8,9,,
100240335,Other Grocery,Tango Orange 2l,CS,8,8.8,,
106653261,Other Grocery,Jacobs Tuc Sandwich 150g,CS,15,17.5,,
110128697,Soft Drinks & Juice,Kelloggs Squares Delightfully Chocolatey 4x36g,CS,11,12.5,,
107487576,Other Grocery,Old El Paso Cool Soured Cream Topping 230g,CS,8,9,,
107965996,Other Grocery,KitKat 4 Finger 4x41.5g,CS,20,23.2,,
111002906,Other Grocery,Yorkie Raisin & Biscuit 44g,CS,24,16.56,,
110128671,Other Grocery,Kelloggs Squares Chewy-Tastic Marshmallow 4x28g,CS,11,12.5,,
110012715,"Tea, Coffee & Sweeteners",Taylors Flying Start Coffee Bags 75g,CS,3,9,,
100230268,Soft Drinks & Juice,Pepsi Max 330ml,CS,24,12.24,,
110471891,"Tea, Coffee & Sweeteners",Yorkshire Tea Biscuit Brew 40s 100g,CS,4,7.92,,
108218597,Other Grocery,Barefoot Malbec 75cl,CS,6,35,,
110268024,Alcohol,Nissin Soba Original Noodles Yakisoba Sauce 90g,CS,8,11.6,,
108832095,"Condiments, Sauces & Chutneys",Nissin Soba Teriyaki Noodles Yakisoba Sauce 90g,CS,8,11.6,,
105852091,Breakfast Cereals & Muesli,Nature Valley Oats & Honey 5x210g,CS,5,8.45,,
101735567,Other Grocery,Yellow Tail Pinot Grigio 75cl,CS,6,31,,
110474661,Other Grocery,Evian Natural Mineral Water 1.5l,CS,8,6,,
109621812,Other Grocery,Cadbury Dairy Milk Whole Nut 45g,CS,48,29.76,,
100240221,Soft Drinks & Juice,Lindt Excellence Milk Ex-Creamy Chocolate 100g,CS,20,46,,
110797559,Other Grocery,Persil Non Bio Powder 10 Washes £2.99 PMP,CS,7,13.93,,
100259749,Other Grocery,Sensations Vinegar & Onion 150g,CS,12,14.5,,
110363540,Soft Drinks & Juice,Kinder Chocolate Medium Bars 2x21g,CS,24,14.16,,
109021067,Soft Drinks & Juice,Kind Dark Chocolate Nuts & Sea Salt 40g,CS,12,11,,
101702811,Alcohol,Lambs Navy Rum 70cl (40%),CS,6,82,,
107606838,Other Grocery,Betty Crocker Velvety Vanilla Cake Mix 425g,CS,6,11,,
109675626,Other Grocery,Lenor Tumble Dryer Sheets Spring Awakening 34pk,CS,12,17,,
105695929,Alcohol,McVities Ginger Nuts 250g,CS,12,16.08,,
102324663,Other Grocery,FemFresh Intimate Wash 250ml,CS,6,10.44,,
110725598,"Condiments, Sauces & Chutneys",Batchelors Pasta N Sauce Cheese & Broccoli 99g,CS,7,6.25,,
110726110,"Condiments, Sauces & Chutneys",Batchelors Pasta N Sauce Cheese Leek & Ham 99g,CS,7,6.25,,
110723242,"Condiments, Sauces & Chutneys",Batchelors Pasta N Sauce Chicken & Mushroom 99g,CS,7,6.25,,
104463317,Other Grocery,Bounty 4pk,CS,12,18,,
109106790,Soft Drinks & Juice,Tic Tac Cherry Cola 49g,CS,24,26.16,,
100212879,Other Grocery,Nestle Milkybar Medium 25g,CS,40,24.8,,
110666170,Other Grocery,Juiceburst Apple 500ml,CS,12,8.38,,
109830593,Other Grocery,Cadbury Twirl 107.5g,CS,20,24.6,,
109830665,Other Grocery,Cadbury Flake 4x80g,CS,20,25.2,,
110694234,Sugar & Baking,Fruit Shoot Orange Low Sugar 275ml,CS,12,4.87,,
110586276,Alcohol,Leasingham Jam Shed Shiraz 75cl (12.5%),CS,6,31.8,,
110725723,"Rice, Pasta & Noodles",Batchelors Super Noodles Chicken Flavour 90g,CS,24,20,,
110656561,Alcohol,Pom Bear Original 6x13g,CS,12,14.52,,
110383938,Soft Drinks & Juice,Rubicon Spring Orange Mango 1.5l,CS,6,6,,
110383903,Soft Drinks & Juice,Rubicon Spring Black Cherry Raspberry 1.5l,CS,6,6,,
105340968,"Condiments, Sauces & Chutneys",Hellmanns Real Mayonnaise Squeezy 430ml,CS,8,18,,
106261719,Alcohol,Alpro Soya Original 1l,CS,8,10.5,,
110558005,Snacks & Crisps,KP Dry Roasted Peanuts Reclose Pack 250g,CS,12,20.25,,
100213636,Other Grocery,Wrigleys Airwaves Menthol & Eucalyptus 10pc 14g,CS,30,12.6,,
100213564,Other Grocery,Wrigleys Extra Peppermint SF 10pcx14g,CS,30,12.6,,
105353849,Other Grocery,Wrigleys Extra White Bottle 46pk,CS,6,10.56,,
106330067,Other Grocery,Wrigleys Extra White Bubblemint 46pc,CS,6,11.58,,
105352651,Other Grocery,Wrigleys Extra White Bubblemint 10pc,CS,30,12.6,,
105352731,Other Grocery,Airwaves Bottle 46pk,CS,6,10.56,,
100213572,Other Grocery,Wrigleys Extra Spearmint SF 10pcx14g,CS,30,12.6,,
101792975,Other Grocery,Wrigleys Extra Ice White Gum 10pc,CS,30,11.4,,
109835431,Snacks & Crisps,Popchips Barbeque 23g,CS,24,15.6,,
110408146,Other Grocery,Skittles 45g,CS,36,16.2,,
105340950,"Condiments, Sauces & Chutneys",Hellmanns Light Mayonnaise Squeezy 430ml,CS,8,16.4,,
100189146,Other Grocery,Marmite Yeast Extract 250g,CS,12,33.6,,
107322843,Alcohol,Trivento Reserve Malbec 187ml (13.5%),CS,12,20.88,,
110404751,Other Grocery,Cadbury Picnic 48g,CS,36,22.32,,
109756725,Alcohol,Yorkie Original 46g,CS,24,16.56,,
108366493,"Condiments, Sauces & Chutneys",Fray Bentos Meatballs in Tomato Sauce 380g,CS,6,6.48,,
100465913,Other Grocery,Heinz Macaroni Cheese 400g,CS,24,34.5,,
108210801,Alcohol,Staropramen 660ml (5%),CS,12,20.88,,
108153295,Alcohol,Shipyard American IPA 500ml (5%),CS,8,13.52,,
101730791,Alcohol,Mcewans Export 4x500ml (4.5%),CS,6,28.5,,
110466160,Alcohol,Carlsberg Export Snappk 4x568ml (4.8%),CS,6,25.5,,
107114569,Other Grocery,Glade Essence of Nature Aerosol Clean Linen 300ml,CS,12,15.36,,
110377407,Other Grocery,Gillette Blue 2 Plus Slalom Disposable Razors 8pk,CS,6,11,,
102299710,Other Grocery,Baxters Favourites Chicken Broth 400g,CS,12,16.8,,
110286581,"Condiments, Sauces & Chutneys",Colmans Cheddar Cheese Sauce Mix 40g,CS,16,6.4,,
100465956,"Condiments, Sauces & Chutneys",Heinz Ravioli in Tomato Sauce 400g,CS,24,34.5,,
110286530,Ready Meals & Prepared Food,Colmans Beef Casserole Mix 40g,CS,16,7.5,,
109829891,Other Grocery,Sharps Doom Bar 4x500ml,CS,6,25.5,,
110286599,"Condiments, Sauces & Chutneys",Colmans Parsley Sauce Mix 20g,CS,20,8.5,,
110286601,"Condiments, Sauces & Chutneys",Colmans Bread Sauce Mix 40g,CS,16,7.5,,
104945148,Other Grocery,Pledge Furniture Polish Multi Surface 250ml,CS,12,15.36,,
100515301,Other Grocery,Pedigree Schmackos Multi Mix 12x86g,CS,18,12.06,,
109074450,"Tea, Coffee & Sweeteners",Maltesers Teasers 100g,CS,23,32.2,,
100209071,Other Grocery,Jacobs Cream Crackers 200g,CS,24,26.4,,
100252686,Sugar & Baking,Robinsons Real Fruit Lemon Juice No Added Sugar 1l,CS,12,11.25,,
100474334,Other Grocery,Hendersons Relish 284ml,CS,12,21,,
100499769,Other Grocery,Knorr Chicken Stock Cubes 8pk,CS,12,18,,
100489333,Other Grocery,Ainsley Harriot Roast Veg Cous Cous 100g,CS,12,9.24,,
109654155,Snacks & Crisps,Butterkist Cinema Sweet Popcorn 100g,CS,8,7,,
109654104,Snacks & Crisps,Butterkist Delicious Sweet & Salted Popcorn 100g,CS,8,7,,
109756653,Alcohol,Polo Original 34g,CS,32,13.76,,
109888576,Other Grocery,Aptamil First Infant Milk 1 From Birth 800g,CS,6,76.2,,
109888904,Other Grocery,Cow & Gate 3 Growing Up Milk From 1-2 Years 800g,CS,6,63,,
109888875,Other Grocery,Cow & Gate 2 Follow-On Milk From 6-12 Months 800g,CS,6,63,,
109756637,Other Grocery,KitKat Chunky 40g,CS,24,17.28,,
109756611,Other Grocery,KitKat 4 Finger 41.5g,CS,24,17.28,,
109976550,Alcohol,Quaker Oats Oat So Simple Original 45g,CS,8,6.3,,
110071854,Alcohol,Buckfast Tonic Wine 75cl (15%),CS,12,93.84,,
109888841,Other Grocery,Cow & Gate 1 First Infant Milk From Birth 800g,CS,6,63,,
109888621,Other Grocery,Aptamil Follow-On Milk 2 6 - 12 Months 800g,CS,6,76.2,,
109710209,Alcohol,Budweiser 4x440ml (4.8%),CS,6,21,,
100184020,Other Grocery,Nestle Carnation Topping Evaporated Milk 410g,CS,24,33.6,,
109671641,Other Grocery,Tampax Compak Regular 18pk,CS,6,14.52,,
109680572,Other Grocery,Nairns Gluten Free Oat & Choc Chip Biscuit 160g,CS,7,12.18,,
109710081,Alcohol,Budweiser 660ml (4.5%),CS,12,20.88,,
109688347,Alcohol,Gordons Pink Gin & Tonic 250ml (5%),CS,12,16.44,,
109658279,Other Grocery,Paxo Sage & Onion 170g,CS,16,36.32,,
109490331,Other Grocery,Princes Corned Beef 340g,CS,6,20.82,,
109449258,Other Grocery,Vimt2O Still Water Grapes Rasp & Bcurrants 500ml,CS,12,6.5,,
109654041,Snacks & Crisps,Butterkist Crunchy Toffee Popcorn 170g,CS,14,16.24,,
109154142,Soft Drinks & Juice,Diet Pepsi 500ml,CS,24,17.55,,
109150731,"Rice, Pasta & Noodles",Batchelors Super Noodles Chicken Pot 75g,CS,8,8,,
109130343,Alcohol,Gallo Family Merlot 75cl (13%),CS,6,34.2,,
109099796,Other Grocery,Galaxy Milk 42g,CS,24,17.76,,
109085669,"Condiments, Sauces & Chutneys",Colmans Tartare Sauce 144g,CS,8,9.12,,
109070993,Other Grocery,Princes Chilli Con Carne 392g,CS,6,12.9,,
109154003,Soft Drinks & Juice,Pepsi Max Cherry 500ml,CS,24,18,,
109100734,Other Grocery,Galaxy Caramel Collection Smooth Caramel 48g,CS,24,17.76,,
109073932,Other Grocery,Angel Delight Strawberry 59g,CS,21,17.01,,
109058960,Household Paper & Disposables,Plenty Decorated Kitchen Roll 200 Sheets,CS,4,13.06,,
109058610,Other Grocery,Andrex Classic Clean Washlets 36s,CS,12,7.2,,
108930710,Alcohol,Kopparberg with Strawberry & Lime 4x330ml (4%),CS,6,22,,
109154222,Soft Drinks & Juice,Pepsi Max 500ml,CS,24,17.55,,
109102271,Other Grocery,Cadbury Wispa Gold 48g,CS,48,30.5,,
109074302,Other Grocery,Candy Land Refreshers 34g,CS,48,16.32,,
109058679,Other Grocery,Andrex Supreme Quilts Luxury 4pk,CS,6,11,,
108930656,Alcohol,Kopparberg with Mixed Fruits 4x330ml (4%),CS,6,22,,
108772281,"Tea, Coffee & Sweeteners",LOr Classic Instant Coffee 100g,CS,6,26.75,,
108788733,Other Grocery,Tena Lady Discreet Normal 12pk,CS,6,13.8,,
108806479,"Condiments, Sauces & Chutneys",Nandos Perinaise Peri-Peri Mayonnaise Mild 265g,CS,6,7.8,,
108788506,Sugar & Baking,Heinz Beanz No Sugar Added 415g,CS,24,23,,
108507680,Other Grocery,Bacofoil All Purpose Zipper Bags 15pk,CS,12,17.28,,
112875506,Other Grocery,Dishmatic Handle Refill,CS,9,9.6,,
108556916,Other Grocery,Weetabix 24pk,CS,10,26.8,,
111592272,Other Grocery,Loch Lomond Brewery Lost In Mosaic IPA 440ml,CS,12,17.16,,
108651420,Other Grocery,Zip The Firelog 700g,CS,9,13.41,,
108145893,Alcohol,Thatchers Somerset Haze 4x440ml (4.5%),CS,6,21,,
107954576,Other Grocery,Cadbury Wispa 36g,CS,48,30.5,,
108458937,Household Paper & Disposables,Andrex Classic Clean Toilet Tissue 4pk,CS,6,11.4,,
108175267,Other Grocery,Twix 50g,CS,32,19.75,,
108400356,Other Grocery,Fruit Shoot NAS Apple&Blackcurrant 275ml,CS,12,4.87,,
108055492,"Condiments, Sauces & Chutneys",Jammie Dodgers 140g,CS,18,11.4,,
107995941,Other Grocery,Kinder Bueno White 2 Bars 39g,CS,30,19,,
108283698,"Condiments, Sauces & Chutneys",Sacla Italia Classic Basil Pesto  190g,CS,6,11,,
108255451,Other Grocery,Durex Thin Feel Condoms 6pk,CS,6,24.12,,
108217367,Alcohol,Birra Moretti 660ml (4.6%),CS,12,20.88,,
107695201,Alcohol,Thatchers Somerset Haze 500ml (4.5%),CS,6,8.88,,
107545393,Other Grocery,Heinz Sandwich Spread 300g,CS,12,18.6,,
107350748,Other Grocery,Polo Tube 4x136g,CS,36,39.24,,
107604189,Other Grocery,Betty Crocker Devils Food Cake Mix 425g,CS,6,11,,
107377529,Other Grocery,Betty Crocker Vanilla Buttercream Icing 400g,CS,6,11,,
107305955,Other Grocery,Raid Fly & Wasp Killer 300ml,CS,6,12.12,,
107853396,Other Grocery,SMA Pro First Infant Milk From Birth 800g,CS,6,76.2,,
107390766,Alcohol,Lucozade Original 500ml,CS,24,21.26,,
107373587,Soft Drinks & Juice,Betty Crocker Chocolate Fudge Icing 400g,CS,6,11,,
107668705,Alcohol,The Shy Pig Blush 75cl (10%),CS,6,23.7,,
107600794,Other Grocery,Jacobs Baked Cheddars Cheese Biscuits 150g,CS,12,13,,
107459639,Alcohol,Galaxy Cookie Crumble 114g,CS,24,27.69,,
107390820,Other Grocery,Lucozade Orange 500ml,CS,24,21.26,,
107268875,Other Grocery,Fever Tree Indian Tonic Water 500ml,CS,8,11.62,,
107239652,Other Grocery,Heinz Salad Cream 425g,CS,10,24.5,,
107118439,Alcohol,The Shy Pig White 75cl (10%),CS,6,24,,
106766899,Other Grocery,Bakers Allsorts 98g,CS,6,3.75,,
106679429,Other Grocery,Pedigree Pouch Favourites in Jelly 12x100g,CS,4,17.2,,
107116484,Other Grocery,KitKat Chunky Peanut Butter 42g,CS,24,15.84,,
107044759,Alcohol,Three Barrels Rare Old French Brandy 70cl (38%),CS,6,83.82,,
106895615,Alcohol,Gordons & Schweppes Slimline Tonic 250ml (5%),CS,12,16.44,,
107118666,Alcohol,The Shy Pig Red 75cl (10%),CS,6,23.82,,
107101741,Alcohol,Yellow Tail Shiraz 75cl (13.5%),CS,6,32.75,,
106985813,Other Grocery,Nutella & Go! Hazelnut Spread & Breadsticks 48g,CS,12,13.8,,
106895551,Alcohol,Gordons & Schweppes Tonic 250ml (5%),CS,12,16.44,,
106786742,Alcohol,Estrella Damm 660ml (4.6%),CS,12,20.88,,
107199742,Other Grocery,Dettol Surface Cleanser 500ml,CS,6,9.48,,
106966081,Alcohol,Mud House New Zealand Sauvignon Blanc 75cl (12%),CS,6,36,,
106749511,Other Grocery,Duracell Plus 9V,CS,10,21.3,,
105879488,Other Grocery,Dr Oetker Natural Madagascan Vanilla Extract 35ml,CS,6,6.78,,
105829771,Other Grocery,Walkers Baked Cheese & Onion 37.5g,CS,32,14.72,,
105749528,Other Grocery,Mentos Mint Rolls 38g,CS,40,13.6,,
106548744,Alcohol,Alzar Malbec 75cl (11%),CS,6,26,,
106316644,Other Grocery,Hersheys Reeces Nut Bar 47g,CS,18,10.26,,
106069778,Soft Drinks & Juice,Kelloggs Granola Chocolate & Nuts 380g,CS,6,14.5,,
105920225,Other Grocery,Cif Cream Lemon 500ml,CS,8,10.24,,
105895066,Breakfast Cereals & Muesli,Nature Valley Oats and Honey 42g,CS,18,7.74,,
106501663,Alcohol,Trivento Malbec 75cl (13.5%),CS,6,34,,
106320838,Alcohol,Desperados 650ml (5.9%),CS,12,29.88,,
106147431,Other Grocery,Dr Oetker Gelatine Sachets 3x12g,CS,6,7.52,,
106072985,Other Grocery,Aptamil Growing Up Milk 1-2 Years 200ml,CS,15,16.8,,
105895138,Other Grocery,Lindor Treat Bar 38g,CS,24,18,,
105689916,Alcohol,Strongbow Dark Fruit 10x440ml (4%),CS,1,8.75,,
105042645,Alcohol,Batiste Original 200ml,CS,6,11.34,,
105108341,Other Grocery,EllasKitchen Spaghetti Bolognese Stange 2 130g,CS,6,8.76,,
104897060,Soft Drinks & Juice,Cadbury Dairy Milk Caramel Chocolate Bar 45g,CS,48,30.4,,
104895460,"Condiments, Sauces & Chutneys",Pataks Tikka Masala Sauce 450g,CS,6,7.8,,
104895371,"Condiments, Sauces & Chutneys",Pataks Balti Sauce 450g,CS,6,7.8,,
105687822,Alcohol,Strongbow Dark Fruit 4x440ml (4%),CS,6,25.5,,
105621410,Other Grocery,Mentos Fruit Rolls 38g,CS,40,13.6,,
105612687,Other Grocery,Cadburys Boost 48.5g,CS,48,30.4,,
105508708,Other Grocery,Bounty Milk Duo 57g,CS,24,17.28,,
104934060,Sugar & Baking,Dr Oetker Baking Powder 170g,CS,4,5.04,,
104895208,"Condiments, Sauces & Chutneys",Pataks Jalfrezi Sauce 450g,CS,6,7.8,,
105535917,"Condiments, Sauces & Chutneys",Blue Dragon S/Chilli & Garlic Stir Fry Sauce 120g,CS,12,8.4,,
105415763,Alcohol,Barefoot Pink Moscato 75cl (9%),CS,6,27.6,,
105379707,Alcohol,Vimto 1l Cordial Original,CS,12,8.65,,
104934182,Other Grocery,Dr Oetker Bicarbonate of Soda 200g,CS,4,5.04,,
105613591,Alcohol,Thatchers Gold Cider 4x440ml (4.8%),CS,6,22.02,,
104897094,Soft Drinks & Juice,Cadbury Dairy Milk Chocolate Bar 45g,CS,48,30.4,,
104895435,"Condiments, Sauces & Chutneys",Pataks Korma Sauce 450g,CS,6,7.8,,
104877341,"Tea, Coffee & Sweeteners",McVities Rich Tea 300g,CS,18,29.88,,
104722850,Alcohol,Carling 4x440ml (4%),CS,6,21,,
104413918,Other Grocery,Old El Paso BBQ Fajita Dinner Kit 500g,CS,6,12.5,,
104141131,Other Grocery,Ambrosia Devon Custard 400g,CS,24,27,,
104041667,Other Grocery,McVities Fruit Shortcake 200g,CS,12,18,,
104831191,Alcohol,Corona Extra 4x330ml (4.5%),CS,6,24.4,,
104200234,Other Grocery,Head & Shoulders Classic Clean Shampoo 250ml,CS,6,10,,
104065028,Other Grocery,Duracell Plus Power C 2pk,CS,10,24.7,,
104472838,"Condiments, Sauces & Chutneys",Heinz Classic BBQ Sauce 480g,CS,10,24,,
104461776,Alcohol,Tim Taylor Landlord 500ml (4.1%),CS,8,13.92,,
104041261,Other Grocery,Oxo Cubes Chicken 12pk,CS,24,50.64,,
104724812,Other Grocery,Cesar Chicken & Turkey 150g,CS,14,12.6,,
104226194,Alcohol,Barefoot Merlot 75cl (13%),CS,6,34,,
102299656,Other Grocery,Baxters Favourites Scotch Broth 400g,CS,12,18.69,,
102292112,Alcohol,Barefoot White Zinfandel 75cl (8%),CS,6,25.5,,
103274063,"Rice, Pasta & Noodles",Ambrosia Rice Pudding 400g,CS,24,25,,
102465247,Alcohol,Thatchers Gold 500ml (4.8%),CS,6,8.82,,
103275648,Other Grocery,Dolmio Stir In Carbonara 150g,CS,7,10,,
101780392,Other Grocery,Kelloggs Nutri-Grain Breakfast Bar Strawb 6x37g,CS,7,11.55,,
102291857,Alcohol,Barefoot Pinot Grigio 75cl (11.5%),CS,6,33.5,,
101793038,Other Grocery,HP Classic BBQ 465g,CS,8,14.64,,
101739710,Alcohol,Whyte & Mackay Blended Scotch Whisky 70cl,CS,6,87.6,,
101735823,Alcohol,Heineken Lager 650ml (5%),CS,12,20.76,,
101735090,Alcohol,Thatchers Katy 500ml (7.4%),CS,6,10.44,,
101721801,Alcohol,Tennents Lager 4x568ml (4%),CS,6,26,,
101741318,Alcohol,Sharps Doom Bar 500ml (4.3%),CS,8,13.92,,
101737790,Alcohol,Newcastle Brown 550ml (4.7%),CS,12,20.88,,
101726290,Alcohol,Smirnoff Ice 70cl (4%),CS,6,12.6,,
101722504,Alcohol,Desperados 3x330ml (5.9%),CS,8,33.5,,
101720453,Alcohol,McGuigan Black Label Shiraz 75cl (12.5%),CS,6,32.1,,
101717844,Alcohol,Jameson Irish Whiskey 70cl (40%),CS,6,102,,
101716366,Alcohol,Smirnoff Vodka 35cl (37.5%),CS,12,90,,
101710837,Alcohol,Baileys Irish Cream 70cl (17%),CS,6,77.94,,
101709967,Alcohol,Famous Grouse Whisky 35cl (40%),CS,12,93.6,,
101713958,Alcohol,Marstons Old Empire 500ml (5.7%),CS,8,12.72,,
101709271,Alcohol,Southern Comfort 70cl (35%),CS,6,87,,
101708260,Alcohol,Mcewans Champion 500ml (7.3%),CS,8,13.92,,
101707822,Alcohol,Holsten Pils 4x440ml (5%),CS,6,22.5,,
101716690,Alcohol,Guinness Draught 4x440ml (4.1%),CS,6,24,,
101714184,Alcohol,Courvoisier Vs Cognac 35cl (40%),CS,12,144,,
101706660,Alcohol,Gallo Family White Grenache 75cl (9.5%),CS,6,28.92,,
101703696,Alcohol,King Goblin Ale 500ml (6.6%),CS,8,12.8,,
101718919,Alcohol,Absolut Vodka 70cl (40%),CS,6,85,,
101718265,Alcohol,Courvoisier VS Cognac 70cl (40%),CS,6,137.4,,
101704744,Alcohol,Bacardi White Rum 70cl (37.5%),CS,6,82.14,,
100861502,Alcohol,Original Source Shower Gel Teetree & Mint 250ml,CS,6,7.08,,
100826133,Other Grocery,Milton Sterilising Tablets 28pk,CS,6,12.3,,
100825747,Other Grocery,Sudocrem Antiseptic Healing Cream 125g,CS,12,45.6,,
100825405,Other Grocery,Johnsons Cotton Buds 200pk,CS,6,5.76,,
101702706,Alcohol,Weston Vintage Special Reserve 500ml (8.2%),CS,8,13.6,,
100910221,Other Grocery,Ko Lee Cup Hot 65g,CS,6,5.1,,
100843283,Other Grocery,Ellas Ktchn Strawberry & Apple 120g,CS,7,7.56,,
101703207,Alcohol,Gordons Gin 35cl,CS,6,47.4,,
100863735,Other Grocery,Nivea Soft Moisturising Cream 75ml,CS,6,8,,
100843259,Other Grocery,Ellas Ktchen Apple & Banana 120g,CS,7,7.56,,
100813682,Other Grocery,Lynx Bodyspray Africa 150ml,CS,6,11.2,,
101702976,Other Grocery,Sourz Apple 70cl,CS,6,51.48,,
100914096,Breakfast Cereals & Muesli,Quaker Oats Oat So Simple Golden Syrup 57g,CS,8,6.3,,
100790476,Other Grocery,Gillette Shaving Gel Sensitive Classic 200ml,CS,6,7.2,,
100773115,Other Grocery,Radox Bath Therapy Muscle Soak 500ml,CS,6,8.04,,
100543900,Other Grocery,Duracell 2032 Twinpack,CS,10,24.6,,
100541710,Other Grocery,Mr Muscle Sink & Plughole 500ml,CS,6,13.44,,
100533779,Alcohol,Domestos Bleach Original 750ml,CS,9,8,,
100790100,Other Grocery,Halls Extra Strong Menthol Action 33.5g,CS,20,10,,
100790071,Sugar & Baking,Halls Cherry Flavour Menthol Action Sugar Free 32g,CS,20,9.75,,
100555741,Other Grocery,Marigold Kitchen Glove Medium,CS,6,8.04,,
100519387,Other Grocery,Dreamies Cheese 60g,CS,8,8.24,,
100782783,Other Grocery,Colgate Zig Zag Med Comp Head,CS,12,15.84,,
100770555,Alcohol,Carex Handwash Original 250ml,CS,6,6.3,,
100519395,Other Grocery,Dreamies Chicken 60g,CS,8,8.24,,
100510614,"Condiments, Sauces & Chutneys",Loyd Grossman Tomato & Chilli Sauce 350g,CS,6,14.64,,
100507052,"Condiments, Sauces & Chutneys",Blue Dragon Chow Mein Stir Fry Sauce 120g,CS,12,8.4,,
100494482,Other Grocery,Pot Noodle Bombay Bad Boy 90g,CS,12,8.1,,
100494423,Other Grocery,Pot Noodle King Chicken & Mushroom Flavour 114g,CS,12,10,,
100490668,Other Grocery,Heinz Cream of Chicken Soup 400g,CS,24,32.4,,
100490570,Other Grocery,Heinz Cream of Tomato Soup 400g,CS,24,32.4,,
100483062,Other Grocery,Lajkonik Precelki Chrupkie130g,CS,10,8.2,,
100507298,Other Grocery,Blue Dragon Coconut Milk 400ml,CS,6,10.38,,
100506658,Other Grocery,Sharwoods Prawn Crackers RTE 60g,CS,6,5.5,,
100496453,Alcohol,Filippo Berio Extra Virgin Olive Oil 250ml,CS,6,19.38,,
100494491,Other Grocery,Pot Noodle Beef & Tomato 90g,CS,12,8.1,,
100494407,Other Grocery,Pot Noodle King Bombay Bad Boy Flavour 114g,CS,12,10,,
100507044,"Condiments, Sauces & Chutneys",BLUE DRAGON BLACK BEAN STIR FRY SAUCE 120G,CS,12,8.4,,
100499689,Other Grocery,Knorr Vegetable Stockpot 4pk,CS,8,13.12,,
100494538,Alcohol,Pot Noodle Original Curry 90g,CS,12,8.1,,
100494466,Other Grocery,Pot Noodle Chicken & Mushroom 90g,CS,12,8.1,,
100494431,Other Grocery,King Pot Beef & Tomato 114g,CS,12,10,,
100494415,Alcohol,Pot Noodle King Original Curry Flavour 114g,CS,12,10,,
100493181,Other Grocery,Batchelors Cup a Soup Minestrone & Croutons 94g,CS,9,12.06,,
100490596,Other Grocery,Heinz Classic Vegetable Soup 400g,CS,24,32.4,,
100474158,"Condiments, Sauces & Chutneys",HP Brown Sauce Top Down 450g,CS,12,28.8,,
100465083,Other Grocery,Branston Baked Beans 4x410g,CS,6,16.62,,
100463694,Other Grocery,Princes Beef Paste 75g,CS,12,9,,
100465219,Other Grocery,Heinz Beanz 200g,CS,48,39.36,,
100462991,"Condiments, Sauces & Chutneys",John West Sardines in Tomato Sauce 120g,CS,12,11.16,,
100480646,Other Grocery,Heinz Big Soup Chicken & Veg 400g,CS,12,17.8,,
100469586,Other Grocery,John West Tuna Light Mediterranean Lunch 220g,CS,6,7,,
100465243,Other Grocery,Heinz Beanz 4x415g,CS,6,19.1,,
100465235,Other Grocery,Heinz Beanz 415g,CS,24,23,,
100480638,Other Grocery,Heinz Big Soup Beef & Veg 400g,CS,12,17.8,,
100476612,"Condiments, Sauces & Chutneys",Heinz Tomato Ketchup 460g,CS,10,23.8,,
100476348,"Condiments, Sauces & Chutneys",Nandos Medium Peri Peri Sauce 250g,CS,6,12.6,,
100465489,Other Grocery,Heinz Spaghetti Hoops 400g,CS,24,23,,
100264441,Soft Drinks & Juice,Alpro Smooth Chocolate Dessert 4x125g,CS,6,6.9,,
100258121,Other Grocery,Mrs Crimbles Large Choc Macaroons 6pk,CS,12,15,,
100248185,Other Grocery,Vimto Still 500ml,CS,12,6.5,,
100242390,Other Grocery,Lucozade Sport Raspberry 500ml,CS,12,11.49,,
100242357,Other Grocery,Lucozade Sport Orange 500ml,CS,12,11.49,,
100249225,Sugar & Baking,Fruit Shoot Orange Low Sugar 4pk,CS,6,6.35,,
100249217,Other Grocery,Fruit Shoot Apple & Blackcurrant 4x200ml,CS,6,6.35,,
100240546,Other Grocery,Vimto 2l,CS,8,8.96,,
100239983,Other Grocery,Galaxy Caramel 135g,CS,24,27.69,,
100236985,"Tea, Coffee & Sweeteners",Twinings Pure Green Tea Bags 20pk,CS,4,8.52,,
100236969,"Tea, Coffee & Sweeteners",Twinings Pure Peppermint Tea Bags 20pk,CS,4,8.52,,
100240141,Soft Drinks & Juice,Lindt Excellence 70% Dark Chocolate 100g,CS,20,46,,
100239131,"Tea, Coffee & Sweeteners",Yorkshire Tea Bags 80S,CS,10,29.3,,
100236871,Alcohol,Twinings Lemon & Ginger Tea Bags 20pk,CS,4,9.2,,
100230313,Other Grocery,Ribena Blackcurrant Really Light 500ml,CS,12,9.99,,
100230305,Other Grocery,Ribena Blackcurrant 500ml,CS,12,9.99,,
100220035,Other Grocery,Goldenfry Dumpling Mix 142g,CS,12,8.16,,
100219245,Other Grocery,Giant Love Hearts 39g,CS,24,6,,
100218082,Other Grocery,Hartleys Jelly Strawberry 125g,CS,12,7.8,,
100218031,Other Grocery,Hartleys Jelly Raspberry 135g,CS,12,11.04,,
100217573,Other Grocery,Kinder Bueno Twin Finger Bar 43g,CS,30,19,,
100217274,Other Grocery,Cadbury Crunchie Single Bar 40g,CS,48,30.4,,
100217258,Other Grocery,Cadbury Twirl 43g,CS,48,30.4,,
100213214,Alcohol,Maynards Bassetts Wine Gums Roll 52g,CS,40,19.2,,
100211454,Other Grocery,Tunnock Milk Choc Caramel Wafer 8x240g,CS,20,34,,
100210224,Other Grocery,Lotus Biscoff 250g,CS,10,10,,
100219253,Other Grocery,Giant Parma Violets 40g,CS,24,4.32,,
100219026,Other Grocery,Barratt Sherbet Dip Dab Single 23g,CS,50,20.13,,
100217320,Other Grocery,Cadbury Frys Turkish Delight 51g,CS,48,30.4,,
100216554,Other Grocery,Fruit-Tella Strawberry Stick 40g,CS,40,16,,
100213417,Other Grocery,Tic Tac Fresh Mint 100x48g,CS,24,24,,
100208394,Soft Drinks & Juice,Betty Crocker Chocolate Chip Cookie Mix 200g,CS,8,12.48,,
100217071,Other Grocery,Maltesers 37g,CS,40,29.6,,
100213273,Other Grocery,Trebor Softmint Spearmint Single,CS,40,17.6,,
100213265,Other Grocery,Trebor Extra Strong Mints Single,CS,40,19.2,,
100186050,Other Grocery,Ocean Spray Cranberry 1l,CS,12,16.2,,
100198860,Other Grocery,San Pellegrino Sparkling Water 1l,CS,6,4.93,,
100189445,Breakfast Cereals & Muesli,Quaker Oat So Golden Syrup Porridge 10x36g,CS,9,17.1,,
100192214,Other Grocery,Delmonte Fruit Cocktail in Juice 415g,CS,12,11.64,,
100189357,Breakfast Cereals & Muesli,Quaker Oat So Apple & Blueberry Porridge 10x36g,CS,6,11.4,,
108610679,Other Grocery,Reeses Sticks Wafer Bar 42g,CS,20,9.5,,
112818085,Alcohol,Jacobs Mini Cheddars Original 6x23g,CS,12,13,,
109786182,Other Grocery,Cadbury Heroes 290g,CS,6,15.75,,
105151569,Sugar & Baking,M No Added Sugar Cherryade 2l,CS,8,4.56,,
111851107,Other Grocery,Palmers Cocoa Butter Lip Balm With SPF15 4g,CS,12,18,,
110626611,Other Grocery,M Whole Carrots in Water 300g,CS,12,5.88,,
105495222,Other Grocery,Mega Double Lollies 32g,CS,36,7.2,,
109306290,Other Grocery,Nairns Gluten Free Seeded Crackers 137g,CS,8,12.08,,
109068279,"Condiments, Sauces & Chutneys",Colmans Classic Mint Sauce 165g,CS,8,9.12,,
109085634,"Condiments, Sauces & Chutneys",Colmans Bramley Apple Sauce 155g,CS,8,9.12,,
112215292,Other Grocery,Nutmeg Cotton Wool Pads 100pk,CS,9,9,,
112874706,Other Grocery,Brown Parcel Tape 48mmx50m Heavy Duty In CDU,CS,18,15.53,,
112733559,Alcohol,West Brewery St Mungo Premium Lager Can 440ml,CS,12,19.44,,
112818704,Other Grocery,Stella Artois Unfiltered 620ml,CS,12,20.88,,
112813567,Snacks & Crisps,Kettle Chips Lightly Salted 130g,CS,16,16,,
111755561,Other Grocery,I Heart Merlot 187ml,CS,12,20.28,,
112802041,Alcohol,McVities Hob Nobs Original 255g,CS,12,19.8,,
100250584,Other Grocery,Lindt Lindor Milk Truffle Cornet 337g,CS,6,48,,
111401368,Other Grocery,M Reusable Plastic Cutlery Set 18pk,CS,12,6.72,,
110280613,Other Grocery,Brazier Multi Purpose Smokeless Fuel 10kg,CS,1,5.89,,
112584362,Alcohol,Ferrero Rocher Original Tablet 90g,CS,8,11.3,,
100217581,Other Grocery,Kinder Surprise Egg 20g shipper,CS,72,59.76,,
112671861,Other Grocery,Nutella Biscuits 276g,CS,10,25,,
109109413,Other Grocery,Milkyway Twin 43g,CS,28,18.2,,
110853590,Other Grocery,Fanta Orange 8x330ml,CS,3,9.5,,
111272359,Other Grocery,I Heart Sauvignon Blanc 75cl,CS,6,25,,
100198561,Other Grocery,Volvic Mineral Water 1.5l,CS,12,7.44,,
112557381,Other Grocery,Polish Specialities Pickled Cucumbers 850g,CS,6,9.84,,
112527325,Alcohol,Coca Cola Original 1.75L,CS,6,10.4,,
110437730,Alcohol,I Heart Wines Pinot Grigio 75cl,CS,6,25.5,,
110067521,Other Grocery,Schmitt Liebfraumilch 75cl,CS,6,23.1,,
107668668,Alcohol,Campo Viejo Garnacha Rioja 75cl (14%),CS,6,34,,
110108231,Alcohol,Freixenet Italian Rose Sparkling Wine 75cl,CS,6,38,,
106245479,Other Grocery,Twix Extra Twin 75g,CS,24,19.09,,
109715464,Energy Drinks,Monster Mango Loco 500ml,CS,12,13.32,,
105739901,Other Grocery,Nestle Curiously Cinnamon 375g,CS,7,20.16,,
110537116,Other Grocery,Nozeco Alcohol Free Fine Sparkling 75cl,CS,6,15.66,,
100228803,Soft Drinks & Juice,Diet Coke Caffeine Free Cans 8x330ml,CS,3,7.5,,
107595024,Other Grocery,M Best Vouvray 75cl,CS,6,40.8,,
108126262,Other Grocery,M Best Marques De Los Rios Rioja Blanco 75cl,CS,6,33.9,,
111744580,Other Grocery,M Best Marques De Los Rios Garnacha 75cl,CS,6,34.8,,
110853629,Sugar & Baking,Fanta Orange Zero Sugar 8x330ml,CS,3,9.5,,
107569256,Alcohol,M Bordeaux Superior 75cl (14%),CS,6,35.4,,
111610346,Energy Drinks,Monster Fiesta 500ml,CS,12,12.36,,
101734151,Other Grocery,Taylors LBV Port 75cl,CS,6,70.5,,
111135979,Other Grocery,Castillo De Sierra Brut 75cl,CS,6,31.32,,
107118535,Other Grocery,Vitis Nostra Pinot Noir Rose 75cl,CS,6,30.6,,
109851079,Other Grocery,M Napoleon Brandy 50cl,CS,12,96,,
106543425,Other Grocery,Piccini Memoro Italia 75cl,CS,6,33,,
111904281,Soft Drinks & Juice,Coca Cola Zero Sugar 24x330ml,CS,1,5.3,,
108069173,Alcohol,Schweppes Canada Dry Ginger Ale 1l,CS,6,9.36,,
109204752,Other Grocery,M Body Puff,CS,12,6.6,,
100260539,Other Grocery,Askeys Treat Strawberry 325g,CS,6,6.5,,
111405756,Other Grocery,Comte De Saint Emmanuel 2019 Aop Bordeaux 75cl,CS,6,30,,
101728228,Other Grocery,Wolf Blass Yl Chardonnay 75cl,CS,6,38,,
100245911,Other Grocery,Sprite Zero 2l,CS,6,6,,
111115003,Other Grocery,Freixenet Pinot Grigio 75cl,CS,6,44.28,,
102309261,Alcohol,Original Source Shower Gel Vanilla&Raspberry 250ml,CS,6,7.08,,
110853055,Other Grocery,Dr Pepper 8x330ml,CS,3,9.5,,
108068971,Other Grocery,Schweppes Indian Tonic Water 1l,CS,6,9.36,,
111107468,Energy Drinks,Monster Mango Loco 4x500ml,CS,6,23.16,,
107350289,Soft Drinks & Juice,Coca Cola Cans 4x330ml,CS,6,17.28,,
111598818,Other Grocery,Nestle Shreddies 460g,CS,10,18,,
111000548,Energy Drinks,Monster Pacific Punch 500ml,CS,12,13.32,,
108068787,Other Grocery,Schweppes Slimline Tonic Water 1l,CS,6,9.36,,
108870454,Other Grocery,M Honey Nut Cornflakes 500g,CS,16,24.8,,
110299103,Other Grocery,M Permanent Marker 2pk,CS,12,7.8,,
110462046,Energy Drinks,Monster Energy 500ml,CS,12,13.32,,
100483409,Other Grocery,Sesame Snaps With Coconut 4x30g,CS,30,20.1,,
110005013,Other Grocery,M 3 Way Adaptor Plug,CS,10,18,,
107118551,Other Grocery,M Marques De Los Rios Rioja Reserva 75cl,CS,6,37.2,,
109717646,Energy Drinks,Monster Energy Juice Pipeline Punch 500ml,CS,12,13.32,,
105180183,Other Grocery,M Firm Mousse 200ml,CS,6,5.46,,
110077367,Other Grocery,M Soave 75cl,CS,6,23.76,,
105316423,Other Grocery,M Best Pinot Grigio Rose 75cl,CS,6,26,,
105267342,Other Grocery,M Pinot Grigio Trentino 75cl,CS,6,31.5,,
101793311,Other Grocery,Volvic Touch of Fruit Lemon & Lime Sportscap 75cl,CS,6,5.82,,
100228740,Soft Drinks & Juice,Diet Coke 8x330ml,CS,3,7.5,,
110705538,Soft Drinks & Juice,Coca Cola Zero Sugar 330ml,CS,24,13.44,,
110844415,Soft Drinks & Juice,Capri-Sun Orange 4x200ml,CS,8,8.7,,
110395744,Other Grocery,Dr Pepper Zero 500ml,CS,12,10.39,,
105384477,Energy Drinks,Monster Energy 4x500ml,CS,6,23.16,,
108079259,Alcohol,Schweppes Slimline Original Bitter Lemon 1l,CS,6,9.36,,
105572873,Other Grocery,M Napoleon Brandy 35cl,CS,12,71.04,,
100248071,Soft Drinks & Juice,Coca Cola Bottle 500ml,CS,24,24.96,,
101735920,Alcohol,Oxford Landing Sauvignon 75cl (10.5%),CS,6,28,,
100245945,Other Grocery,Fanta Orange Zero 2l,CS,6,6,,
108384333,Other Grocery,Fanta Zero Fruit Twist 500ml,CS,12,10.39,,
105096176,Other Grocery,M Crinkle Cut Gherkins 350g,CS,6,4.8,,
112412245,Other Grocery,Trebor Extra Strong Minis S/Free Peppermint 12.6g,CS,24,9.84,,
110560981,Alcohol,Sorso Prosecco Spumante 75cl (10%),CS,6,29.5,,
101729546,Alcohol,Canti Prosecco Spum Brut 75cl (10.5%),CS,6,39,,
100245953,Other Grocery,Fanta Lemon 2l,CS,6,6,,
109309511,Alcohol,Campo Viejo Rioja Viura Blanco 75cl (12%),CS,6,34,,
106548461,Alcohol,Campo Viejo Rioja 187ml (13%),CS,12,20.88,,
101712074,Other Grocery,Casillero Del Diablo Chardonn 75cl,CS,6,34,,
101705350,Alcohol,Campo Viejo Rioja 75cl (13%),CS,6,32.9,,
100230241,Soft Drinks & Juice,Coca Cola Diet Can 330ml,CS,24,13.44,,
100193153,Other Grocery,Evian Mineral Water 500ml,CS,24,14.88,,
100495362,Other Grocery,Marshalls Cheesey Macaroni 190g,CS,12,15.72,,
100245929,Other Grocery,Fanta Orange 2l,CS,6,6,,
100209750,Soft Drinks & Juice,Tunnocks Tea Cakes Milk Chocolate 6x24g,CS,32,38.08,,
100193524,Other Grocery,Evian 750ml,CS,12,7.85,,
107600188,Sugar & Baking,Fanta Orange Zero Sugar 500ml,CS,12,10.39,,
107349034,Soft Drinks & Juice,Coca Cola Zero Sugar 500ml,CS,12,10.44,,
104730817,Other Grocery,Villa Maria Sauvignon Blanc 75cl,CS,6,43.2,,
100245890,Other Grocery,Sprite 2l,CS,6,6,,
100242517,Other Grocery,Powerade Berry and Tropical 500ml,CS,12,10.97,,
100230233,Soft Drinks & Juice,Coca Cola Can 330ml,CS,24,15.84,,
107600786,Soft Drinks & Juice,Coca Cola Cherry 500ml,CS,12,12.84,,
100245961,Other Grocery,Fanta Fruit Twist 2l,CS,6,6,,
100193356,Other Grocery,Volvic Mineral Water with Sports Cap 1l,CS,12,8.04,,
109693146,Alcohol,I Heart Wines Prosecco 75cl,CS,6,31.5,,
109610849,Other Grocery,Volvic Natural Mineral Water 500ml,CS,24,9.6,,
112584661,Other Grocery,Twix Biscuit 9x20g,CS,13,28.34,,
111971256,Other Grocery,M Led G9 2.2w 25w 250 Lumens 2pk,CS,8,20.08,,
110244170,Sugar & Baking,Volvic Touch of Fruit Strawberry Sugar Free 750ml,CS,6,5.22,,
105580398,Other Grocery,M Alkaline Battery 9v,CS,10,12.8,,
112510937,Soft Drinks & Juice,Coca Cola Cherry 1.75l,CS,6,10.4,,
110881734,Other Grocery,Volvic Touch of Fruit Mango & P/Fruit S/Free 1.5l,CS,6,5,,
105580620,Other Grocery,M Extra Long Life Alkaline Batteries AA 4pk,CS,20,22,,
110561458,Alcohol,Freixenet Italian Rose Sparkling Wine 20cl,CS,12,39.6,,
110389871,Other Grocery,M Lithium Batteries CR2032 4pk,CS,12,6.6,,
111711518,Energy Drinks,Monster Juiced Monarch 500ml,CS,12,13.32,,
111201850,Other Grocery,Chevaliers St Martin Aop Bordeaux 750ml,CS,6,30.3,,
110564413,Other Grocery,M Reusable Seasonal Woven Bag,CS,100,50,,
105719898,Other Grocery,M Best Soave Classico 75cl,CS,6,28,,
111174601,Other Grocery,M Best Cahors Malbec 75cl,CS,6,34.5,,
109152711,Soft Drinks & Juice,M Best Quadruple Chocolate Cookies 200g,CS,6,11.46,,
111904310,Alcohol,Coca Cola Original Taste 24x330ml,CS,1,15.4,,
104409484,Other Grocery,Volvic Touch of Fruit Lemon & Lime 1.5l,CS,6,5,,
111704060,Other Grocery,M Best Gavi Di Gavi 75cl,CS,6,43.2,,
105689431,Other Grocery,M Best Touraine Sauvignon Blanc 75cl,CS,6,39.66,,
110544236,Alcohol,M Best Prosecco Valdobbiadene D.O.C.G 75cl,CS,6,42,,
105316386,Other Grocery,M Best Vintage Cava Brut 75cl,CS,6,36.84,,
111180809,Other Grocery,I Heart Merlot 75cl,CS,6,25.5,,
110005048,Other Grocery,M Shaver Adaptor,CS,10,8.1,,
100193276,Other Grocery,Evian Mineral Water 6x500ml,CS,5,9.85,,
101710204,Alcohol,Mateus The Original Rosé 750ml,CS,6,29.28,,
100228731,Soft Drinks & Juice,Coca Cola 8x330ml,CS,3,11.5,,
100240298,Other Grocery,Dr Pepper Zero 2l,CS,6,6,,
111085641,Soft Drinks & Juice,Askeys Treat Chocolate Flavour Topping 325g,CS,6,6.5,,
111904256,Soft Drinks & Juice,Diet Coke Cans 24x330ml,CS,1,5.3,,
109449101,Other Grocery,Volvic Touch of Fruit Summer Fruits S/Free 1.5l,CS,6,5,,
105689043,Other Grocery,M Cotes Du Rhone Villages 75cl,CS,6,38,,
101708227,Other Grocery,Freixenet Vintage Brut 75cl,CS,6,38.22,,
108828053,Energy Drinks,Monster Energy Ultra 4x500ml,CS,6,20.1,,
111307435,Alcohol,M Best Prosecco Doc Rose 75cl,CS,6,32,,
105572902,Other Grocery,M Napoleon Brandy 70cl,CS,6,67.8,,
100228782,Soft Drinks & Juice,Coca-Cola Zero Cans 8x330ml,CS,3,7.5,,
111646111,Other Grocery,Md 20/20 Blue Raspberry 75cl,CS,12,76.8,,
105266315,Other Grocery,M Best Gavi 75cl,CS,6,38.1,,
110853320,Other Grocery,Sprite 8x330ml,CS,3,9.5,,
108239662,Other Grocery,M Best Primitivo 75cl,CS,6,34,,
106516742,Other Grocery,M Red Douro 75cl,CS,6,36.6,,
106655638,Alcohol,M White Rum 35cl,CS,12,71.16,,
105406787,Other Grocery,Sesame Snaps 4x30g,CS,30,20.1,,
107123828,Energy Drinks,Tiger Energy Drink 250ml,CS,12,5.64,,
107205090,Alcohol,M Imperial Vodka 70cl,CS,6,62.16,,
105316491,Alcohol,M Best Prosecco 75cl,CS,6,32,,
108120506,Other Grocery,M Skinless & Boneless Pacific Red Salmon 170g,CS,12,48,,
107728413,Energy Drinks,Monster Energy Ultra 500ml,CS,12,12.36,,
106655574,Alcohol,M Dark Rum 35cl,CS,12,71.04,,
105180212,Other Grocery,M Dry Shampoo Tropical 200ml,CS,6,5.64,,
104377881,Other Grocery,Volvic Touch of Fruit Strawberry NAS 1.5l,CS,6,5,,
107349042,Other Grocery,Sprite 500ml,CS,12,10.39,,
110860933,Alcohol,Most Wanted Pinot Grigio 75cl (11%),CS,6,27.5,,
108148787,Soft Drinks & Juice,Coca-Cola Zero Cherry 500ml,CS,12,10.44,,
107349026,Other Grocery,Dr Pepper 500ml,CS,12,10.39,,
107348841,Other Grocery,Fanta Fruit Twist 500ml,CS,12,10.39,,
107348816,Other Grocery,Fanta Orange 500ml,CS,12,10.44,,
110832799,"Tea, Coffee & Sweeteners",Costa Coffee Latte 250ml,CS,12,12.55,,
101725211,Alcohol,Brancott Est Sauv Blanc 75cl (12%),CS,6,36,,
101793281,Other Grocery,Volvic Touch of Fruit Strawberry Sportscap 75cl,CS,6,5.16,,
110832895,"Tea, Coffee & Sweeteners",Costa Coffee Caramel Latte 250ml,CS,12,12.55,,
107350393,Soft Drinks & Juice,Coca Cola Zero Cans 4x330ml,CS,6,14.52,,
110596941,Alcohol,Freixenet Prosecco D .O. C 20cl (10.5%),CS,12,33.24,,
100248089,Soft Drinks & Juice,Coca Cola Diet Bottle 500ml,CS,24,20.4,,
101759577,Other Grocery,Triplewax Demister Pad,CS,12,10.08,,
104409530,Other Grocery,Volvic Touch of Fruit Lemon & Lime NAS 1.5l,CS,6,5,,
105310363,Other Grocery,Oasis Summer Fruits 500ml,CS,12,11.14,,
101703856,Alcohol,Wolf Blass Cabernet Sauv 75cl (14.5%),CS,6,38,,
100240280,Soft Drinks & Juice,Dr Pepper Fruit Drink 2l,CS,6,6,,
106990436,Other Grocery,Glaceau Smart Water 600ml,CS,24,9.9,,
106166121,Alcohol,Menestrello Prosecco Spumante 750ml (10.5%),CS,6,33.6,,
101734054,Alcohol,Torres Vina Sol 75cl (11%),CS,6,36,,
105873650,Alcohol,Campo Viejo Rioja Reserva 75cl (13.5%),CS,6,41.4,,
105310355,Other Grocery,Oasis Citrus Punch 500ml,CS,12,11.13,,
101743461,Other Grocery,Casillero Del Diablo Cab 75cl,CS,6,34,,
101719831,Other Grocery,Casillero Del Diab Merlot 75cl,CS,6,34,,
101712912,Other Grocery,Casillero Diablo Sauvignon 75cl,CS,6,34,,
115291848,Other Grocery,Barebells Peanut Butter Protein Bar 55g,CS,12,19.2,,
112609734,Other Grocery,M Jelly Babies 190g,CS,9,6.75,,
109967725,Soft Drinks & Juice,M Milk Chocolate Caramels 155g,CS,8,7.52,,
105180116,Other Grocery,M Extra Firm Hairspray 300ml,CS,6,5.76,,
110461941,Other Grocery,M Orange Juice 3x200ml,CS,9,8.1,,
115108281,Other Grocery,Warrior Protein Flapjack Cookies And Cream 75g,CS,12,10.2,,
111181035,Other Grocery,M Clear Mints 200g,CS,8,6.4,,
114154016,Soft Drinks & Juice,Warrior Protein Flapjack-Chocolate Orange 75g,CS,12,10.2,,
113436450,Soft Drinks & Juice,M Milk Chocolate Wholenut 200g,CS,12,20.28,,
115034366,Soft Drinks & Juice,M Chocolate Coated Peanuts 150g,CS,15,15.75,,
109876794,Sugar & Baking,M Sugar Free Mixed Fruit Sweets 42g,CS,14,6.86,,
114308601,Other Grocery,M Matte A5 Notebook Blue,CS,6,8.4,,
113436484,Soft Drinks & Juice,M Dark Chocolate 200g,CS,13,22.49,,
105154698,"Condiments, Sauces & Chutneys",M 16cm Aluminium Saucepan,CS,2,8,,
111850489,Other Grocery,M A4 Kraft Ringbinder File,CS,10,8,,
115704091,Other Grocery,1x Beatbox RTD Flatpack Shipper Unit,CS,1,0.01,,
111982191,Other Grocery,M The Best Bag Design 2,CS,100,55,,
115034382,Soft Drinks & Juice,M Chocolate Coated Raisins 150g,CS,15,15.75,,
111170299,Other Grocery,M Mini Gems 190g,CS,9,6.21,,
110694816,Other Grocery,M Fruit Jellies 200g,CS,10,6.7,,
113436396,Soft Drinks & Juice,M Milk Chocolate 200g,CS,13,20.41,,
109876891,Sugar & Baking,M Sugar Free Butterscotch 42g,CS,14,6.86,,
114034153,Other Grocery,M Candle LED 2.3W SES 2pk,CS,4,4,,
111914121,Soft Drinks & Juice,M Cola Bottles  75g,CS,26,7.8,,
115107879,Other Grocery,Warrior Protein Flapjack Red Velvet Cake 75g,CS,12,10.2,,
115107781,Alcohol,Jimmys Iced Coffee Myprotein Original 380ml,CS,12,25.8,,
114791488,Other Grocery,Cadbury Caramilk Buttons 100g,CS,10,17,,
114271440,Soft Drinks & Juice,Pepsi Regular 8x330ml,CS,3,10.5,,
112291367,Snacks & Crisps,Walkers Cheese & Onion Crisps 6x25g,CS,30,45,,
115684094,"Condiments, Sauces & Chutneys",Heinz English Mustard Hot Sachet 250x7ml,CS,250,15,,
115562089,Energy Drinks,Red Bull Sugarfree 355ml,CS,12,15.48,,
115684414,"Condiments, Sauces & Chutneys",Heinz Barbecue Sauce Sachet 250x7ml,CS,250,15,,
110086503,Alcohol,Buckfast Tonic Wine 35cl (15%),CS,12,49.2,,
114585916,Other Grocery,M Lemon Juice 250ml,CS,12,7.44,,
115593011,Other Grocery,Delamere Cookies And Cream Milkshake 500ml,CS,12,12,,
108871043,Breakfast Cereals & Muesli,M Apple & Cinnamon Porridge 55g,CS,8,3.6,,
108870438,Alcohol,M Original Porridge 55g,CS,8,3.76,,
115673483,Other Grocery,Kelloggs Crunchy Nut Hot Honey 420g,CS,10,24,,
111339605,Breakfast Cereals & Muesli,Quaker 100% Wholegrain Rolled Oats 500g,CS,10,12.3,,
115419320,Other Grocery,Dettol Anti-Bac Surface Wipes Citrus Large 72pk,CS,6,12,,
105851291,Snacks & Crisps,M Pine Nuts 100g,CS,6,16.5,,
115578558,Sugar & Baking,Tate & Lyle Icing Sugar 500g,CS,10,10,,
114589968,"Tea, Coffee & Sweeteners",Thompsons Scottish Tea Bags 40pk 125g,CS,12,14,,
114900091,Household Cleaning,Finish Ultimate Plus Lemon Dishwasher Tablets 48pk,CS,6,40.5,,
105482587,Other Grocery,M Puffed Wheat 160g,CS,10,7.4,,
114856966,Other Grocery,Kelloggs High Protein Bites Choc & Hazelnut 400g,CS,10,29,,
108274581,"Rice, Pasta & Noodles",Tilda Basmati & Wild Wholegrain Rice 250g,CS,6,4.56,,
115418263,Alcohol,Au Vodka Ultra Strawberry Burst 500ml (7%),CS,12,29.88,,
115238895,Alcohol,M The Best Toro 75cl (13.5%),CS,6,40.98,,
115673563,Other Grocery,Kelloggs Krave Caramalised Biscuit 375g,CS,6,14,,
108255494,Other Grocery,M Pumpkin Seeds 300g,CS,10,15.5,,
114188161,Other Grocery,Nutmeg Mens Black Ribbed Hat,CS,12,33.6,,
114642917,Breakfast Cereals & Muesli,Jordans Country Crisp Strawberry Cereal 450g,CS,6,12.5,,
115231221,Other Grocery,Trip Mindful Blend Wild Strawberry Calm 330ml,CS,12,15,,
115418204,Alcohol,Au Vodka Ultra Blue Raspberry 500ml (7%),CS,12,29.88,,
105660241,Snacks & Crisps,M Hazelnuts 250g,CS,8,23.2,,
114182973,Other Grocery,Nutmeg Ladies Cosy Socks 1x1pk,CS,12,14.4,,
113884877,Alcohol,Gordons Pink Gin 35cl (37.5%),CS,24,208.8,,
113117811,Alcohol,Bens Original Egg Fried Style Microwave Rice 220g,CS,6,6.9,,
113730181,Energy Drinks,Monster Energy Zero 9x500ml,CS,2,13.25,,
114083748,Other Grocery,Jacobs Bites Red Leicester Crackers 125g,CS,10,16.8,,
112476513,Soft Drinks & Juice,Tropical Vibes Lemonades Ocean Blue 300ml,CS,15,10.5,,
110657505,"Tea, Coffee & Sweeteners",Costa Coffee Mocha Italia Signature Cafetiere 200g,CS,5,15.9,,
112485225,Other Grocery,Tropical Vibes Sours Kawaii Kiwi 300ml,CS,15,10.5,,
112476581,Soft Drinks & Juice,Tropical Vibes Lemonades Paradise Punch 300ml,CS,15,10.5,,
113110273,Energy Drinks,Monster Energy 9x500ml,CS,2,21,,
113892789,Other Grocery,M Meaty Chicken Strips 200g,CS,12,6.12,,
114770011,Other Grocery,Bluey Beanie,CS,12,51.6,,
113437516,Alcohol,M Best Mulled Wine 75cl (9%),CS,6,23.4,,
113057311,Soft Drinks & Juice,Costa Rich & Creamy Hot Chocolate 300g,CS,6,17.4,,
113335165,Alcohol,Winter Warmer Mulled Wine 75cl (5%),CS,6,14.7,,
113108000,Energy Drinks,Monster Pipeline Punch 9x500ml,CS,2,21,,
110666209,Other Grocery,Juiceburst Orange 500ml,CS,12,9,,
113305548,"Tea, Coffee & Sweeteners",Twinings Superblends Wind Down Tea Bags 20pk,CS,4,10.8,,
114083713,Other Grocery,Jacobs Bites S/Chilli Sour Cream Crackers 125g,CS,10,16.8,,
114031631,Alcohol,Gingerbread Chocolate Digestive 266g,CS,12,16.8,,
115578398,Sugar & Baking,Tate & Lyle Caster Sugar 1kg,CS,10,12,,
115280428,Other Grocery,Dr. Oetker Rainbow Decorating Icing 102g,CS,6,13.2,,
111787176,Alcohol,Mcguigan Black Label Chardonnay 187ml (11%),CS,12,18,,
109173511,Other Grocery,Heinz Cream Of Chicken Cup Soup 68g,CS,6,6.72,,
113385904,Soft Drinks & Juice,Bahlsen Choco Leibniz Dark Chocolate Biscuits 111g,CS,12,19.8,,
107979861,Alcohol,Jacobs TUC Original Biscuits 150g,CS,12,13,,
115274870,Alcohol,Bells Original Whisky 20cl (40%) £6.79 PMP,CS,6,27.6,,
115370183,Other Grocery,M Chunk Choc P/Candy Sprinkles & Choco Beans 140g,CS,12,20.52,,
115048426,Other Grocery,M Aluminium Christmas Shipper,CS,100,155,,
115369916,Other Grocery,M Chunk Choc Biscuit Honeycomb Roasted Corn 140g,CS,12,20.52,,
115276074,Other Grocery,M Cherries & Berries Quad Concentrate Squash 1.5l,CS,8,10.24,,
115369799,Other Grocery,M Chunk Choc Pretzel Caramel & Nougat 140g,CS,12,20.52,,
115422713,Other Grocery,Kitkat Chunky 4x160g,CS,26,30.16,,
115439558,Household Paper & Disposables,Shades Sour Ultimate Vibes 150g,CS,18,19.8,,
115263361,Other Grocery,Werthers Butter Candy 135g,CS,18,18.36,,
107346423,Other Grocery,Shloer White Grape Juice 750ml,CS,6,10.8,,
115422174,Other Grocery,Dettol Surface Wipes Lime & Mint Wipes L 72pk,CS,6,12,,
110462505,Other Grocery,Garnier Skin Micellar Cleansing Water 100ml,CS,6,8.7,,
113456071,Other Grocery,Whitworths Cranberries 130g,CS,8,11.68,,
101726855,Alcohol,Red Stripe Jamaica Lager Beer 4x440ml,CS,6,30.96,,
111969535,Other Grocery,Smart Pet Small Animal Wood Shavings Bale 1kg,CS,8,4.08,,
112484812,Other Grocery,M Floor Wipes Apple 15pk,CS,12,5.4,,
108802806,Breakfast Cereals & Muesli,Quaker Porridge Oats 1kg,CS,10,26,,
115192321,"Tea, Coffee & Sweeteners",Tetley Decaf 40 Tea Bags 125g,CS,12,13.75,,
110714338,Alcohol,Quaker Oat So Simple Big Bowl Original 6x38.5g,CS,8,12.8,,
110714320,Other Grocery,Quaker Oat So Simple Big Bowl Golden Syrup 6x49.6g,CS,8,12.8,,
115431636,Other Grocery,Juicy Drop Tropical Blasts 140g,CS,12,7.5,,
114878567,Laundry & Fabric Care,Comfort Blue Skies Fabric Conditioner 31W 930ml,CS,8,12.08,,
114162921,Other Grocery,Nescafe Frothy Latte Caramel Sachets 12x17g,CS,6,15.72,,
111179971,Other Grocery,Birds Strawberry Trifle Flavour Mix  141g,CS,10,18,,
103282602,Breakfast Cereals & Muesli,Quakers Oats So Simple Apple & Blueberry 57g,CS,8,6.3,,
100495338,"Rice, Pasta & Noodles",Cheesey Pasta 190g,CS,12,18,,
113278754,Other Grocery,M Natural Marzipan 500g,CS,7,16.8,,
112450719,Other Grocery,Harringtons Poultry In Gravy Adult Cat 12x85g,CS,6,21.42,,
115322245,Alcohol,Buzzballz Passionfruit Martini 20cl (13.5%),CS,12,27.6,,
112040146,Household Paper & Disposables,Kleenex Collection Tissues Cube 48pk,CS,12,6.25,,
105712821,Other Grocery,M Cooking Salt 1.5kg,CS,6,6,,
114803080,"Condiments, Sauces & Chutneys",Daddies Tomato Ketchup 685g,CS,8,16,,
106021838,Other Grocery,Rockstar Xdurance Performance Energy 500ml,CS,12,7.65,,
100490713,Other Grocery,Heinz Lentil Soup 400g,CS,24,32.4,,
100490676,Other Grocery,Heinz Cream of Mushroom Soup 400g,CS,24,25.4,,
100465446,"Condiments, Sauces & Chutneys",Heinz Spaghetti in Tomato Sauce 400g,CS,24,23,,
113838782,"Tea, Coffee & Sweeteners",M Best Colombian Instant Coffee 100g,CS,6,15,,
115701501,Other Grocery,Black Folding Umbrella,CS,10,22,,
115162691,Other Grocery,M Kitchen Foil 10mx300mm,CS,25,25,,
115595497,Snacks & Crisps,Space Raiders Pickled Onion Crisps 70g £1.35 PMP,CS,20,13.5,,
111187568,Other Grocery,Harringtons Mixed Selection Box 6x400g,CS,1,5.6,,
114881011,Other Grocery,M Comfort Pads Normal 12pk,CS,16,11.84,,
111739588,Alcohol,M Best Vinho Verde Loureiro Wine 75cl (10%),CS,6,27.9,,
113773683,Alcohol,M Best Montagne St Emilion 75cl (13.5%),CS,6,46.2,,
114840593,Alcohol,M Best Fitou 75cl (13.5%),CS,6,35.7,,
111504252,Alcohol,Charles De Villers Champagne Brut 75cl (12.5%),CS,6,94.5,,
109350426,Alcohol,M Best Gran Reserva Rioja 75cl (14%),CS,6,61.2,,
108120047,Alcohol,M Best Amarone 75cl (14.5%),CS,6,83.4,,
112651772,Alcohol,M Best French Viognier 75cl (13.5%),CS,6,38.1,,
101725393,Alcohol,QC Cream 70cl (15%),CS,6,31.8,,
113063921,Alcohol,Glenfiddich 12 Year Old Malt Whisky 35cl (40%),CS,6,91.8,,
101731507,Alcohol,Gonzales Byass Tio Pepe Fino 75cl (15%),CS,6,57.6,,
101707339,Alcohol,Baileys Irish Cream 1l (17%),CS,6,110.1,,
104288803,Alcohol,Cockburns Special Reserve Port 75cl (20%),CS,6,76.5,,
101711881,Alcohol,Eisberg Cabernet Sauvignon 75cl (0%),CS,6,13.8,,
104623608,Alcohol,Freixenet Cordon Negro 75cl (11.5%),CS,6,42.6,,
101716999,Alcohol,Eisberg Chardonnay 75cl (0%),CS,6,13.8,,
115726952,Alcohol,Glens Vodka 1l (37.5%),CS,12,203.52,,
113143163,Other Grocery,Hipp Organic Banana Yogurt 125g,CS,6,4.8,,
114276574,Other Grocery,Milkybar Easter Egg 72g,CS,12,9,,
112942123,Snacks & Crisps,Go Ahead R/berry Crispy Fruit Snack Bars 4x44g,CS,22,26.18,,
114510324,Other Grocery,Ice Scraper With Soft Grip Handle,CS,12,12.6,,
112536900,Other Grocery,Tago Wafer Rolls Cocoa Filling 260g,CS,12,15.36,,
113385306,Other Grocery,McVities Family Circle 400g,CS,10,32,,
113107664,Energy Drinks,Monster Ultra 9x500ml,CS,2,13.25,,
113662625,Soft Drinks & Juice,Lindt Milk Chocolate Mini Eggs 80g,CS,24,30,,
112609312,Other Grocery,M Fairy Cake Kit 230g,CS,7,6.3,,
115187434,"Tea, Coffee & Sweeteners",Kenco 2 In 1 Smooth White Coffee 8x99.2g,CS,12,23.04,,
100219106,Other Grocery,Haribo Starmix 16g,CS,100,10,,
113134515,"Condiments, Sauces & Chutneys",M Light Mayonnaise Top Down Squeezy 500ml,CS,12,11.4,,
111871212,Other Grocery,Harringtons Dog Poultry Selection Box 6x400g,CS,1,5.6,,
114559081,Other Grocery,Cadbury Dairy Milk Mini Filled Egg Bag 77g,CS,23,20.7,,
115671031,Soft Drinks & Juice,Pepsi Regular 500ml,CS,12,9.84,,
108560421,Other Grocery,M Best Guatemalan Ground 227g,CS,6,20.7,,
113005967,Other Grocery,Cadbury Creme Egg Mini Filled Egg Bag 78g,CS,13,11.05,,
115113697,Other Grocery,Crosse And Blackwell Chilli Bean Soup 400g,CS,6,6.66,,
111571949,Other Grocery,Naked Noodle Japanese Teriyaki Noodle Pot 78g,CS,6,5.52,,
109849286,Soft Drinks & Juice,Kitkat Chunky White Chocolate 4x160g,CS,32,37.12,,
115015544,Snacks & Crisps,Wheat Crunchies Bacon Crisps 70g,CS,16,14.72,,
108867909,Other Grocery,Dr Oetker Fine Dark Cocoa Powder 190g,CS,3,11.1,,
112784381,Soft Drinks & Juice,Skinny Whip Toffee & Chocolate Bars 5x100g,CS,10,8.4,,
112782254,Soft Drinks & Juice,Skinny Whip Mint & Dark Chocolate Bars 5x100g,CS,10,8.4,,
101794954,Other Grocery,Mountain Dew Citrus Blast 500ml,CS,12,11.28,,
115671621,Soft Drinks & Juice,7UP Zero Pink Lemonade 500ml,CS,12,9,,
115671040,Other Grocery,7UP Zero 500ml,CS,12,9,,
100512450,"Tea, Coffee & Sweeteners",Tilda Steamed Lime & Coriander Basmati Rice 250g,CS,6,5.22,,
115776183,Other Grocery,Kitkat F1 Pouch 55g,CS,12,11.4,,
100512257,"Rice, Pasta & Noodles",Tilda Basmati Rice 500g,CS,10,19,,
110989825,Alcohol,Old El Paso Crunchy Original Tortilla Nachips 185g,CS,5,6.9,,
112918650,Other Grocery,Blue Dragon Thai Red Curry Paste 170g,CS,6,11.1,,
105615044,"Tea, Coffee & Sweeteners",Tilda Steamed Basmati Coconut Rice 250g,CS,6,5.22,,
111717506,Other Grocery,Napolina Fusilli 500g,CS,12,13.56,,
115664309,Other Grocery,Laffy Taffy Sour Apple Rope 23g,CS,24,8.4,,
111717477,Other Grocery,Napolina Penne 500g,CS,12,13.56,,
115185965,Other Grocery,McVities Victoria Selection 245g,CS,7,20,,
112711296,"Rice, Pasta & Noodles",Organix Apple Rice Cake Clouds 40g,CS,6,7.44,,
106686573,Other Grocery,Napolina Spaghetti 500g,CS,24,27.6,,
114240918,Snacks & Crisps,Belvita Breakfast Choc Chips Soft Bakes 5x250g,CS,6,14.4,,
113787911,"Condiments, Sauces & Chutneys",Filippo Berio Classic Pesto 190g,CS,6,12.6,,
104413854,Other Grocery,Old El Paso Taco Shells 156g,CS,8,11.04,,
115779413,Other Grocery,Good Boy Chicken Strips 250g,CS,7,22.75,,
115779421,Other Grocery,Good Boy Pigs in Blankets 220g,CS,6,19.5,,
115664368,Other Grocery,Laffy Taffy Blue Raspberry Rope 23g,CS,24,8.4,,
115779114,Other Grocery,Good Boy Beef Strips 250g,CS,6,19.5,,
113785967,"Condiments, Sauces & Chutneys",Filippo Berio Hot Chilli Pesto 190g,CS,6,12.6,,
115056864,Other Grocery,Applied Nutrition Energy Gel Vimto 60g,CS,20,12.6,,
113121394,"Rice, Pasta & Noodles",Tilda Microwave Peri Peri Basmati Rice 250g,CS,6,5.22,,
111662701,Other Grocery,Barilla Penne Rigate 500g,CS,12,12,,
107480059,"Rice, Pasta & Noodles",Barilla Pasta Lasagne 500g,CS,15,21.75,,
100507301,Other Grocery,Blue Dragon Light Coconut Milk 400ml,CS,6,10.38,,
115056733,Other Grocery,Applied Nutrition Hydration Vimto 20 Tablets 80g,CS,6,15.6,,
115286336,Alcohol,Oxford Landing Rose 75cl (10.5%),CS,6,27,,
112291594,Alcohol,Stowford Press Apple Cider 10x440ml (4.5%),CS,2,13.56,,
104792997,Other Grocery,M Vegetable Soup 400g,CS,12,7.8,,
103938018,Other Grocery,Batchelors Cup a Soup Chicken 81g,CS,9,12.06,,
100490588,Other Grocery,Heinz Oxtail Soup 400g,CS,24,32.4,,
100486896,Other Grocery,Opies Capers in Spirit Vinegar 180g,CS,6,9.42,,
107514301,Snacks & Crisps,M Twisters Chicken Dog Snacks 140g,CS,14,6.02,,
105154410,"Condiments, Sauces & Chutneys",Franks Red Hot Wings Sauce Buffalo 148ml,CS,6,8.82,,
115430975,Other Grocery,Walkers Prawn Cocktail Nhfss 6x25g,CS,30,48,,
115114593,Soft Drinks & Juice,Rubicon Sparkling Mango 8x330ml,CS,3,8.97,,
113909641,Other Grocery,Heinz Spaghetti & Sausages 400g,CS,24,34.5,,
100496429,Other Grocery,Filippo Berio Olive Oil 500ml,CS,6,30,,
113227404,"Tea, Coffee & Sweeteners",Tetley Tea Bags Soft Pack 160pk,CS,6,24.72,,
100464911,Other Grocery,Napolina Tomato Passata 500g,CS,12,10.32,,
114580824,Other Grocery,Bazooka Big Baby Pop,CS,12,9.48,,
115756220,Soft Drinks & Juice,Neutonic Productivity Drink Tropical Ice 330ml,CS,12,22.8,,
114479110,Alcohol,Gordons Pink Gin 35cl (37.5%),CS,6,52.2,,
107513691,Other Grocery,M Meat Filled Bone 200g,CS,14,6.72,,
113193574,Other Grocery,M Wild Bird Fat Balls 50pk,CS,1,4,,
103941209,Other Grocery,Batchelors Cup a Soup Tomato 93g,CS,9,12.06,,
107287275,Other Grocery,Appletiser 750ml,CS,6,14.16,,
102865638,"Rice, Pasta & Noodles",Heinz Peppa Pig Pasta Shapes 205g,CS,12,8.4,,
115316929,Alcohol,Vimto Fizzy Original 8x330ml,CS,3,6.66,,
113789618,Sugar & Baking,M No Added Sugar Tropical Crush 2l,CS,8,5.28,,
113892771,Pet Food,M Meaty Strips with Beef Pet Food 200g,CS,12,5.52,,
115276154,Other Grocery,M Lemon Quad Concentrate Squash 1.5l,CS,8,9.84,,
115727841,Other Grocery,Celsius Strawberry & Watermelon 335ml,CS,12,9.35,,
115422449,Other Grocery,M Valentines Metal Heart Keyring,CS,8,8,,
115713182,Soft Drinks & Juice,Diet Coke Cherry 500ml,CS,12,10.49,,
111441001,Other Grocery,Fever-Tree Mexican Lime Soda 500ml,CS,8,10.8,,
100496402,Alcohol,Filippo Berio Extra Virgin Olive Oil 500ml,CS,6,30,,
115202112,Other Grocery,M Complete Grain Free Adult Variety Pack 12x150g,CS,1,4.49,,
115316363,Soft Drinks & Juice,Rubicon Sparkling Cherry Burst 2l,CS,6,9,,
113593720,Other Grocery,M Meaty Rolls 500g,CS,5,4.75,,
100465999,Other Grocery,Heinz Spaghetti Bolognese 400g,CS,24,34.5,,
109074767,Other Grocery,Princes Beef Stew 392g,CS,6,12.12,,
100496939,Other Grocery,Saxa Table Salt Plastic 750g,CS,12,16.8,,
100234242,Other Grocery,Dole Tropical Fruit in Juice 4x113g,CS,3,6,,
115056629,Other Grocery,M Grain Free Chicken & Veg Senior Dog Tray 395g,CS,7,5.46,,
113892906,Snacks & Crisps,M Joint Care Large Dog Snacks 151g,CS,14,6.72,,
115731153,Other Grocery,Trip Mindful Blend R/berry & Orange Blossom 330ml,CS,12,15,,
100249153,Sugar & Baking,Robinsons Summer Fruits No Added Sugar 1l,CS,12,11.25,,
100249049,Sugar & Baking,Robinsons Orange No Added Sugar 1l,CS,12,11.25,,
100249081,Sugar & Baking,Robinsons Apple & Blackcurrant No Added Sugar 1l,CS,12,11.25,,
114760180,Other Grocery,Cadbury Dairy Milk Daim Mini Filled Eggs 77g,CS,24,21.6,,
115539962,Alcohol,Jura 12yo Malt 70cl (40%),CS,6,171,,
113051787,Alcohol,Wray & Nephew Overproof White Rum 70cl (63%),CS,6,147.3,,
115456518,Alcohol,Buzzballz Biggies Strawberry Rita 1.75l (13.5%),CS,3,48.6,,
114500863,Alcohol,Jj Vodka Raspberry 1L (32%),CS,6,102.36,,
105572937,Alcohol,M Best Brandy XO 70cl (40%),CS,6,84,,
112614390,Alcohol,Jura 14 Year Old 70cl (40%),CS,6,176.7,,
114085516,Alcohol,Jose Cuervo Especial Silver Tequila 70cl (35%),CS,6,87,,
113041036,Alcohol,El Jimador Tequila Blanco 70cl (38%),CS,6,109.5,,
115460218,Alcohol,Sourz Lemon & Lime 700ml (14.9%),CS,6,49.8,,
115456260,Alcohol,Buzzballz Biggies Tequila Rita 1.75l (13.5%),CS,3,48.6,,
112614453,Alcohol,Jura Rum Cask 70cl (40%),CS,6,172.8,,
108558866,Other Grocery,Cairngorm Brewery Trade Winds 500ml (Scot Only),CS,8,12.4,,
115365721,Other Grocery,Applied Nutrition Sparkling Water Orange 330ml,CS,12,12.96,,
115286555,Soft Drinks & Juice,Applied Nutrition Abe Powder Cherry Cola 250g,CS,6,66,,
115727955,Other Grocery,Celsius Mango & Lemon 4x335ml,CS,6,21.9,,
115056611,Soft Drinks & Juice,Applied Nutrition Protein Powder Chocolate 450g,CS,6,54,,
115727787,Other Grocery,Celsius Raspberry & Peach 4x335ml,CS,6,21.9,,
114016553,Other Grocery,Novo Protein Pops Sour Cream And Onion 45g,CS,6,5.58,,
115056805,Other Grocery,Applied Nutrition Creatine Strawb & Raspberry 250g,CS,6,54,,
114015518,Other Grocery,Novo Protein Pops Sweet Chilli 45g,CS,6,5.58,,
113781991,Other Grocery,Doritos Nacho Cheese Dip 280g,CS,6,9.4,,
115285780,Other Grocery,Applied Nutrition Abe Shot Blue Lagoon 60ml,CS,12,13.68,,
115319441,Soft Drinks & Juice,M Best Blood Orange Sparkling Drink 4x330ml,CS,6,13.92,,
115045840,Other Grocery,M Drawstring Swing Bin Liners 50l 30pk,CS,12,11.28,,
115056670,Other Grocery,Applied Nutrition Creatine Powder Unflavoured 250g,CS,6,54,,
114015454,Other Grocery,Novo Barbecue Protein Pops 45g,CS,6,5.58,,
115056830,Other Grocery,Applied Nutrition Protein Powder Vanilla 450g,CS,6,54,,
115292103,Other Grocery,Applied Nutrition Energy Gel Lemon & Lime 60g,CS,20,14,,
115211043,Other Grocery,Amos 4D Fruits Gummy Strawberry Burst 85g,CS,20,12.4,,
115221461,Other Grocery,Amos Peelerz Gummy Banana 85g,CS,20,12.4,,
115286643,Other Grocery,Applied Nutrition Abe Powder Icy Blue Raz 250g,CS,6,66,,
115285907,Other Grocery,Applied Nutrition Hydration Lemon & Lime 20pk,CS,6,17.4,,
111776514,Other Grocery,Kallo Beetroot Veggie Cakes 122g,CS,6,12,,
110778067,"Rice, Pasta & Noodles",Kallo B/berry Vanilla Rice & Corn Cakes 131g,CS,6,10.8,,
115672801,Other Grocery,Grenade HProtein LS Bar Creme Egg 45g Clipstrip,CS,18,24.3,,
114859737,Other Grocery,M Tampons Non-Applicator Regular 24pk,CS,12,14.4,,
114210971,Other Grocery,Novo Protein Pops Salt And Vinegar 45g,CS,6,5.58,,
114089584,Alcohol,Jose Cuervo Especial Reposado Tequila 70cl (35%),CS,6,87,,
100261654,Other Grocery,Doritos Hot Salsa Dip 300g,CS,6,9.4,,
106148177,Other Grocery,Bahlsen Pick Up Biscuits 140g,CS,14,24.5,,
115727568,Other Grocery,Celsius Kiwi Guava & Lime 335ml,CS,12,10.2,,
115727904,Other Grocery,Celsius Mango & Lemon 335ml,CS,12,9.35,,
115727699,Other Grocery,Celsius Raspberry & Peach 335ml,CS,12,9.35,,
115674654,Alcohol,Felix Original Chicken Jelly Wet Food Pouch 85g,CS,26,9.1,,
114060870,Alcohol,Bens Original Chicken & Mushroom Risotto 250g,CS,6,15.12,,
115776423,Other Grocery,Kitkat F1 ICON Car 29g,CS,30,17.75,,
108347532,Alcohol,Kenco Millicano Americano Original 100g,CS,6,24.2,,
114052458,Alcohol,Bens Original Mexican Style Grains & Rice 220g,CS,6,15.12,,
110620737,Alcohol,Bacardi Spiced 1l (35%),CS,6,106.5,,
113682773,Alcohol,Hennessy VS 70cl (40%),CS,6,185.7,,
115439671,Soft Drinks & Juice,Ferrero Rocher Block 70% Dark Chocolate 90g,CS,8,14.48,,
115221399,Other Grocery,Amos 4D Gummy Block 96g,CS,20,12,,
107491487,Other Grocery,Pukka Supreme Matcha Green Sachets 20pk,CS,4,12,,
115366416,Breakfast Cereals & Muesli,Applied Nutrition Porridge Pot Golden Syrup 60g,CS,12,13.92,,
112572951,Other Grocery,Wagg Adult Complete Beef 12kg,CS,1,10.7,,
115569660,Other Grocery,Myprotein Delicious Protein Bar Caramel Nut 65g,CS,12,14,,
115605106,"Rice, Pasta & Noodles",Laila Garlic & Butter Rice 250g,CS,6,4.56,,
100843101,Other Grocery,Ellas Banana Brekkie 100g,CS,6,6.9,,
112573031,Other Grocery,Wagg Adult Complete Chicken 12kg,CS,1,10.7,,
110079776,Other Grocery,M Organic Chick Peas in Water 400g,CS,12,8.04,,
114704997,Other Grocery,Samyang Cheese Buldak Hot Chicken Cup 70g,CS,6,7.8,,
100218138,Sugar & Baking,Hartleys Low Sugar Orange Jelly 115g,CS,12,7.8,,
115365624,Other Grocery,Applied Nutrition Sparkling Water Apple 330ml,CS,12,12.96,,
115366387,Soft Drinks & Juice,Applied Nutrition Porridge Oats Pot Chocolate 60g,CS,12,13.92,,
115767105,Energy Drinks,Monster Viking Berry 500ml,CS,12,13.32,,
113305484,"Tea, Coffee & Sweeteners",Twinings Superblends Matcha Tea Bags 20x40g,CS,4,10.8,,
115221410,Other Grocery,Amos 4D Fruits Gummy Peach Burst 85g,CS,20,12,,
115691331,Other Grocery,Kitkat 2 Finger Hazelnut 8x20.7g,CS,20,32.4,,
115740033,Other Grocery,Colgate Triple Action Toothpaste 75ml,CS,12,11.16,,
113042207,Alcohol,Malibu Strawberry Daiquiri 25cl (5%),CS,12,18.36,,
114817140,Alcohol,M Passion Star Martini 250ml (3.4%),CS,12,6,,
115690216,Other Grocery,M Tie Handle Waste & Pedal Bin Liners 25l 30pk,CS,20,14,,
115089181,Alcohol,Au Vodka Pineapple Crush 330ml (5%),CS,12,22.68,,
115779456,Other Grocery,Applied Nutrition Protein Wafer Choc Caramel 40g,CS,12,13.68,,
115078158,Alcohol,Tennents Light Lager 10x440ml (Scot Only),CS,1,7.15,,
104029019,Alcohol,Malibu & Cola Can 250ml (5%),CS,12,18.36,,
115830477,Other Grocery,Gumi Yum Surprise Egg Wildlife White 22g,CS,18,15.12,,
100887841,Alcohol,Nescafe Original 300g,CS,6,59.4,,
111833831,Alcohol,Nescafe Original Decaff Coffee 300g,CS,6,57.3,,
111001962,Alcohol,Guinness Foreign Extra Stout 600ml (7.5%),CS,12,34.8,,
115764625,Snacks & Crisps,Applied Nutrition Protein Chips Salt & Vinegar 50g,CS,7,7.98,,
105766256,Other Grocery,Colgate Toothpaste Cavity Protect 75ml,CS,12,12.84,,
113163367,Other Grocery,Oral-B Essential Dental Floss Mint 50m,CS,12,15,,
114029055,Other Grocery,Rose Confectionery Mixed Character Sprays 60ml,CS,12,6.24,,
101714387,Alcohol,Magners Irish Cider Original Apple 568ml (4.5%),CS,12,18,,
111728424,"Condiments, Sauces & Chutneys",Nandos Sweet Chilli Jam 285g,CS,6,7.8,,
115023712,Alcohol,Au Vodka Pink Lemonade 330ml (5%),CS,12,22.68,,
111041631,Alcohol,Old Mout Kiwi & Lime 500ml (4%),CS,6,10.2,,
112396281,Alcohol,Brewdog Elvis Juice 440ml (6.5%),CS,12,21.84,,
111125009,Alcohol,Funkin Nitro Cocktail S/berry Daiquiri 200ml (5%),CS,12,16.2,,
115834099,Other Grocery,Knoppers Nutbar 40g,CS,24,14.4,,
111041614,Alcohol,Old Mout Cider Berries & Cherries 500ml (4%),CS,6,10.2,,
114003373,Other Grocery,M LED GLS A60 806 Lumens 7.3W BC 2700K Dim 2pk,CS,4,8,,
115779464,Other Grocery,Applied Nutrition Protein Wafer Choc Peanut 40g,CS,12,13.68,,
115668705,Alcohol,Ariel Original All-In-1 Pods Washing Capsules 15w,CS,4,11,,
115755809,Soft Drinks & Juice,Pepsi Max Tropical 500ml,CS,12,9.48,,
113222769,Alcohol,Hobgoblin IPA 500ml (5%),CS,8,12,,
115669898,Laundry & Fabric Care,Fairy Fabric Conditioner 29W 899ml,CS,12,19,,
115078238,Alcohol,Tennents Light Lager 4x440ml (Scot Only),CS,6,17.4,,
115762611,Soft Drinks & Juice,Pepsi Max Tropical 2l,CS,8,9.9,,
114616057,Alcohol,Strongbow Strawbery 4x44cl (4%),CS,6,27.18,,
114477430,Alcohol,Aspall Crisp Apple Cyder 4x330ml (4.5%),CS,6,22.68,,
114302349,Alcohol,Thatchers Juicy Apple Cider 500ml (4%),CS,6,9,,
113151905,Alcohol,Kingfisher 650ml (4.5%),CS,12,21,,
115439582,Other Grocery,Kinder Bueno Dark Twin Finger Bar 43g,CS,30,19,,
115776360,Other Grocery,Aero Bubble Caramel Pouch 92g,CS,8,6.65,,
114853124,Other Grocery,Hi Chew Tropical Mix 100g,CS,6,7.44,,
113059244,Ready Meals & Prepared Food,Wagamama Chicken Ramen Meal Kit 150g,CS,6,14.7,,
115714417,Other Grocery,Tampax Pearl Tampons Super Plus 22pk,CS,3,9.33,,
115722396,Other Grocery,Tampax Compak Pearl Tampons Regular 20pk,CS,4,11.2,,
113872147,"Condiments, Sauces & Chutneys",Dolmio Meatballs Pasta Sauce Tomato & Basil 450g,CS,6,10.5,,
113439458,Alcohol,La Vieille Ferme Rosa 1.5l (12.5%),CS,6,64.2,,
115852191,Alcohol,Amstel 10x440ml (3.4%),CS,1,5.3,,
115776247,Other Grocery,Kitkat 4finger Cookie Dough 41.5g,CS,24,15.84,,
115722484,Other Grocery,Tampax Pearl Tampons Super 22pk,CS,3,9.33,,
115776482,Other Grocery,Aero Bubble Orange Pouch 92g,CS,8,6.65,,
115546636,Other Grocery,M Special Flakes & Red Berries 375g,CS,12,20.16,,
103275550,"Condiments, Sauces & Chutneys",Dolmio Stir In Sun Dried Tomato Sauce 150g,CS,7,10,,
115776394,Other Grocery,Munchies Salted Caramel Fudge Share Bag 97g,CS,8,6.65,,
114557595,Other Grocery,Maynard Bassetts Jelly Babies Chicks 130g,CS,10,6.7,,
113988393,Soft Drinks & Juice,Eat Natural Protein Peanuts & Chocolate 40g,CS,12,6.25,,
112431008,Other Grocery,M PVC Free Cling Film 75m,CS,25,30.25,,
115708308,Alcohol,Fairy Original Dishwasher Tablets Lemon 22pk,CS,6,20.16,,
115707090,Alcohol,Fairy Platinum Plus Dishwasher Tabs Original 36pk,CS,5,33.8,,
115668465,Other Grocery,Bold All-In-1 Liquid Capsule Spring Awakening 15W,CS,4,11.3,,
115670477,Other Grocery,Lenor Spring Awakening 29W 899ml,CS,12,26.4,,
115668191,Other Grocery,Fairy Non Bio Liquid Capsule Sensitive Skin 22W,CS,4,15,,
115531637,Household Cleaning,Ecover Toilet Cleaner  750ml,CS,8,10.4,,
115668676,Other Grocery,Fairy Non Bio Pods Washing Liquid Capsules 15W,CS,4,11,,
115894649,Alcohol,Fosters Larger 10x440ml (3.4%),CS,1,5.3,,
115868352,Alcohol,Fosters Lager Can 568ml (3.4%),CS,6,22.25,,
115781265,Soft Drinks & Juice,Coca-Cola Cherry Vanilla Float 500ml,CS,12,16.68,,
108862518,Other Grocery,Robertsons Golden Shred 454g,CS,6,12.72,,
114853087,Other Grocery,Hi Chew Berry Mix 100g,CS,6,7.44,,
115781151,Soft Drinks & Juice,Coca-Cola Zero Cherry Vanilla Float 500ml,CS,12,10.49,,
115868643,Alcohol,Fosters Lager Beer 18x440ml (3.4%),CS,1,11,,
111928021,Other Grocery,Bic Evolution Fluo HB Pencil Set,CS,25,28,,
115747235,Energy Drinks,Red Bull Cherry Edition 250ml,CS,12,12.38,,
115894446,Alcohol,Fosters Lager 4x440ml (3.4%),CS,6,17,,
109730891,Other Grocery,Cadbury Dairy Milk Oreo 120g,CS,17,17.95,,
107532841,Other Grocery,M Ultra Clumping Cat Litter 5l,CS,1,1.95,,
113371721,Other Grocery,Kinder Bueno Eggs 80g,CS,21,25.2,,
115236208,Other Grocery,Schwartz Air Fry Chorizo Chicken Recipe Mix 30g,CS,12,8,,
115236267,Other Grocery,Schwartz Air Fry Honey And Garlic Recipe Mix 30g,CS,12,8,,
108630936,"Condiments, Sauces & Chutneys",M Eat Smart Reduced Fat Pesto 190g,CS,6,3.6,,
115737651,Other Grocery,Costa Standard Instant Smooth 190g,CS,6,39.5,,
110131802,Sugar & Baking,McDougalls Plain Flour 1.1kg,CS,10,9.8,,
110131837,Sugar & Baking,McDougalls Self Raising Flour 1.1kg,CS,10,9.8,,
115922056,Other Grocery,Made to Share Shipper,CS,17,210,,
115840675,Soft Drinks & Juice,Diet Coke 2l Bottle £1.99 PMP,CS,6,6.3,,
115513287,Other Grocery,M Passata 500g,CS,16,11.2,,
111760272,"Condiments, Sauces & Chutneys",Wagamama Pad Thai Stir Fry Sauce 120g,CS,12,8.3,,
114700494,Snacks & Crisps,Butterkist Sweet Popcorn 6x12g,CS,8,8,,
115779122,Other Grocery,Good Boy Chicken & Hide Twists 220g,CS,6,19.5,,
115172558,"Condiments, Sauces & Chutneys",Paper Jam 10 Colour Pen Assorted Character,CS,12,11.52,,
115765409,Other Grocery,Snickers 4pk 160g,CS,22,32.71,,
113872171,"Condiments, Sauces & Chutneys",Dolmio Pasta Bake Sauce Carbonara 430g,CS,6,10.5,,
111563640,"Tea, Coffee & Sweeteners",Costa Mocha Italia S/Blend Coffee Beans 200g,CS,5,15.9,,
115765636,Other Grocery,Mars Bar 40g,CS,48,22.16,,
115764481,Other Grocery,Snickers Bar 40g,CS,48,22.16,,
115319919,Alcohol,Gordons Lemon Meringue 70cl (35%),CS,6,81,,
115782911,Other Grocery,Takis Blue Heat 100g,CS,18,23.5,,
115765572,Other Grocery,Snickers 8pk 276g,CS,11,25.96,,
115783922,Other Grocery,Takis Fuego 100g,CS,18,23.5,,
111760336,"Condiments, Sauces & Chutneys",Wagamama Firecracker Stir Fry Sauce 120g,CS,12,8.3,,
115876512,Other Grocery,Nong Shim Soon Veggie Ramyun 112g,CS,6,6,,
115784061,Other Grocery,Takis Intense Nacho 100g,CS,18,23.5,,
115595104,Other Grocery,M Easter Bunny Ears Headband (Clipstrip),CS,12,10.8,,
115764756,Other Grocery,Snickers Duo 69g,CS,24,19.2,,
115776095,Other Grocery,M&Ms Cookie Dough Pouch 102g,CS,13,13.78,,
115765345,Other Grocery,Mars 8pk 276g,CS,11,25.96,,
115764975,Other Grocery,Mars 4pk 160g,CS,22,32.71,,
115356120,Soft Drinks & Juice,Rubicon Sparkling Tropical 8x330ml,CS,3,8.97,,
115734805,Other Grocery,Nocco Electrolytes Lemon Lime 355ml,CS,12,12.72,,
113829069,Other Grocery,Kenco Millicano Mocha Speciality Tin 250g,CS,6,21.5,,
115765177,Other Grocery,Mars Duo 69g,CS,24,19.2,,
113958661,Other Grocery,Felix Mixed Selection In Gravy 12x85g,CS,4,11.92,,
115876539,Other Grocery,Nongshim Shin Ramyun Spicy Chicken Flavour 120g,CS,6,6,,
100202638,Other Grocery,Walkers Squares Salt & Vinegar 6x22g,CS,15,18.5,,
114700566,Snacks & Crisps,Butterkist Sweet & Salty Popcorn 6x12g,CS,8,8,,
113118021,"Condiments, Sauces & Chutneys",Dolmio Intensify Sauce Garlic & Black Pepper 390g,CS,6,10.5,,
115800518,Other Grocery,Doritos Golden Sriracha 180g,CS,12,23.64,,
115605587,"Rice, Pasta & Noodles",Laila Chilli & Lime Rice 250g,CS,6,5.64,,
115755649,Other Grocery,Tango Thirst Trap 500ml,CS,12,9.48,,
115802610,Other Grocery,Sour Patch Kids Fruit Mix 120g,CS,10,8.4,,
102506213,Other Grocery,Nivea for Men Shower Gel Energy 250ml,CS,6,4.5,,
115242229,Other Grocery,Nivea Protect & Care Shower Gel 250ml,CS,6,4.5,,
115803292,Alcohol,Sour Patch Kids Original 120g,CS,10,8.4,,
109730875,Other Grocery,Cadbury Dairy Milk Caramel 120g,CS,16,17,,
114862389,Other Grocery,Deliciously Ella P/Butter Breakfast Bakes 150g,CS,6,14.1,,
109730859,Other Grocery,Cadbury Dairy Milk 110g,CS,21,22.22,,
114808315,Other Grocery,Tango Eezy Freezzy Mango & Orange Ice Pop 10x500ml,CS,18,16,,
114482335,Other Grocery,Surf Concentrated Liquid Coconut Bliss 44W 1.188l,CS,5,12.6,,
114802204,Other Grocery,Cadbury Dairy Milk Biscoff 105g,CS,19,20,,
115690355,Soft Drinks & Juice,Cadbury Timeout Orange Chocolate Wafer Bars 5x90g,CS,13,13.65,,
115803209,Alcohol,Maynards Bassetts Wine Gums 130g,CS,10,6.5,,
115750987,Other Grocery,Tango Thirst Trap 8x330ml,CS,3,7,,
115803170,"Rice, Pasta & Noodles",Maynards Bassetts Liquorice Allsorts 130g,CS,10,6.5,,
114774864,Soft Drinks & Juice,Coca-Cola Zero 2l Bottle,CS,6,6.3,,
115803268,Other Grocery,Maynards Bassetts Jelly Babies 130g,CS,10,6.5,,
113901892,"Rice, Pasta & Noodles",Shin Ramyun Noodles 120g,CS,6,6,,
115751357,Other Grocery,Tango Thirst Trap 2l,CS,8,8.8,,
115242114,Other Grocery,Nivea Power Fresh Shower Gel 250ml,CS,6,4.5,,
108223791,Other Grocery,Goddards Long Term Silver Polish Cloth 1pk,CS,12,15.12,,
113865369,Other Grocery,Holographic Bag Bottle,CS,12,4.2,,
108737135,Other Grocery,Cif Power & Shine Kitchen 700ml,CS,6,9.12,,
114783234,Soft Drinks & Juice,Dragon Soop Mango Pink Lemonade 500ml £3.49 PMP,CS,8,18.88,,
114783277,Other Grocery,Dragon Soop Oranges & Lemons 500ml £3.49 PMP,CS,8,18.88,,
115947085,Energy Drinks,Monster Viking Berry 500ml £1.85 PMP,CS,12,11.28,,
115845468,Other Grocery,Doritos Chilli Heatwave 44g,CS,32,20,,
110277326,Other Grocery,Sellotape Sticky Tack,CS,12,7.2,,
115363143,Alcohol,Brewdog Naughty Lister 8x330ml (4.3%),CS,1,7.75,,
113654756,Other Grocery,Cadbury Dairy Milk & More Nutty Praline Crisp 180g,CS,15,31.8,,
113867268,Other Grocery,Eat Natural Cranberry Macadmia & Dark Choc 120g,CS,12,15.6,,
109026319,Other Grocery,Santa Maria Green Jalapenos 200g,CS,8,7.2,,
114774696,Soft Drinks & Juice,Coca-Cola Zero Cherry 2l Bottle,CS,6,6.3,,
113654684,Other Grocery,Cadbury Dairy Milk & More Caramel Nut Crunch 200g,CS,15,31.8,,
115947122,Energy Drinks,Monster Energy Zero Sugar 500ml £1.75 PMP,CS,12,10.68,,
113416678,Other Grocery,Dragon Soop Dark Fruit Punch 500ml £3.29 PMP,CS,8,16.8,,
115776511,Other Grocery,Kitkat Chunky Caramel F1 40g,CS,24,14.88,,
115145752,Other Grocery,Fruit-tella Berries And Cherries 300g,CS,6,8.66,,
115745521,Other Grocery,Nivea Men Hydrocare Face Wash 100ml,CS,6,16.86,,
115947350,Energy Drinks,Monster Monarch 500ml £1.85 PMP,CS,12,11.28,,
112183403,"Rice, Pasta & Noodles",M Short Grain Rice Pudding 1kg,CS,6,9,,
114768000,Alcohol,J.J. Whitley Vodka Blue Raspberry 70cl (32%),CS,6,71.88,,
115802716,Other Grocery,Sour Patch Kids Blue Raspberry 120g,CS,10,8.4,,
115845396,Other Grocery,Doritos Tangy Cheese 44g,CS,32,20,,
115690371,Soft Drinks & Juice,Cadbury Timeout Chocolate Wafer Bars 5pk 90g,CS,13,13.65,,
115802513,Other Grocery,Maynards Bassetts Sports Mix 130g,CS,10,6.5,,
115714054,Other Grocery,Bic Cristal Pastel 3pk,CS,10,14,,
115803381,Other Grocery,Cadbury Eclairs 110g,CS,12,7.08,,
109727490,Other Grocery,Cadbury Dairy Milk Daim Bar 120g,CS,18,19,,
113822844,Alcohol,Strongbow Can 568ml (4.5%),CS,24,28.8,,
115837716,Soft Drinks & Juice,Coca-Cola Zero 500ml,CS,12,11.36,,
115837919,Other Grocery,Dr Pepper Cream Swirl 500ml,CS,12,10.39,,
115838006,Soft Drinks & Juice,Diet Coke 500ml,CS,12,11.36,,
115837804,Soft Drinks & Juice,Coca-Cola 500ml,CS,12,14.04,,
114585289,Alcohol,Magnum Tonic Wine 200ml (16.5%),CS,24,74.4,,
115995191,Alcohol,Bacardi Spiced Rum 70cl (35%) £16.99 PMP,CS,6,72,,
113499768,"Condiments, Sauces & Chutneys",Barilla Pesto Genovese Sauce 190g,CS,12,26.4,,
115803356,Other Grocery,Sour Patch Kids Strawberry 120g,CS,10,8.4,,
101713042,Alcohol,Oxford Landing Chardonnay 75cl (10.5%),CS,6,27.9,,
115534424,"Condiments, Sauces & Chutneys",Frenchs Classic Yellow Mustard 226g,CS,8,10,,
115739526,Other Grocery,Pot Noodle Chicken & Mushroom Block 112g,CS,10,10,,
113415878,Alcohol,Guinness Nitrosurge 4x558ml (4.1%),CS,6,38.4,,
115684511,Other Grocery,Bluey Bubble Wand,CS,12,22.68,,
114026381,Alcohol,Kopparberg Mixed Fruit 12x330ml (4%),CS,1,9.61,,
115678786,Other Grocery,Bluey Soft Ball,CS,12,11,,
116002702,Alcohol,Jack Daniels Tennesse Whisky 70cl (40%) £23.99 PMP,CS,6,97.5,,
111747748,Other Grocery,Robinsons Double Strength Apple & Blackcurrant 1l,CS,12,14.22,,
115739913,Other Grocery,Pot Noodle Bombay Badboy Block 115g,CS,10,10,,
111747887,Other Grocery,Robinsons Double Strength Orange & Pineapple 1l,CS,12,14.22,,
105471482,Other Grocery,Pringles Sour Cream & Onion 40g,CS,12,7.8,,
115034614,Alcohol,Stowford Press Apple Cider 10x440ml,CS,1,6.69,,
115803073,Other Grocery,Sour Patch Kids Watermelon 120g,CS,10,8.4,,
115648966,Other Grocery,Kandy Electric Water Pistol,CS,12,33,,
115995280,Alcohol,Bacardi Carta Blanca W/Rum 20cl (37.5%) £7.29 PMP,CS,12,58.08,,
113495169,"Condiments, Sauces & Chutneys",Barilla Pesto Rosso Sauce 190g,CS,12,26.4,,
115000254,Other Grocery,Surf Liquid Tropical Oasis 24Wx648ml £3.99 PMP,CS,8,11.52,,
111747924,Other Grocery,Robinsons Double Strength Orange 1l,CS,12,14.22,,
115995239,Alcohol,Bacardi Carta Blanca W/Rum 35cl (37.5%) £10.99 PMP,CS,6,43.98,,
107695800,Pet Food,Harringtons Super Premium Wet Dog Food Duck 400g,CS,8,8.4,,
115903859,Alcohol,Maryland Cookies Harry Potter Butterbeer 200g,CS,20,29.4,,
115836191,Energy Drinks,Monster Ultra 558ml,CS,12,14.5,,
115803444,Household Paper & Disposables,M Pure Linen Toilet Roll 4pk,CS,12,12,,
113771012,Other Grocery,England Flag 76x50cm Clipstrip,CS,12,9.96,,
111846201,Alcohol,Kopparberg Gin Strawberry & Lime 250ml (0%),CS,12,7.8,,
115022576,Alcohol,Served Espresso Martini 125ml (14.9%),CS,12,28.32,,
115836078,Energy Drinks,Monster Energy 558ml,CS,12,14.5,,
115966382,Other Grocery,Snickers Off Your Game Mixed Duos Shipper,CS,48,160,,
115803410,Household Paper & Disposables,M Melon Berry Toilet Roll 4pk,CS,12,12,,
114294721,Alcohol,Captain Morgan Spiced With Pepsi Max 330ml (5%),CS,12,16.44,,
112613952,Alcohol,Smirnoff Mango Passion Fruit Lemonade 250ml (4.5%),CS,12,15.6,,
114212440,Other Grocery,Nerds Berries Fruit Candy Gummy Clusters 113g,CS,10,11.8,,
115456198,Alcohol,Dead Mans Fingers Cherry Rum & Cola 250ml (7.3%),CS,12,18,,
115333577,Alcohol,Served Lychee Martini 125ml (14.9%),CS,12,28.32,,
115138835,Soft Drinks & Juice,Biscolata Stixs 40g,CS,12,7.92,,
115929186,Energy Drinks,Monster Pacific Punch 500ml £1.85 PMP,CS,12,11.28,,
115015755,Other Grocery,Volvic Touch Of Mango Passion SF Still Water 750ml,CS,6,5.22,,
115456331,Alcohol,WKD Cherry Ice 700ml (3.4%),CS,6,13.62,,
115705369,Household Paper & Disposables,M Melon Berry Mega Toilet Rolls 6pk,CS,5,10.5,,
115062383,Soft Drinks & Juice,Biscolata Burgers Pouch 40g,CS,18,6.66,,
115022621,Alcohol,Served Spicy Margarita 125ml (14.9%),CS,12,28.32,,
105700644,Other Grocery,M Gravy Granules for Chicken 200g,CS,12,8.76,,
115582258,Soft Drinks & Juice,Lindt Excellence Dark Chocolate Pistachio 100g,CS,20,46.6,,
112976526,Other Grocery,Whiskas 1+ Adult Complete Tuna 800g,CS,5,11.55,,
115756174,Soft Drinks & Juice,Neutonic Productivity Drink Orange Sunrise 330ml,CS,12,20.16,,
114809191,Alcohol,M Bliss On The Beach Cocktail 75cl (8%),CS,6,22.5,,
114816180,Alcohol,M Strawberry Daiquiri 250ml (3.4%),CS,12,6,,
115577205,Alcohol,M Best Caramelised Pineapple Daiquiri 70cl (14%),CS,6,45,,
115765281,Other Grocery,Milky Way Twin 43g,CS,30,19.5,,
115764861,Other Grocery,Twix White Bar 46g,CS,30,21.3,,
114816243,Alcohol,M Pink Gin & Lemonade 250ml (3.4%),CS,12,6,,
115577264,Alcohol,M Best Margarita 70cl (14%),CS,6,45,,
115551347,Snacks & Crisps,M Best Chinese Salt & Pepper Ridge Crisps 125g,CS,12,11.04,,
114822504,Alcohol,M Vodka Lime & Lemonade 250ml (3.4%),CS,12,6,,
115772086,Other Grocery,Doritos Flamin Hot Nacho Cheese 163g,CS,9,12.5,,
114838629,Other Grocery,Chupa Chups Best Of 10 Lollies 120g,CS,24,22.32,,
114811864,Alcohol,M Cosmopolitan Cocktail 75cl (8%),CS,6,22.5,,
115843403,Other Grocery,Cadbury Dairy Milk & More Biscoff 195g,CS,15,32,,
115823411,Other Grocery,Fanta Grape 500ml,CS,12,11.09,,
112722585,Alcohol,Lucozade Alert Original Energy Drink 500ml,CS,12,10.2,,
115577176,Alcohol,M Best Passion Fruit Martini 70cl (14%),CS,6,45,,
113729623,Other Grocery,Nivea Sun SPF 50+ Lotion 200ml,CS,6,29.7,,
114335466,Alcohol,Fireball 35cl (33%),CS,12,72.2,,
114822424,Alcohol,M Passion Fruit Martini Cocktail 75cl (8%),CS,6,22.5,,
115800526,Alcohol,Pub Originals BBQ Pork Crunch 30g,CS,24,13.92,,
115764617,Other Grocery,Twix Extra White,CS,24,19.09,,
115750952,"Tea, Coffee & Sweeteners",Lipton Iced Tea Tropical 500ml,CS,12,10.05,,
115748123,Other Grocery,Volvic Touch Of Cherry Still SF Water 750ml,CS,6,5.22,,
113187182,Other Grocery,Buzz Dish Cloth 2pk,CS,12,6,,
114821843,Alcohol,M Pina Colada 250ml (3.4%),CS,12,6,,
114821923,Alcohol,M Gin & Diet Tonic 250ml (3.4%),CS,12,6,,
114816307,Alcohol,M Spiced Rum & Cola 250ml (Abv 3.4%),CS,12,6,,
115988021,"Condiments, Sauces & Chutneys",Hellmanns Buffalo Ranch Sauce 430ml,CS,8,14.5,,
113695064,Other Grocery,Cadbury Mini Animals Biscuits 96.5g,CS,8,8.4,,
113100323,Other Grocery,Robinsons NAS Double Strength Summer Fruits 1l,CS,12,14.22,,
115935682,Other Grocery,Tango Zerod Sour Tropical 4x330ml,CS,6,9,,
115935800,Other Grocery,Tango Zerod Sour Watermelon 4x330ml,CS,6,9,,
115451531,Other Grocery,Nutmeg Home Farmers Market Hexagon Candle,CS,4,8.64,,
115506212,Other Grocery,Sistema Klip It Plus Food Storage 2.2l,CS,4,16,,
115714097,Snacks & Crisps,Lorenz Crunchips Onion 130g,CS,12,17.4,,
113679902,Other Grocery,Shoot Football Shipper,CS,12,12,,
107570003,Other Grocery,Ko-Lee Instant Noodle Chicken Green Curry 85g,CS,22,10.56,,
113148538,Other Grocery,Indus Tandoori Masala 100g,CS,10,5.5,,
112165504,Other Grocery,Lucozade Alert Cherry Blast 500ml,CS,12,10.2,,
109619448,"Rice, Pasta & Noodles",Indo Mie Instant Noodles mi Goreng 80g,CS,12,5.88,,
115987992,"Condiments, Sauces & Chutneys",Hellmanns Blue Ranch Sauce 430ml,CS,8,14.5,,
115605190,"Rice, Pasta & Noodles",Laila Pilau Rice 250g,CS,6,4.56,,
115737361,Other Grocery,Lucozade Energy Zero Grafrutti 900ml,CS,12,14.16,,
111107476,Energy Drinks,Walkers Monster Munch Giants Pickled Onion 85g,CS,9,11,,
115737483,Other Grocery,Ribena Summer Fruits 850ml,CS,12,17,,
115709298,Other Grocery,Indus Chilli Powder 100g,CS,10,6.7,,
115369502,Other Grocery,Smint Peppermint 150 Piece Bottle 105g,CS,8,12.3,,
109749058,"Rice, Pasta & Noodles",M Risotto Rice 500g,CS,8,9.36,,
115709896,Other Grocery,Indus Minced Garlic Paste 210g,CS,6,6.54,,
115074739,Other Grocery,M Tie Handle L Food & Freezer Bags 35pk,CS,16,14.08,,
113627387,Other Grocery,RMS Pavement Chalk 36pk,CS,6,8,,
115506474,Other Grocery,Sistema Klip It Plus Leakproof Food Storage 1l 3pk,CS,4,24.44,,
112277881,Other Grocery,Bar-Be-Quick Instant Lighting Charcoal 3pk,CS,1,5,,
100918038,Other Grocery,Robinsons Double Concentrate NAS Orange 1.75l,CS,6,10,,
115709538,Alcohol,Indus Minced Paste Ginger & Garlic 210g,CS,6,6.54,,
113585041,Other Grocery,Bubblz Bubble Wand,CS,35,13,,
109730883,Other Grocery,Cadbury Fruit & Nut 110g,CS,18,19,,
112386323,Alcohol,Birra Moretti Cans 10x330ml (4.6%),CS,2,17,,
109730867,Other Grocery,Cadbury Dairy Milk Wholenut 120g,CS,16,17,,
112212921,Other Grocery,Zuru Bunch O Balloons 3pk,CS,12,65.76,,
115912940,Other Grocery,KitKat 2 Finger Cookie Dough Flavour 8pk 165.6g,CS,20,23.2,,
115879043,Breakfast Cereals & Muesli,Dorset Muesli Gloriously Nutty 500g,CS,5,13.75,,
114464891,Other Grocery,M Flying Disk,CS,22,8.8,,
115938146,Other Grocery,Pringles Bacon Double Cheese XL Burger King 165g,CS,19,25.6,,
115063036,Other Grocery,Nivea SPF Slimline FSDU Mixed Summer Shipper,CS,5,179.33,,
113449568,"Rice, Pasta & Noodles",Koka Instant Noodles Masala 85g,CS,30,12.9,,
115990075,Alcohol,Stella Artois 4x568ml (4.6%) £7.99 PMP,CS,6,32.46,,
115776301,Other Grocery,Extra Hydro Peppermint 30pc 67g,CS,6,10.86,,
115776335,Other Grocery,Extra Clean Spearmint 7pc 17g,CS,16,7.04,,
115946939,Energy Drinks,Monster Energy 500ml £1.85 PMP,CS,12,11.28,,
115737598,Other Grocery,Lucozade Energy Zero Grafrutti 500ml,CS,12,11.52,,
115947245,Energy Drinks,Monster Mango Loco 500ml £1.85 PMP,CS,12,11.28,,
115776271,Other Grocery,Extra Chill Watermelon 7pc 15.6g,CS,16,7.04,,
115559824,Other Grocery,M Light Up Crawling Octopus Bubble Machine,CS,3,16.92,,
112996391,Other Grocery,Cadbury Dairy Milk Salted Caramel Block 120g,CS,16,22.88,,
115776571,Other Grocery,Extra Clean Spearmint 30pc Bottle 73g,CS,6,10.86,,
115684596,Other Grocery,Tonys Chocolonely Milk Caramel Sea Salt 90g,CS,21,31.71,,
114476082,Other Grocery,RMS Air Poper Set With Potable Practice Target,CS,6,37.14,,
113567530,Other Grocery,Mega Bubbliser Light Up Machine,CS,12,27.72,,
115776212,Other Grocery,Extra Chill Watermelon 30pc Bottle 67g,CS,6,10.86,,
115780043,Other Grocery,Cadbury Bournveille Block 100g,CS,18,19,,
114476023,Other Grocery,RMS Water And Sand Play Set Suitcase,CS,6,26.28,,
115908596,"Tea, Coffee & Sweeteners",Nescafe Mocha Espresso Coffee Concentrate 500ml,CS,6,18,,
115459284,Soft Drinks & Juice,Kenco Dubai Chocolate Style Latte 8x19.5g,CS,5,9.2,,
115946904,Energy Drinks,Monster Pipeline Punch 500ml £1.85 PMP,CS,12,11.28,,
114539653,Other Grocery,M Baseball Set,CS,8,17.12,,
100206794,Other Grocery,Burtons Wagon Wheels 6pk,CS,16,18.08,,
115980539,Alcohol,Carling Black Label 10x440ml (4.7%),CS,1,7.3,,
115947296,Energy Drinks,Monster Ultra 500ml £1.75 PMP,CS,12,10.68,,
115776693,Other Grocery,Extra Hydro Peppermint 7pc 15.6g,CS,16,7.04,,
115805141,Energy Drinks,Red Bull Sudachi Lime 250ml,CS,12,12.38,,
115672624,Other Grocery,Zuru X-Shot Nano Drencher 4pk,CS,6,24.78,,
112913955,Other Grocery,Bubbles Tub 1l,CS,6,4.26,,
111161510,Alcohol,Tetley Lemon & Ginger Tea Bags 20pk,CS,4,7.4,,
116015482,Alcohol,Jacobs Creek Juicy & Smooth Red Wine 750ml (13%),CS,6,32.9,,
110283849,Protein & Functional Drinks,Tetley Vitamin B Blueberry & Raspberry Tea 20pk,CS,4,7.4,,
111161368,"Tea, Coffee & Sweeteners",Tetley Fresh Mint Tea Bags 20pk,CS,4,7.4,,
110156276,"Tea, Coffee & Sweeteners",Tetley Multivit Summer Berry Tea 20pk 40g,CS,4,7.4,,
116015520,Alcohol,Jacobs Creek Fruity White Wine 750ml (12%),CS,6,32.9,,
115966411,Soft Drinks & Juice,Biscolata FSDU,CS,1,0.01,,
113116499,Alcohol,Bens Original Mixed Pepper Microwave Rice 220g,CS,6,6.9,,
115679746,Alcohol,Stella Artois 4x440ml (0%),CS,6,17,,
112856807,Other Grocery,Green & Blacks Organic Cocoa 125g,CS,6,14.1,,
102475015,Soft Drinks & Juice,Coca-Cola Zero Sugar 1.25l,CS,12,21,,
113917392,Alcohol,Modelo 4x355ml (4.5%),CS,6,27,,
115718311,Breakfast Cereals & Muesli,Stoats Salted Caramel Oaty Squares 4x25g,CS,7,7.35,,
115986949,Other Grocery,Extra Plus NPD Gum Mixed Shipper,CS,60,177.8,,
111866237,Alcohol,Bens Original Boil-in-Bag L/Grain Rice 8pk 500g,CS,12,29.4,,
115987415,Other Grocery,P6 Aero Pistashio Wigig Launch Shipper,CS,30,135,,
115765231,Other Grocery,Lindor Pistachio Treatbar 38g,CS,24,18,,
115776600,Other Grocery,Rowntrees Fruit Pastilles Lollies Pouch 130g,CS,9,9.18,,
112897326,Alcohol,Bens Original Wholegrain Rice 220g,CS,6,5.22,,
115145787,Other Grocery,Fruit-tella Juicy Chews 300g,CS,6,8.66,,
115847287,Alcohol,Quaker Oat So Simple Original 12 Sachets 324g,CS,9,17.2,,
115718143,Soft Drinks & Juice,Stoats Chocolate Oaty Squares 4x25g,CS,7,7.35,,
100248361,Soft Drinks & Juice,Diet Coke 1.25l,CS,12,21,,
115776458,Other Grocery,Rowntrees Sour Watermelon Lollies Pouch 130g,CS,9,9.18,,
113116755,Alcohol,Bens Original Roasted Garlic Microwave Rice 220g,CS,6,6.9,,
112609822,Other Grocery,M Ice Cream Cones 35g,CS,22,4.84,,
115804640,Other Grocery,Ladies Black Trainer Socks 5pk,CS,24,30,,
115909812,Other Grocery,Reeses White 2 Cup 39g,CS,24,12,,
115885806,Other Grocery,Tommee Tippee 0-6mth Night Soother 2pk,CS,3,11.49,,
113949191,Other Grocery,Buxton Still Mineral Water Sports Cap 750ml,CS,15,6,,
115956563,Soft Drinks & Juice,Tunnocks Milk Chocolate Wafer Cream 240g,CS,20,32,,
115805829,Alcohol,Rueda Four Lines Verdejo White Wine 75cl (12.5%),CS,6,35.4,,
115885718,Other Grocery,Tommee Tippee Soother Boy 18-36mth 2pk,CS,3,11.49,,
116014076,"Condiments, Sauces & Chutneys",Hartleys Best Apricot Jam 300g,CS,6,9.6,,
116013891,"Condiments, Sauces & Chutneys",Hartleys Best Raspberry Jam 300g,CS,6,9.6,,
116014017,"Condiments, Sauces & Chutneys",Hartleys Best Blackcurrant Jam 300g,CS,6,9.6,,
115031763,Alcohol,WKD Blue 4x275ml (3.4%),CS,6,21.9,,
115987319,Alcohol,Four Loko Hawaii 440ml (8.4%),CS,12,26.52,,
115537220,Alcohol,Bens Original Sticky Rice 220g,CS,6,5.22,,
113116587,Alcohol,Bens Original Pilau Microwave Rice 220g,CS,6,6.9,,
107116556,Soft Drinks & Juice,Aero Purely Chocolate 4 Bars 108g,CS,14,16.3,,
115808051,Alcohol,Buzzballz Berry Cherry Limeade 20cl (13.5%),CS,12,27.6,,
114624276,Other Grocery,Pronamel Kids Age 3-5 Toothpaste 50ml,CS,12,20.52,,
116013920,"Condiments, Sauces & Chutneys",Hartleys Best Strawberry Seedless Jam 300g,CS,6,9.6,,
111820571,Other Grocery,Smarties Tubes 4pk 136g,CS,12,13.92,,
113551466,Alcohol,Cruzcampo 660ml (4.4%),CS,12,19.8,,
112077053,Alcohol,Old Mout Cider Berries & Cherries 10x330ml (4%),CS,1,7.7,,
116013989,"Condiments, Sauces & Chutneys",Hartleys Best Strawberry Jam 300g,CS,6,9.6,,
115455734,Alcohol,Jameson Ginger & Lime 33cl (5%),CS,12,20.88,,
115250077,"Tea, Coffee & Sweeteners",Princes Drained Tuna Steak In Sunflower Oil 3x60g,CS,6,13.2,,
115676318,Other Grocery,Vanish Turbo Pink 470g,CS,6,27.18,,
111162766,Alcohol,Heineken 10x440ml (5%),CS,1,8.6,,
110408613,Other Grocery,Rolo Tubes 4pk 166.4g,CS,12,13.92,,
115250270,"Tea, Coffee & Sweeteners",Princes Drained Tuna Steak In Brine 3x60g,CS,6,13.2,,
115786103,Energy Drinks,Red Bull Sudachi Lime 4x250ml,CS,6,15.88,,
115774049,Sugar & Baking,M Cornflour 500g,CS,8,9.6,,
115981929,Alcohol,Henry Westons British Vintage Cider 750ml (6.2%),CS,6,11.4,,
115295751,Other Grocery,Optimum Nutrition Gold Whey Vanilla Ice Cream 450g,CS,4,60,,
115707137,Laundry & Fabric Care,M Italian Bergamot Laundry Liquid 750ml,CS,6,8.52,,
115745977,Other Grocery,Applied Nutrition Protein Milk Choc & Caramel 62g,CS,12,16.8,,
101738151,Alcohol,Guinness Original 500ml (4.2%),CS,12,19.8,,
115845521,Alcohol,Doritos Cool Original 44g,CS,32,20,,
105062558,Other Grocery,M Bacon Grill 300g,CS,12,21.48,,
116064049,Alcohol,Buzzballz England Pip Pip Punch 20cl (13.5%),CS,12,27.6,,
114031382,Other Grocery,Crazy Candy Factory Mini Jelly Bean Machine 50g,CS,12,8.28,,
112936903,Other Grocery,Rowntrees Safari Mix 115g,CS,10,10,,
112601564,Alcohol,Lilleys Bee Sting Lightly Sparkled 500ml (6.8%),CS,12,18,,
115957267,Alcohol,Echo Falls Blue Raspberry 75cl (9%),CS,6,25.5,,
114114815,Other Grocery,Mentos Pure Fresh Duo Pack Tropical 30g,CS,12,6,,
101723785,Alcohol,Fullers London Pride 500ml (4.7%),CS,8,13.2,,
114114786,Other Grocery,Mentos Pure Fresh Duo Pack Bubblefresh 31g,CS,12,6,,
106801130,Alcohol,Guinness West Indies Porter 500ml (6%),CS,8,13.6,,
113073935,Other Grocery,Canderel Sucralose Jar 75g,CS,6,9.42,,
116089692,Other Grocery,BuzzBallz World Cup Slimline Shipper (England),CS,18,159.6,,
114113388,Other Grocery,Mentos Pure Fresh Duo Pack Cherry 30g,CS,12,6,,
114842652,Soft Drinks & Juice,Deliciously Ella Chocolate Dipped Fruit & Nuts 90g,CS,8,16.8,,
116089684,Other Grocery,BuzzBallz World Cup Slimline Shipper (Non-England),CS,18,159.6,,
109756590,Other Grocery,Aero Bubbly Bar Peppermint 36g,CS,24,14.88,,
114615960,Other Grocery,Tonys Chocolonely Milk Caramel Pecan Crunch 180g,CS,15,37.5,,
107180099,Sugar & Baking,Billingtons Light Brown Soft Sugar 500g,CS,10,14.4,,
115173905,Alcohol,Birrificio Angelo Poretti 4x568ml (5%),CS,6,26.4,,
114735451,"Rice, Pasta & Noodles",Dolmio Classics Fusilli Carbonara Pasta 250g,CS,6,15.12,,
107180216,Sugar & Baking,Billingtons Dark Brown Soft Sugar 500g,CS,10,14.4,,
115684617,Other Grocery,Tonys Chocolonely Milk 90g,CS,21,31.71,,
115415169,Alcohol,Thatchers Vintage Cider 4x440ml (8.3%),CS,6,29.7,,
115707241,Other Grocery,M Ltd Ed Orange Blossom Fabric Softener 1000ml,CS,8,8,,
116021911,Alcohol,Official Scotland Football Team Vodka 70cl (37.5%),CS,6,110.4,,
116064111,Alcohol,Buzzballz World Cup Goaaaaaal-Melon 20cl (13.5%),CS,12,27.6,,
111866211,Alcohol,Bens Original Boil-In-Bag W/grain Rice 4pk 500g,CS,9,22.05,,
100255220,Other Grocery,Haribo Tangfastics,CS,100,10,,
115295814,Other Grocery,Optimum Nutrition Gold Whey Double Rich Choc 465g,CS,4,60,,
111667174,"Condiments, Sauces & Chutneys",M American Mustard 325g,CS,6,7.08,,
112920629,Other Grocery,Finish Lemon & Lime Dual Freshener,CS,10,16.3,,
114443416,Other Grocery,Lenor Gold Orchid Scent Booster 37W 495g,CS,6,31.8,,
100773191,Other Grocery,Nivea Soft Shower Creme 250ml,CS,6,4.5,,
105132667,Alcohol,Harpic Bleach White & Shine Original 750ml,CS,12,8.28,,
111048710,Other Grocery,Elastoplast Fabric Plasters 40pk,CS,10,21.9,,
113177937,Other Grocery,Nestle Go Free Honey Nut Flakes 350g,CS,5,10.5,,
115947616,Soft Drinks & Juice,Batchelors Bigga Marrowfat Peas 300g,CS,12,7.68,,
100796931,Other Grocery,Breathe Right Tan Large 10pk,CS,6,18.78,,
111798342,Other Grocery,M Shepherds Pie Mix 39g,CS,24,9.6,,
114845503,Other Grocery,Iwisa Super Maize 2000g,CS,10,33,,
115776722,Other Grocery,Yorkie Duo Pretzel 66g,CS,24,20.4,,
114234702,Other Grocery,Optimum Nutrition Peanut S/Caramel Protein Bar 68g,CS,10,16.4,,
113781296,Alcohol,Ciroc Summer Citrus Sparkling Vodka 250ml (5%),CS,12,16.8,,
115776159,Other Grocery,Kitkat Cookie Dough Sharing Block 99g,CS,15,12.5,,
115940895,Other Grocery,Nandos Medium Coat & Cook 120g,CS,12,8.3,,
111861698,Alcohol,Bens Original Sauce Chilli Con Carne Medium 450g,CS,6,9,,
115997306,Other Grocery,Maoam Stripes Football Fun Edition Sweets 140g,CS,14,9.6,,
116100513,Other Grocery,Tango Ice Blast RS Cherry Syrup 10l,CS,1,128.83,,
116038431,Other Grocery,Mars Duo Mixed Shipper,CS,48,148.43,,
115855800,Soft Drinks & Juice,Applied Nutrition Abe Workout Shot CherryCola 60ml,CS,24,25.92,,
116100548,Other Grocery,Tango Ice Blast RS Blue Raspberry Syrup 10l,CS,1,128.83,,
115701624,Other Grocery,Slush Puppie Blue Raspberry Zero Glycerol 2x5l,CS,2,112.5,,
108951561,Other Grocery,Schwartz Chicken Seasoning Paprika & Onion 50g,CS,6,6.6,,
100502649,Other Grocery,Schwartz Oregano 7g,CS,6,6.6,,
109961286,Other Grocery,Schwartz Cinnamon Ground 39g,CS,6,6.6,,
109961403,Other Grocery,Schwartz Tumeric Ground 37g,CS,6,6.6,,
102507718,Other Grocery,Schwartz Smoked Paprika 40g,CS,6,6.6,,
100503836,Other Grocery,Schwartz Parsley Jar 3g,CS,6,6.6,,
115701667,Other Grocery,Slush Puppie Strawberry Zero Glycerol 2x5l,CS,2,112.5,,
109961251,Other Grocery,Schwartz Garlic Granules 50g,CS,6,6.6,,
100502729,Other Grocery,Schwartz Crushed Chillies Jar 29g,CS,6,6.6,,
109961420,Other Grocery,Schwartz Paprika 40g,CS,6,6.6,,
100502585,Other Grocery,Schwartz Basil Jar 10g,CS,6,6.6,,
100502876,Other Grocery,Schwartz Cajun Seasoning 44g,CS,6,6.6,,
109966124,Other Grocery,Schwarts Mixed Herbs 11g,CS,6,6.6,,
115201945,Other Grocery,Sunglasses 1pk,CS,12,13.08,,
115955149,Other Grocery,Walkers Max Portuguese Chorizo & Onion 140g,CS,9,9.55,,
112540634,"Condiments, Sauces & Chutneys",Dolmio Stir In Tomato & Basil Pasta Sauce 150g,CS,7,11.55,,
113850634,Other Grocery,M Classic Instant Cappucino Sachets 8x14g,CS,10,8,,
113966178,Other Grocery,Dettol Floor Wipes Lemon & Lime XL Wipes 25pk,CS,6,12.6,,
116048954,Other Grocery,Batchelors Garden Peas In Water 300g,CS,12,5.4,,
115933767,Laundry & Fabric Care,Fairy Outdoorable Fabric Conditioner 60W 840ml,CS,8,26.72,,
115699042,Other Grocery,M Small Zip Seal Food And Freezer Bags 25pk,CS,15,12.75,,
113986970,Other Grocery,Home Connection Plastic Clothes Pegs 20pk,CS,24,14.4,,
100475151,"Condiments, Sauces & Chutneys",Hellmanns Light Mayonnaise Squeezy 750ml,CS,6,14.5,,
114827399,Soft Drinks & Juice,Cadbury Caramel Chocolate 120g,CS,16,17.92,,
115957515,Alcohol,Strongbow Original Cider 10x440ml (4.5%),CS,1,7.5,,
115922902,Other Grocery,Twix Hazelnut 46g,CS,30,18.62,,
113842845,Other Grocery,M Classic Instant Latte Sachets 8x14g,CS,10,8,,
115699077,Other Grocery,M Medium Zip Seal Food And Freezer Bags 20pk,CS,24,20.4,,
113254349,Other Grocery,Pantene Max Volume Hair Spray 250ml,CS,6,13.68,,
107806266,"Rice, Pasta & Noodles",Tiger Tiger Udon Noodles 400g,CS,10,10.9,,
112646121,Other Grocery,Scholl Blister Plasters Mixed,CS,6,15,,
112573014,Household Paper & Disposables,Elegance Feather Soft Toilet Tissue 4pk,CS,12,11.04,,
105132801,Household Cleaning,Harpic Bleach White & Shine Citrus 750ml,CS,12,8.28,,
115955350,Other Grocery,Doritos Sizzling Beef Taco 180g,CS,12,15.2,,
110659121,Other Grocery,Bar-Be-Quick Instant Light Lumpwood Charcoal 2pk,CS,1,3,,
116037809,Snacks & Crisps,Walkers Wavy Spanish Queso Crisps 150g,CS,9,9.55,,
111339883,Other Grocery,M Bubble Wrap Roll 5Mx30cm Approx,CS,6,4.98,,
100521225,Other Grocery,Pedigree Can Chicken In Jelly 385g,CS,12,7.2,,
116037770,Snacks & Crisps,Walkers English Bangers & Mash Crisps 150g,CS,6,6.35,,
108989720,Cleaning Tools & Accessories,Gorilla Super Glue Brush & Nozzle 12g,CS,6,25.02,,
115993920,Alcohol,Madri Can 4x440ml (0%),CS,6,19.2,,
115319564,Soft Drinks & Juice,M Best Sicilian Lemon Sparkling Drink 4x330ml,CS,6,13.92,,
116008688,Alcohol,Buzzballz Cran Blaster 20cl (13.5%),CS,12,27.6,,
114582483,Alcohol,Laurent Delaunay Chablis 75cl (12.5%),CS,6,66.6,,
115892061,Alcohol,Dragon Soop Blue R/berry 500ml (7.5%) £3.69 PMP,CS,8,19.6,,
115601578,"Rice, Pasta & Noodles",Kolee Go Noodles Chicken Special 85g,CS,24,11.52,,
115709351,Other Grocery,Indus Vermicelli 150g,CS,12,5.28,,
112185871,"Condiments, Sauces & Chutneys",Indus Peri Peri Hot & Spicy Sauce 422g,CS,6,6.42,,
115709597,Other Grocery,Indus Garlic & Coriander Seasoning 100g,CS,10,7.9,,
114430931,Other Grocery,Webbox Assorted Balls Pet Toy 4pk,CS,12,15,,
115772182,"Tea, Coffee & Sweeteners",Walkers Max Steak 50g,CS,24,12.48,,
115957671,Alcohol,Scrumpy Jack Cider 4x500ml (6%),CS,6,27.9,,
115771921,Other Grocery,Walkers Max Paprika 50g,CS,24,12.48,,
115854250,Other Grocery,McCowans Daintie Toffee 110g,CS,12,7.08,,
115772131,Other Grocery,Walkers Max Paprika HFSS 140g,CS,12,17.16,,
112424203,"Condiments, Sauces & Chutneys",Heinz Garlic Sauce 400ml,CS,10,29,,
101729001,Alcohol,Echo Falls Red 75cl (12.5%),CS,6,27.6,,
300001680,"Condiments, Sauces & Chutneys",Lea & Perrins Worcester Sauce 150ml,CS,6,11.7,,
107121793,Alcohol,M Best New Zealand Sauvignon Blanc 75cl (12.5%),CS,6,36,,
115912595,Other Grocery,Askeys Classic Cones 21pk,CS,8,9.5,,
115701991,Other Grocery,Axolotl Capy Furry Notebook,CS,6,12.48,,
113309215,Snacks & Crisps,Cofresh Caramel Peanuts Sesame 80g,CS,24,13.92,,
115714960,Other Grocery,Igloo Books Fairy Sticker Dress-Up,CS,20,19,,
115714311,Other Grocery,BIC Kids Colouring Crayons 12pk,CS,12,17.04,,
115722468,Other Grocery,Tallon 24 Giant Pavement Chalks,CS,12,24.96,,
115715081,Other Grocery,Igloo Books Sticker Activity Magical Unicorns,CS,20,17,,
115978324,Other Grocery,Bounty Trio 85g,CS,21,16.71,,
115714935,Other Grocery,Igloo Books Colour Your Own Stickers: Football,CS,20,37,,
116108726,Other Grocery,P7 Kitkat Cookie Dough Launch Block Shipper,CS,30,100,,
115958147,Other Grocery,Schwartz GNFR 6Lane Push Feed Merchandising,CS,1,0.01,,
115715268,Other Grocery,Igloo Books Marvel Spider-Man Sticker Scenes,CS,20,32,,
115722337,Cleaning Tools & Accessories,Tallon Kids Creative Brush Set,CS,12,9.96,,
115993882,Alcohol,Au Vodka X Tango Apple 330ml (5%),CS,12,18.5,,
115969997,Alcohol,Bacardi Spiced & Coca Cola 250ml (5%),CS,12,18,,
115922806,Other Grocery,Twix Hazelnut Xtra 75g,CS,24,19.09,,
115993954,Alcohol,Au Vodka X Tango Orange 330ml (5%),CS,12,18.5,,
116074520,Alcohol,Victoria Malaga Lager 660ml (4.4%),CS,12,20.88,,
101734492,Alcohol,Croft Original Pale Cream Sherry 1l (17.5%),CS,6,72,,
116020564,Alcohol,Wkd Cheeky V Cocktail 330ml (6.5%),CS,12,20.88,,
115734434,Soft Drinks & Juice,Juice Burst Raspberry Lemonade 500ml,CS,12,12.48,,
115595420,Alcohol,Madri Excepcional 4x568ml (4.6%),CS,6,31.75,,
111726120,Other Grocery,Kelloggs Fruit Winders Rolls Strawberry 5pk 17g,CS,10,15.5,,
115956184,Other Grocery,McVities Hobnobs Oaty Crunch Creams Choc 100g,CS,18,7.2,,
115820279,Household Paper & Disposables,M Fresh Moist Toilet Tissue 60pk,CS,12,6.72,,
115868141,Alcohol,Cruzcampo Sevilla Orange Lager Beer 4x440ml (3.3%),CS,6,21.6,,
115964504,Alcohol,Aperol Spirtz Rtd Can (5%),CS,12,26.4,,
116020652,Alcohol,Wkd Venom Cocktail 330ml (6.5%),CS,12,20.88,,
115956387,Other Grocery,McVities Hobnobs Oaty Crunch Creams Milk 100g,CS,18,7.2,,
113652030,Other Grocery,Head & Shoulders Ultra Total Care 2 In 1 330ml,CS,6,13,,
104587045,Other Grocery,Knorr Rich Beef Stock Pot 4pk 112g,CS,8,13.12,,
114957951,Other Grocery,Tic Tac Two Strawberry Lime 38.5g,CS,24,26.16,,
113777369,Other Grocery,Bazooka Mix Upz Share Bag 140g,CS,12,7.5,,
114068265,Alcohol,Glenmorangie The Original 12 Year Old 70cl (40%),CS,6,174,,
113710949,Laundry & Fabric Care,Persil Colour Laundry Liquid 35x945ml,CS,6,31.5,,
115317155,Other Grocery,Liquid IV Hydration Lemon Lime 3pk,CS,12,30,,
115989584,Alcohol,Pringles Original 165g,CS,19,25.6,,
115747024,Other Grocery,Lynx Body Spray Number 10 Supreme 150ml,CS,6,11,,
112922245,Other Grocery,Sure Anti-Perspirant Freesia & Waterlily 250ml,CS,6,11.4,,
116070895,Alcohol,Tonino Lamborghini Original Energy 500ml 12pk,CS,12,10.23,,
115988354,"Condiments, Sauces & Chutneys",Hellmanns Garlic Mayonnaise 430ml,CS,8,20.8,,
112035064,Other Grocery,Flash Spray Wipe Anti-Bac Spray Wild Berries 800ml,CS,10,18,,
115669855,Other Grocery,Mr Squeezy Pop 40g,CS,18,10.98,,
114869863,"Condiments, Sauces & Chutneys",Batchelors PastaNSauce Tomato & Basil Pouch 200g,CS,6,9.9,,
110753089,Other Grocery,Glade Solid Air Freshener Pure Clean Linen 150g,CS,8,7.44,,
115820375,Household Paper & Disposables,M Fragrance Free Sensitive Toilet Tissue 60pk,CS,12,6.72,,
100490561,Other Grocery,Heinz Cream of Tomato Soup 4x400g,CS,6,22.8,,
115670291,Other Grocery,Lenor Fabric Contioner Summer Breeze 29x899ml,CS,12,19,,
115988055,"Condiments, Sauces & Chutneys",Hellmanns Creamy Ranch Mayonnaise 430ml,CS,8,14.5,,
116099276,Other Grocery,Jongga Kimchi 80g,CS,8,7.68,,
115973662,Alcohol,Ariel Original Laundry Powder 44W 2200ml,CS,5,40,,
115727592,Household Cleaning,Cif Infinite AntiBac Cleaner Apple & Jasmine 280ml,CS,6,11,,
112697551,Other Grocery,Always Ultra Sanitary Towels Long With Wings 20pk,CS,6,14.7,,
115750725,Other Grocery,Dove Men Body Wash Active Comfort 400ml,CS,6,10.6,,
100533808,Household Cleaning,Domestos Citrus Bleach 750ml,CS,9,8,,
115746822,Other Grocery,Dove For Men Anti-Perspirant Active Comfort 200ml,CS,6,14,,
115946875,Other Grocery,M Best Caesar Dressing 255ml,CS,6,9.42,,
116070836,Alcohol,Tonino Lamborghini Original SF Energy 500ml 12pk,CS,12,12.6,,
114790661,Other Grocery,Cif Infinite Clean Lime & Lemongrass Spray 280ml,CS,6,11,,
115775691,Other Grocery,BIC Highlighter Neon Tank 4pk,CS,10,18.4,,
115747729,Other Grocery,Sure For Men Anti-Perspirant Cobalt Dry 250ml,CS,6,11.4,,
113045248,Other Grocery,Spontex Latex Free Disposable Gloves 20pk,CS,5,6.5,,
115747374,Other Grocery,Lynx Shower Gel Number 10 FIFA 225ml,CS,6,6.35,,
115959570,Other Grocery,Cadbury Dairy Milk Strawberry & Creme Frappe 115g,CS,17,18,,
110064347,Other Grocery,Juicy Drop Pop Candy 26g,CS,12,11.16,,
115252030,Alcohol,Hawkstone Cider 500ml (5%),CS,12,20.88,,
109307209,"Condiments, Sauces & Chutneys",Jammie Dodgers Minis 6 Snack Packs 120g,CS,8,8,,
109176368,Other Grocery,Rocky Mountain Mega Marshmallow 340g,CS,6,9.36,,
115348269,Other Grocery,Aqua Pura Still Water 12x500ml,CS,1,1.72,,
108820633,Other Grocery,M Mackerel in Water 125g,CS,10,12,,
114871883,"Condiments, Sauces & Chutneys",Batchelors PastaNsauce Cheesy 200g,CS,6,9.9,,
112985553,Other Grocery,Kelloggs Coco Pops Chocos 430g,CS,5,12,,
114871921,"Condiments, Sauces & Chutneys",Batchelors PastaNsauce Mushroom & Garlic 200g,CS,6,9.9,,
115705502,Household Cleaning,M Ltd Mandarin & Orange All Purpose Cleaner 1000ml,CS,8,8.24,,
111195517,Other Grocery,M Puppy Food Meat Chunks in Jelly 6x400g,CS,4,13,,
115956408,Other Grocery,Go Ahead Apple Fruit & Oat Bakes 6 x 25g,CS,6,9.78,,
112999891,Other Grocery,Walkers Meaty Variety 20x25g,CS,1,3.5,,
113928462,Other Grocery,Zoflora Midnight Blooms Disinfectant 120ml,CS,6,7.2,,
110484894,Soft Drinks & Juice,Pepsi Max Cherry 1.25l,CS,12,8.5,,
116064073,Alcohol,Southern Comfort & Lemonade 25cl (5%),CS,12,14.28,,
115776010,Snacks & Crisps,Jacobs Cheeselets Cheese & Onion Snacks 150g,CS,10,12,,
113722798,Other Grocery,Banana Boat Aloe Vera Gel 230g,CS,6,16.98,,
111294267,Other Grocery,Webbox Chicken Chub Roll 720g,CS,15,10.05,,
116180120,Alcohol,Glens Vodka £9.99 (37.5%) PMP,CS,24,159.84,,
115957734,Other Grocery,Bloo Self Active Flowers 50g,CS,6,7.02,,
113166040,"Condiments, Sauces & Chutneys",M Raspberry Jam 420g,CS,6,7.2,,
115923690,Other Grocery,Haribo Harry Potter Sweets Hermione 140g,CS,14,11.48,,
113190710,Other Grocery,Keep It Handy Wood Toothpicks 4x100pk (Clipstrip),CS,12,9.6,,
115897621,Other Grocery,Costa Iced Sachets Hazelnut Creme 5 Sachets 72.5g,CS,5,7.3,,
114872528,"Condiments, Sauces & Chutneys",Batchelors PastaNsauce Carbonara 200g,CS,6,9.9,,
115923876,Other Grocery,Haribo Harry Potter Sweets Draco 140g,CS,14,11.48,,
115067918,Alcohol,Cruzcampo 4x568ml (4.4%),CS,6,31.8,,
114624479,"Condiments, Sauces & Chutneys",Lee Kum Kee Sweet & Sour Stir Fry Sauce 80g,CS,12,7.92,,
113190357,Other Grocery,Everlights Refillable Elec Lighter (Clipstrip),CS,12,9,,
115979749,Other Grocery,Haribo Rhubarb & Custard Rolls 140g,CS,20,16.4,,
115923411,Other Grocery,Haribo Harry Potter Sweets Harry 140g,CS,14,11.48,,
112737744,Other Grocery,Navigator Home Pack A4 80Gsm 250 Sheets,CS,10,20,,
116089991,Other Grocery,Maoam Football Mixx 350g,CS,12,23.24,,
111181043,Other Grocery,M Chicken & Veg Puppy Food 2.5kg,CS,4,13,,
115983887,Energy Drinks,Monster Ultra Variety 9x500ml,CS,1,7,,
106358983,"Rice, Pasta & Noodles",M Mexican Micro Rice 250g,CS,6,4.02,,
